n_shots,level,category,file_name,original_code,generated_code
0,1,A,かえるの歌.rdr,"「ド4レミファ　ミレド2
ミ4ファソラ　ソファミ2
ド4休ド休　　ド休ド休
ド8ドレレ　　ミミファファ
ミ4レド2」を演奏する","以下のコードに「---」を入れて、空欄化しました。

「---レミファ　---レド2
---ファソラ　---ファミ2
---休---　　---休---
---8---　　---ファファ
---レド2」"
0,1,A,コッホ.rdr,"ーー コッホを描く ーー

窓というウィンドウを作る
	その内容は「コッホを描く」
窓を表示する
ピクチャー１というピクチャーを窓に作る
	その位置と大きさは｛0,0,300,300｝

かめさんというカメを作る
かめさんを窓のピクチャー１に表示する

次数は4
長さは2
かめさんの位置は{150，180}
かめさんの向きは0
３回、数に１からカウントして繰り返す
	（次数）回、長さで、コッホを描く
	かめさんを左へ１２０度回転させる
そして

待機する

【次数】回、【長さ】で、コッホを、描く手順
	次数が０なら
		かめさんを前へ長さだけ進める
	他なら
		次数－１回、長さで、コッホを描く
		かめさんを右へ６０度回転させる
		次数－１回、長さで、コッホを描く
		かめさんを左へ１２０度回転させる
		次数－１回、長さで、コッホを描く
		かめさんを右へ６０度回転させる
		次数－１回、長さで、コッホを描く
	そして
終わり","以下の要素を「---」に置換しました。

コード:
ーー コッホを描く ーー

窓というウィンドウを作る
	その内容は「コッホを描く」
窓を表示する
ピクチャー１というピクチャーを窓に作る
	その位置と大きさは｛0,0,300,300｝

かめさんというカメを作る
かめさんを窓のピクチャー１に表示する

次数は--- 
長さは---
かめさんの位置は{150，180}
かめさんの向きは0
３回、数に１からカウントして繰り返す
	（次数）回、長さで、コッホを描く
	かめさんを左へ１２０度回転させる

【次数】回、【長さ】で、コッホを、描く手順
	次数が０なら
		かめさんを前へ---だけ進める
	他なら
		次数－１回、長さで、コッホを描く
		かめさんを右へ６０度回転させる
		次数－１回、長さで、コッホを描く
		かめさんを左へ１２０度回転させる
		次数－１回、長さで、コッホを描く
		かめさんを右へ６０度回転させる
		次数－１回、長さで、コッホを描く
	そして
終わり"
0,1,A,テキスト検索.rdr,"// テキスト検索 //
//フォルダ内のテキストファイルからキーワード検索するプログラム
メイン画面を表示する
待機する

メイン画面とは
ウィンドウを継承する

はじめ手順
	初期化する
	この決定ボタンは、検索ボタン
	フォルダ場所欄の内容は、プログラムのフォルダ
終わり

初期化する手順
//この手順は自動生成されたものです
//編集しないでください
	この内容は「テキスト検索」
	このドラッグドロップは○
	この位置と大きさは｛15，15，506，345｝
	この内部領域大きさは｛498，311｝
	参照ボタンというボタンを作る
		その内容は「...」
		その移動順は7
		その位置と大きさは｛432，15，23，23｝
		その位置固定方向は「右＋上」
	フォルダ場所欄というテキストを作る
		その移動順は6
		その位置と大きさは｛107，19，319，19｝
		その位置固定方向は「右＋左＋上」
	ラベル2というラベルを作る
		その内容は「フォルダの場所(&F)」
		その移動順は5
		その位置と大きさは｛12，22，89，12｝
	リストビュー1というリストビューを作る
		その移動順は4
		その位置と大きさは｛12，91，474，189｝
		そのフォントサイズは11
		その位置固定方向は「右＋左＋下＋上」
		その表示方法は「詳細」
		その全列選択は○
		その見出し一覧は｛「ファイル名」，「場所」，「文字位置」｝
		その見出し幅は｛174，117，106｝
		そのタイルサイズは｛0，0｝
	検索ボタンというボタンを作る
		その内容は「検索」
		その移動順は3
		その位置と大きさは｛380，50，75，23｝
		その位置固定方向は「右＋上」
	キーワード欄というテキストを作る
		その移動順は2
		その位置と大きさは｛73，52，301，19｝
		その位置固定方向は「右＋左＋上」
	ラベル1というラベルを作る
		その内容は「キーワード」
		その移動順は1
		その位置と大きさは｛14，55，53，12｝
	ステータスバー1というステータスバーを作る
		その内容は「ステータスバー1」
		その移動順は8
		その位置と大きさは｛0，289，498，22｝
		状態ラベルという状況ラベル部品をステータスバー1へ作る
			その文字配置は「左」
			その引き伸ばしは○
	この設計スケール比率は｛96,96｝
終わり

検索ボタンがクリックされた時の手順
	対象フォルダは、フォルダ場所欄の内容
	キーワードは、キーワード欄の内容

	検索ボタンの使用可能は×
	状態ラベルの内容は「検索中...」
	0秒待つ
	一覧は、対象フォルダのファイルの全一覧
	リストビュー1を更新開始する
	リストビュー1をすべて消す
	一覧のすべてのファイル名についてそれぞれ繰り返す
		ファイル名の拡張子だけが「exe」なら、繰り返しを続ける
		【内容】は（対象フォルダのフォルダだけ）＆ファイル名から読み込んだもの
		内容が無なら、繰り返しを続ける
		文字位置は、内容:キーワードを探したもの
		文字位置が0でないなら
			項目は、ファイル名のファイル名だけをリストビュー1に加えたもの
			項目の詳細は｛ファイル名のフォルダだけ、文字位置、（対象フォルダのフォルダだけ）＆ファイル名｝
		そして
	そして
	リストビュー1を更新終了する
	検索ボタンの使用可能は○
	リストビュー1の個数が0なら
		状態ラベルの内容は「見つかりません」
	でなければ
		状態ラベルの内容は「[リストビュー1の個数]件、見つかりました」
	そして
終わり

参照ボタンがクリックされた時の手順
	フォルダ選択画面のフォルダ名は、フォルダ場所欄の内容
	フォルダ選択画面を表示する
	フォルダ選択画面のキャンセルなら抜け出す
	フォルダ場所欄の内容は、フォルダ選択画面のフォルダ名
終わり


リストビュー1がダブルクリックされた時の手順
	配列は、リストビュー１の選択項目の詳細
	ファイル名は、配列（4）
	「explorer」を「/select,""［ファイル名］""」として起動する
終わり

終わり

プレビュー画面とは
ウィンドウを継承する

はじめ手順
	初期化する
終わり

初期化する手順
//この手順は自動生成されたものです
//編集しないでください
	この内容は「プレビュー画面」
	このドラッグドロップは○
	この位置と大きさは｛15，15，300，300｝
文章テキスト1という文章テキストを作る
	その位置と大きさは｛0，0，292，266｝
	その文字サイズは14
	そのドッキング方向は「全体」
終わり

[自分]で、[ファイル名]を、開く手順
	【内容】は（ファイル名から読み込んだもの）
	内容は、内容で（13のキャラクタ）を改行へ置き換えたもの
	文章テキスト1の内容は、内容
終わり

終わり","以下の要素を「---」に置換しました。

1. 値: 数値、文字列の中身
2. 演算子: ＝ ＋ － × ÷ など"
0,1,A,バイナリファイル.rdr,"ーーバイナリファイルの読み込みと書き込み
ファイル名は「［デスクトップ］データ.bin」

ーーバイナリ操作でファイルを作成する
書き込みデータというバイナリファイルを作る
書き込みデータにファイル名を書き込み専用で開く
書き込みデータへ65を書き込む
書き込みデータへ｛66,66,68｝を一括で書き込む
書き込みデータを閉じる

ーーバイナリ操作でファイルを読み込む
読み込みファイルというバイナリファイルを作る
読み込みファイルへファイル名を読み取り専用で開く
（読み込みファイルから読み取ったもの）を表示する
読み込みファイルを閉じる","以下のコードに「---」を置換しました。

ーーバイナリファイルの読み込みと書き込み
ファイル名は「---データ.bin」

ーーバイナリ操作でファイルを作成する
書き込みデータというバイナリファイルを作る
書き込みデータにファイル名を書き込み専用で開く
書き込みデータへ---を書き込む
書き込みデータへ｛---,---,---｝を一括で書き込む
書き込みデータを閉じる

ーーバイナリ操作でファイルを読み込む
読み込みファイルというバイナリファイルを作る
読み込みファイルへファイル名を読み取り専用で開く
（---）を表示する
読み込みファイルを閉じる"
0,1,A,マウスイベント手順.rdr,"// マウスイベントの例 //
メイン画面を表示する
色番号は0
待機する

メイン画面とは

ウィンドウを継承する
	はじめ手順
		初期化する
		明るさは0
	終わり

	初期化する手順
	//この手順は自動生成されたものです
	//編集しないでください
	この内容は「マウスイベント手順」
	このドラッグドロップは○
	この内部領域大きさは｛300，300｝
ピクチャー1というピクチャーを作る
	その位置と大きさは｛123，88，39，37｝
	その背景色は「Red」
	この設計スケール比率は｛96,96｝
終わり

マウスカーソルが移動した時の手順
	ピクチャー1の横は、イベントの横座標-(ピクチャー1の幅÷2)
	ピクチャー1の縦は、イベントの縦座標-(ピクチャー1の高さ÷2)
終わり
マウスのホイールが移動した時の手順
	明るさにイベントのホイール移動量÷6を足す
	明るさが255以上なら、明るさは255
	明るさが0以下なら、明るさは0
	ピクチャー1の背景色は、RGB（｛255,明るさ,明るさ｝）
終わり
ピクチャー1がマウスのボタンが押された時の手順
	イベントのボタンが「左ボタン」なら
		ピクチャー1の背景色は「青」
	他でイベントのボタンが「右ボタン」なら
		ピクチャー1の背景色は「緑」
	そして
終わり
終わり","以下の要素を「---」に置換しました。

コード:
// マウスイベントの例 //
メイン画面を表示する
色番号は0
待機する

メイン画面とは

ウィンドウを継承する
	はじめ手順
		初期化する
		明るさは--- 
	終わり

	初期化する手順
	//この手順は自動生成されたものです
	//編集しないでください
	この内容は「マウスイベント手順」
	このドラッグドロップは○
	この内部領域大きさは｛300，300｝
ピクチャー1というピクチャーを作る
	その位置と大きさは｛123，88，39，37｝
	その背景色は「---」
	この設計スケール比率は｛96,96｝
終わり

マウスカーソルが移動した時の手順
	ピクチャー1の横は、イベントの横座標-(ピクチャー1の幅÷2)
	ピクチャー1の縦は、イベントの縦座標-(ピクチャー1の高さ÷2)
終わり
マウスのホイールが移動した時の手順
	明るさにイベントのホイール移動量÷6を足す
	明るさが---以上なら、明るさは255
	明るさが---以下なら、明るさは0
	ピクチャー1の背景色は、RGB（｛255，---，---｝）
終わり
ピクチャー1がマウスのボタンが押された時の手順
	イベントのボタンが「左ボタン」なら
		ピクチャー1の背景色は「---」
	他でイベントのボタンが「右ボタン」なら
		ピクチャー1の背景色は「---」
	そして
終わり
終わり"
0,1,A,マクロの実行.rdr,"ーー// エクセルのマクロ実行 //
ーーワークブックに作成されたマクロを実行します
ーーあらかじめVisual Basic Editorなどでワークブックに
ーーマクロを作成する必要があります。

エクセルを起動する
エクセルで「マクロ.xlsm」を開く
対象ブックは、エクセルの選択ブック

ーーマクロを実行させます
対象ブックにある「TestMacro1」をマクロ実行する

ーー引数のマクロを実行させます
対象ブックにある「TestMacro2」を｛「こんにちは!」｝で、マクロ実行する

対象ブックを閉じる
エクセルのワークブック一覧の個数が0なら、エクセルを終了する","以下のコードに、要素を「---」に置換しました。

ーー// エクセルのマクロ実行 //
---// エクセルのマクロ実行 //
---ワークブックに作成されたマクロを実行します
---あらかじめVisual Basic Editorなどでワークブックに
---ーマクロを作成する必要があります。

エクセルを起動する
エクセルで「---」を開く
対象ブックは、エクセルの選択ブック

---を実行させます
対象ブックにある「---」を---で、マクロ実行する

対象ブックを閉じる
エクセルのワークブック一覧の個数が0なら、エクセルを終了する"
0,1,A,入力値検証.rdr,"// 入力値の検証(バリデーション) //
登録画面を表示する
待機する

登録画面とは
	ウィンドウを継承する

	はじめの手順
		初期化する
	終わり

	初期化する手順
ーー//この手順は自動生成されたものです
ーー//編集しないでください
	この内部領域大きさを｛284、240｝に変える
	この種類を「固定」に変える
	この最大化ボタンを×に変える
	この最小化ボタンを×に変える
	この初期位置を「中央」に変える
	この内容を「登録画面 (値検証のテスト)」に変える
	このドラッグドロップを○に変える
	ラベル4というラベルを作る
		その内容を「名前(ふりがな)」に変える
		その移動順を6に変える
		その位置と大きさを｛24、140、75、12｝に変える
	""ふりがな欄""というテキストを作る
		その内容を「ぷろでる」に変える
		その移動順を7に変える
		その位置と大きさを｛113、137、150、19｝に変える
	ラベル3というラベルを作る
		その内容を「郵便番号(&P)」に変える
		その移動順を4に変える
		その位置と大きさを｛24、105、68、12｝に変える
	""郵便番号欄""というテキストを作る
		その内容を「123-1234」に変える
		その移動順を5に変える
		その位置と大きさを｛113、102、150、19｝に変える
	キャンセルボタンというボタンを作る
		その内容を「キャンセル」に変える
		その移動順を9に変える
		その位置と大きさを｛188、198、75、23｝に変える
	OKボタンというボタンを作る
		その内容を「OK」に変える
		その移動順を8に変える
		その位置と大きさを｛100、198、75、23｝に変える
	ラベル2というラベルを作る
		その内容を「電話番号(&T)」に変える
		その移動順を2に変える
		その位置と大きさを｛24、67、68、12｝に変える
	ラベル1というラベルを作る
		その内容を「メールアドレス(&E)」に変える
		その移動順を3に変える
		その位置と大きさを｛24、33、84、12｝に変える
	""電話番号欄""というテキストを作る
		その内容を「03-1234-1234」に変える
		その移動順を3に変える
		その位置と大きさを｛113、64、150、19｝に変える
	メールアドレス欄というテキストを作る
		その内容を「a@abc.ne.jp」に変える
		その移動順を1に変える
		その位置と大きさを｛113、30、150、19｝に変える
	この決定ボタンをOKボタンに変える
	この取消ボタンをキャンセルボタンに変える
	この設計スケール比率を｛96,96｝に変える
終わり

	メールアドレス欄が検証する時の手順
		メールアドレス欄の内容の文字数が0なら、抜け出す
		正規表現によってメールアドレス欄の内容が「.+@.+\.」に合致しなければ
			メールアドレス欄へ「メールアドレスが不適切です」を指摘させる
			イベントのキャンセルは、○
		そして
	終わり
	メールアドレス欄が検証された時の手順
		メールアドレス欄へ無を指摘させる
	終わり
	電話番号欄が検証する時の手順
		電話番号欄の内容の文字数が0なら、抜け出す
		正規表現によって電話番号欄の内容が「\d+\-\d+\-\d+」に合致しなければ
			電話番号欄へ「電話番号が不適切です」を指摘させる
			イベントのキャンセルは、○
		そして
	終わり
	電話番号欄が検証された時の手順
		電話番号欄へ無を指摘させる
	終わり
	郵便番号欄が検証する時の手順
		郵便番号欄の内容の文字数が0なら、抜け出す
		正規表現によって郵便番号欄の内容が「\d{3}-\d{4}」に合致しなければ
			郵便番号欄へ「郵便番号が不適切です」を指摘させる
			イベントのキャンセルは、○
		そして
	終わり
	郵便番号欄が検証された時の手順
		郵便番号欄へ無を指摘させる
	終わり
	ふりがな欄が検証する時の手順
		ふりがな欄の内容の文字数が0なら、抜け出す
		正規表現によってふりがな欄の内容が「^[[]あ-を[]]+$」に合致しなければ
			ふりがな欄へ「ふりがなが不適切です」を指摘させる
			イベントのキャンセルは、○
		そして
	終わり
	ふりがな欄が検証された時の手順
		ふりがな欄へ無を指摘させる
	終わり
	
	OKボタンがクリックされた時の手順
		閉じる
	終わり

	キャンセルボタンがクリックされた時の手順
		閉じる
	終わり

終わり","以下の要素を「---」に置換しました。

コード:
// 入力値の検証(バリデーション) //
登録画面を表示する
待機する

登録画面とは
	ウィンドウを継承する

	はじめの手順
		初期化する
	終わり

	初期化する手順
ーー//この手順は自動生成されたものです
ーー//編集しないでください
	この内部領域大きさを｛284、240｝に変える
	この種類を「固定」に変える
	この最大化ボタンを×に変える
	この最小化ボタンを×に変える
	この初期位置を「中央」に変える
この内容を「登録画面 (値検証のテスト)」に変える
このドラッグドロップを○に変える
ラベル4というラベルを作る
	その内容を「名前(ふりがな)」に変える
	その移動順を6に変える
	その位置と大きさを｛24、140、75、12｝に変える
""ふりがな欄""というテキストを作る
	その内容を「ぷろでる」に変える
	その移動順を7に変える
	その位置と大きさを｛113、137、150、19｝に変える
ラベル3というラベルを作る
	その内容を「郵便番号(&P)」に変える
	その移動順を4に変える
	その位置と大きさを｛24、105、68、12｝に変える
""郵便番号欄""というテキストを作る
	その内容を「123-1234」に変える
	その移動順を5に変える
	その位置と大きさを｛113、102、150、19｝に変える
キャンセルボタンというボタンを作る
	その内容を「キャンセル」に変える
	その移動順を9に変える
	その位置と大きさを｛188、198、75、23｝に変える
OKボタンというボタンを作る
	その内容を「OK」に変える"
0,1,A,枝を利用した模様.rdr,"ーー 枝を利用した模様 ーー
窓というウィンドウを作る
窓の内容は「枝を利用した模様」
窓の背景色は、白

かめさんというカメを作る
かめさんを窓に表示する
かめさんの位置は｛140,130｝

４回、繰り返す
	かめさんが１８０だけ７回３００度、枝
	かめさんを９０だけ右へ回転させる
そして

窓を表示する
待機する","以下が空欄化したコードです。

コード:
ーー 枝を利用した模様 ーー
窓というウィンドウを作る
窓の内容は「---」
窓の背景色は、白

かめさんというカメを作る
かめさんを窓に表示する
かめさんの位置は｛---,---｝

４回、繰り返す
	かめさんが１８０だけ７回---、枝
	かめさんを９０だけ右へ回転させる
そして

窓を表示する
待機する"
0,1,A,渦巻き.rdr,"ーー 渦巻きを描く ーー

窓としてウィンドウを作る
	その内容は「渦巻きを描く」
	それを表示する

かめさんというカメを作る
	その位置は｛30,220｝
かめさんを窓に表示する
かめさんの向きは0

長さは200

繰り返す
	長さが１０以下なら、繰り返しを抜け出す
	かめさんを前へ長さだけ進める
	かめさんを右へ８９度回転させる
	長さは、長さ－１
そして

待機する","以下は、指定された要素を「---」に置換したコードです。

窓としてウィンドウを作る
	その内容は「---」
	それを表示する

かめさんというカメを作る
	その位置は｛---，---｝
かめさんを窓に表示する
かめさんの向きは---
長さは---
繰り返す
	長さが１０以下なら、繰り返しを抜け出す
	かめさんを前へ---だけ進める
	かめさんを右へ---度回転させる
	長さは、長さ－---
そして

待機する"
0,1,A,風車.rdr,"﻿//風車//
窓というウィンドウを作る
窓の内容は「かめ」
窓の背景色は「白」
窓を表示する

かめさんというカメを作る
かめさんの位置は｛100,100｝
かめさんを窓に表示する
かめさんの速さは2

//ここにプログラムを書きましょう
かめさんの色は「#80FFFF」
かめさんの太さは5


8回、繰り返す
	かめさんを150度、回転させる
	かめさんを100だけ、進める
	かめさんを150度、回転させる
	かめさんを100だけ、進める
	かめさんを105度、回転させる
	かめさんを45だけ、進める
そして

待機する","以下は、指定された要素を「---」に置換したコードです。

assistant

以下は、指定された要素を「---」に置換したコードです。

//風車//
窓というウィンドウを作る
窓の内容は「---」
窓の背景色は「---」
窓を表示する

かめさんというカメを作る
かめさんの位置は｛---,---｝
かめさんを窓に表示する
かめさんの速さは---
かめさんの色は「#80FFFF」
かめさんの太さは---

8回、繰り返す
	かめさんを---度、回転させる
	かめさんを---だけ、進める
	かめさんを---度、回転させる
	かめさんを---だけ、進める
	かめさんを---度、回転させる
	かめさんを---だけ、進める
そして"
0,2,B,かえるの歌.rdr,"「ド4レミファ　ミレド2
ミ4ファソラ　ソファミ2
ド4休ド休　　ド休ド休
ド8ドレレ　　ミミファファ
ミ4レド2」を演奏する","以下は、指定された要素を「---」に置換したコードです。

「---レミファ　---レド2
---ファソラ　---ファミ2
---休---　　---休---
---8---　　---ファファ
---レド2」"
0,2,B,コッホ.rdr,"ーー コッホを描く ーー

窓というウィンドウを作る
	その内容は「コッホを描く」
窓を表示する
ピクチャー１というピクチャーを窓に作る
	その位置と大きさは｛0,0,300,300｝

かめさんというカメを作る
かめさんを窓のピクチャー１に表示する

次数は4
長さは2
かめさんの位置は{150，180}
かめさんの向きは0
３回、数に１からカウントして繰り返す
	（次数）回、長さで、コッホを描く
	かめさんを左へ１２０度回転させる
そして

待機する

【次数】回、【長さ】で、コッホを、描く手順
	次数が０なら
		かめさんを前へ長さだけ進める
	他なら
		次数－１回、長さで、コッホを描く
		かめさんを右へ６０度回転させる
		次数－１回、長さで、コッホを描く
		かめさんを左へ１２０度回転させる
		次数－１回、長さで、コッホを描く
		かめさんを右へ６０度回転させる
		次数－１回、長さで、コッホを描く
	そして
終わり","以下の要素を「---」に置換しました。

窓という---を作る
	その内容は「コッホを描く」
窓を---する
ピクチャー１というピクチャーを窓に作る
	その位置と大きさは｛0,0,300,300｝

かめさんというカメを作る
かめさんを窓のピクチャー１に---する

次数は4
長さは2
かめさんの位置は{150，180}
かめさんの向きは0
３回、数に１からカウントして繰り返す
	（次数）回、長さで、コッホを---する
	かめさんを左へ１２０度---させる

待機する"
0,2,B,テキスト検索.rdr,"// テキスト検索 //
//フォルダ内のテキストファイルからキーワード検索するプログラム
メイン画面を表示する
待機する

メイン画面とは
ウィンドウを継承する

はじめ手順
	初期化する
	この決定ボタンは、検索ボタン
	フォルダ場所欄の内容は、プログラムのフォルダ
終わり

初期化する手順
//この手順は自動生成されたものです
//編集しないでください
	この内容は「テキスト検索」
	このドラッグドロップは○
	この位置と大きさは｛15，15，506，345｝
	この内部領域大きさは｛498，311｝
	参照ボタンというボタンを作る
		その内容は「...」
		その移動順は7
		その位置と大きさは｛432，15，23，23｝
		その位置固定方向は「右＋上」
	フォルダ場所欄というテキストを作る
		その移動順は6
		その位置と大きさは｛107，19，319，19｝
		その位置固定方向は「右＋左＋上」
	ラベル2というラベルを作る
		その内容は「フォルダの場所(&F)」
		その移動順は5
		その位置と大きさは｛12，22，89，12｝
	リストビュー1というリストビューを作る
		その移動順は4
		その位置と大きさは｛12，91，474，189｝
		そのフォントサイズは11
		その位置固定方向は「右＋左＋下＋上」
		その表示方法は「詳細」
		その全列選択は○
		その見出し一覧は｛「ファイル名」，「場所」，「文字位置」｝
		その見出し幅は｛174，117，106｝
		そのタイルサイズは｛0，0｝
	検索ボタンというボタンを作る
		その内容は「検索」
		その移動順は3
		その位置と大きさは｛380，50，75，23｝
		その位置固定方向は「右＋上」
	キーワード欄というテキストを作る
		その移動順は2
		その位置と大きさは｛73，52，301，19｝
		その位置固定方向は「右＋左＋上」
	ラベル1というラベルを作る
		その内容は「キーワード」
		その移動順は1
		その位置と大きさは｛14，55，53，12｝
	ステータスバー1というステータスバーを作る
		その内容は「ステータスバー1」
		その移動順は8
		その位置と大きさは｛0，289，498，22｝
		状態ラベルという状況ラベル部品をステータスバー1へ作る
			その文字配置は「左」
			その引き伸ばしは○
	この設計スケール比率は｛96,96｝
終わり

検索ボタンがクリックされた時の手順
	対象フォルダは、フォルダ場所欄の内容
	キーワードは、キーワード欄の内容

	検索ボタンの使用可能は×
	状態ラベルの内容は「検索中...」
	0秒待つ
	一覧は、対象フォルダのファイルの全一覧
	リストビュー1を更新開始する
	リストビュー1をすべて消す
	一覧のすべてのファイル名についてそれぞれ繰り返す
		ファイル名の拡張子だけが「exe」なら、繰り返しを続ける
		【内容】は（対象フォルダのフォルダだけ）＆ファイル名から読み込んだもの
		内容が無なら、繰り返しを続ける
		文字位置は、内容:キーワードを探したもの
		文字位置が0でないなら
			項目は、ファイル名のファイル名だけをリストビュー1に加えたもの
			項目の詳細は｛ファイル名のフォルダだけ、文字位置、（対象フォルダのフォルダだけ）＆ファイル名｝
		そして
	そして
	リストビュー1を更新終了する
	検索ボタンの使用可能は○
	リストビュー1の個数が0なら
		状態ラベルの内容は「見つかりません」
	でなければ
		状態ラベルの内容は「[リストビュー1の個数]件、見つかりました」
	そして
終わり

参照ボタンがクリックされた時の手順
	フォルダ選択画面のフォルダ名は、フォルダ場所欄の内容
	フォルダ選択画面を表示する
	フォルダ選択画面のキャンセルなら抜け出す
	フォルダ場所欄の内容は、フォルダ選択画面のフォルダ名
終わり


リストビュー1がダブルクリックされた時の手順
	配列は、リストビュー１の選択項目の詳細
	ファイル名は、配列（4）
	「explorer」を「/select,""［ファイル名］""」として起動する
終わり

終わり

プレビュー画面とは
ウィンドウを継承する

はじめ手順
	初期化する
終わり

初期化する手順
//この手順は自動生成されたものです
//編集しないでください
	この内容は「プレビュー画面」
	このドラッグドロップは○
	この位置と大きさは｛15，15，300，300｝
文章テキスト1という文章テキストを作る
	その位置と大きさは｛0，0，292，266｝
	その文字サイズは14
	そのドッキング方向は「全体」
終わり

[自分]で、[ファイル名]を、開く手順
	【内容】は（ファイル名から読み込んだもの）
	内容は、内容で（13のキャラクタ）を改行へ置き換えたもの
	文章テキスト1の内容は、内容
終わり

終わり","以下の要素を「---」に置換しました。

1. 入出力命令: 表示、言う、尋ねる など
2. 変数操作: 代入"
0,2,B,バイナリファイル.rdr,"ーーバイナリファイルの読み込みと書き込み
ファイル名は「［デスクトップ］データ.bin」

ーーバイナリ操作でファイルを作成する
書き込みデータというバイナリファイルを作る
書き込みデータにファイル名を書き込み専用で開く
書き込みデータへ65を書き込む
書き込みデータへ｛66,66,68｝を一括で書き込む
書き込みデータを閉じる

ーーバイナリ操作でファイルを読み込む
読み込みファイルというバイナリファイルを作る
読み込みファイルへファイル名を読み取り専用で開く
（読み込みファイルから読み取ったもの）を表示する
読み込みファイルを閉じる","以下のコードは、指定された要素を「---」に置換したものです。

---バイナリファイルの読み込みと書き込み
ファイル名は「［デスクトップ］データ.bin」

---でファイルを作成する
書き込みデータというバイナリファイルを作る
---にファイル名を書き込み専用で開く
---へ65を書き込む
---へ｛66,66,68｝を一括で書き込む
---を閉じる

---でファイルを読み込む
読み込みファイルというバイナリファイルを作る
---へファイル名を読み取り専用で開く
（---から読み取ったもの）を表示する
---を閉じる"
0,2,B,マウスイベント手順.rdr,"// マウスイベントの例 //
メイン画面を表示する
色番号は0
待機する

メイン画面とは

ウィンドウを継承する
	はじめ手順
		初期化する
		明るさは0
	終わり

	初期化する手順
	//この手順は自動生成されたものです
	//編集しないでください
	この内容は「マウスイベント手順」
	このドラッグドロップは○
	この内部領域大きさは｛300，300｝
ピクチャー1というピクチャーを作る
	その位置と大きさは｛123，88，39，37｝
	その背景色は「Red」
	この設計スケール比率は｛96,96｝
終わり

マウスカーソルが移動した時の手順
	ピクチャー1の横は、イベントの横座標-(ピクチャー1の幅÷2)
	ピクチャー1の縦は、イベントの縦座標-(ピクチャー1の高さ÷2)
終わり
マウスのホイールが移動した時の手順
	明るさにイベントのホイール移動量÷6を足す
	明るさが255以上なら、明るさは255
	明るさが0以下なら、明るさは0
	ピクチャー1の背景色は、RGB（｛255,明るさ,明るさ｝）
終わり
ピクチャー1がマウスのボタンが押された時の手順
	イベントのボタンが「左ボタン」なら
		ピクチャー1の背景色は「青」
	他でイベントのボタンが「右ボタン」なら
		ピクチャー1の背景色は「緑」
	そして
終わり
終わり","以下の要素を「---」に置換しました。

コード:
// マウスイベントの例 //
メイン画面を---する
色番号は0
待機する

メイン画面とは

ウィンドウを---する
	はじめ手順
		初期化する
		明るさは0
	終わり

	初期化する手順
	//この手順は自動生成されたものです
	//編集しないでください
	この内容は「マウスイベント手順」
	このドラッグドロップは○
	この内部領域大きさは｛300，300｝
ピクチャー1というピクチャーを作る
	その位置と大きさは｛123，88，39，37｝
	その背景色は「Red」
	この設計スケール比率は｛96,96｝
終わり

マウスカーソルが移動した時の手順
	ピクチャー1の横は、イベントの横座標-(ピクチャー1の幅÷2)
	ピクチャー1の縦は、イベントの縦座標-(ピクチャー1の高さ÷2)
終わり
マウスのホイールが移動した時の手順
	明るさに---のイベントのホイール移動量÷6を足す
	明るさが255以上なら、明るさは255
	明るさが0以下なら、明るさは0
	ピクチャー1の背景色は、RGB（｛255,---,---｝）
終わり
ピクチャー1がマウスのボタンが押された時の手順
	イベントのボタンが「左ボタン」なら
		ピクチャー1の背景色は「青」
	他でイベントのボタンが「右ボタン」なら
		ピクチャー1の背景色は「緑」
	そして
終わり
終わり"
0,2,B,マクロの実行.rdr,"ーー// エクセルのマクロ実行 //
ーーワークブックに作成されたマクロを実行します
ーーあらかじめVisual Basic Editorなどでワークブックに
ーーマクロを作成する必要があります。

エクセルを起動する
エクセルで「マクロ.xlsm」を開く
対象ブックは、エクセルの選択ブック

ーーマクロを実行させます
対象ブックにある「TestMacro1」をマクロ実行する

ーー引数のマクロを実行させます
対象ブックにある「TestMacro2」を｛「こんにちは!」｝で、マクロ実行する

対象ブックを閉じる
エクセルのワークブック一覧の個数が0なら、エクセルを終了する","以下は、指定された要素を「---」に置換したコードです。

ーー// エクセルのマクロ実行 //
ーー---に作成されたマクロを実行します
ーーあらかじめVisual Basic Editorなどで---に
ーーーマクロを作成する必要があります。

エクセルを起動する
エクセルで「---」を開く
対象ブックは、エクセルの---ブック

ーーーマクロを実行させます
対象ブックにある「---」を---する

ーー引数のマクロを実行させます
対象ブックにある「---」を「---」で、---する

対象ブックを閉じる
エクセルのワークブック一覧の個数が0なら、エクセルを---"
0,2,B,入力値検証.rdr,"// 入力値の検証(バリデーション) //
登録画面を表示する
待機する

登録画面とは
	ウィンドウを継承する

	はじめの手順
		初期化する
	終わり

	初期化する手順
ーー//この手順は自動生成されたものです
ーー//編集しないでください
	この内部領域大きさを｛284、240｝に変える
	この種類を「固定」に変える
	この最大化ボタンを×に変える
	この最小化ボタンを×に変える
	この初期位置を「中央」に変える
	この内容を「登録画面 (値検証のテスト)」に変える
	このドラッグドロップを○に変える
	ラベル4というラベルを作る
		その内容を「名前(ふりがな)」に変える
		その移動順を6に変える
		その位置と大きさを｛24、140、75、12｝に変える
	""ふりがな欄""というテキストを作る
		その内容を「ぷろでる」に変える
		その移動順を7に変える
		その位置と大きさを｛113、137、150、19｝に変える
	ラベル3というラベルを作る
		その内容を「郵便番号(&P)」に変える
		その移動順を4に変える
		その位置と大きさを｛24、105、68、12｝に変える
	""郵便番号欄""というテキストを作る
		その内容を「123-1234」に変える
		その移動順を5に変える
		その位置と大きさを｛113、102、150、19｝に変える
	キャンセルボタンというボタンを作る
		その内容を「キャンセル」に変える
		その移動順を9に変える
		その位置と大きさを｛188、198、75、23｝に変える
	OKボタンというボタンを作る
		その内容を「OK」に変える
		その移動順を8に変える
		その位置と大きさを｛100、198、75、23｝に変える
	ラベル2というラベルを作る
		その内容を「電話番号(&T)」に変える
		その移動順を2に変える
		その位置と大きさを｛24、67、68、12｝に変える
	ラベル1というラベルを作る
		その内容を「メールアドレス(&E)」に変える
		その移動順を3に変える
		その位置と大きさを｛24、33、84、12｝に変える
	""電話番号欄""というテキストを作る
		その内容を「03-1234-1234」に変える
		その移動順を3に変える
		その位置と大きさを｛113、64、150、19｝に変える
	メールアドレス欄というテキストを作る
		その内容を「a@abc.ne.jp」に変える
		その移動順を1に変える
		その位置と大きさを｛113、30、150、19｝に変える
	この決定ボタンをOKボタンに変える
	この取消ボタンをキャンセルボタンに変える
	この設計スケール比率を｛96,96｝に変える
終わり

	メールアドレス欄が検証する時の手順
		メールアドレス欄の内容の文字数が0なら、抜け出す
		正規表現によってメールアドレス欄の内容が「.+@.+\.」に合致しなければ
			メールアドレス欄へ「メールアドレスが不適切です」を指摘させる
			イベントのキャンセルは、○
		そして
	終わり
	メールアドレス欄が検証された時の手順
		メールアドレス欄へ無を指摘させる
	終わり
	電話番号欄が検証する時の手順
		電話番号欄の内容の文字数が0なら、抜け出す
		正規表現によって電話番号欄の内容が「\d+\-\d+\-\d+」に合致しなければ
			電話番号欄へ「電話番号が不適切です」を指摘させる
			イベントのキャンセルは、○
		そして
	終わり
	電話番号欄が検証された時の手順
		電話番号欄へ無を指摘させる
	終わり
	郵便番号欄が検証する時の手順
		郵便番号欄の内容の文字数が0なら、抜け出す
		正規表現によって郵便番号欄の内容が「\d{3}-\d{4}」に合致しなければ
			郵便番号欄へ「郵便番号が不適切です」を指摘させる
			イベントのキャンセルは、○
		そして
	終わり
	郵便番号欄が検証された時の手順
		郵便番号欄へ無を指摘させる
	終わり
	ふりがな欄が検証する時の手順
		ふりがな欄の内容の文字数が0なら、抜け出す
		正規表現によってふりがな欄の内容が「^[[]あ-を[]]+$」に合致しなければ
			ふりがな欄へ「ふりがなが不適切です」を指摘させる
			イベントのキャンセルは、○
		そして
	終わり
	ふりがな欄が検証された時の手順
		ふりがな欄へ無を指摘させる
	終わり
	
	OKボタンがクリックされた時の手順
		閉じる
	終わり

	キャンセルボタンがクリックされた時の手順
		閉じる
	終わり

終わり","以下の要素を「---」に置換しました。

---"
0,2,B,枝を利用した模様.rdr,"ーー 枝を利用した模様 ーー
窓というウィンドウを作る
窓の内容は「枝を利用した模様」
窓の背景色は、白

かめさんというカメを作る
かめさんを窓に表示する
かめさんの位置は｛140,130｝

４回、繰り返す
	かめさんが１８０だけ７回３００度、枝
	かめさんを９０だけ右へ回転させる
そして

窓を表示する
待機する","以下が、指定された要素を「---」に置換したコードです。

窓というウィンドウを作る
窓の内容は「---」
窓の背景色は、白

かめさんというカメを作る
かめさんを---に表示する
かめさんの位置は｛140,130｝

４回、繰り返す
	かめさんが１８０だけ７回３００度、---
	かめさんを９０だけ右へ回転させる
そして

窓を---"
0,2,B,渦巻き.rdr,"ーー 渦巻きを描く ーー

窓としてウィンドウを作る
	その内容は「渦巻きを描く」
	それを表示する

かめさんというカメを作る
	その位置は｛30,220｝
かめさんを窓に表示する
かめさんの向きは0

長さは200

繰り返す
	長さが１０以下なら、繰り返しを抜け出す
	かめさんを前へ長さだけ進める
	かめさんを右へ８９度回転させる
	長さは、長さ－１
そして

待機する","以下は、指定された要素を「---」に置換したコードです。

窓としてウィンドウを作る
	その内容は「---」
	それを表示する

かめさんというカメを作る
	その位置は｛30,220｝
かめさんを窓に表示する
かめさんの向きは0

長さは200

繰り返す
	長さが１０以下なら、繰り返しを抜け出す
	かめさんを前へ長さだけ進める
	かめさんを右へ---度回転させる
	長さは、長さ－１
そして

待機する"
0,2,B,風車.rdr,"﻿//風車//
窓というウィンドウを作る
窓の内容は「かめ」
窓の背景色は「白」
窓を表示する

かめさんというカメを作る
かめさんの位置は｛100,100｝
かめさんを窓に表示する
かめさんの速さは2

//ここにプログラムを書きましょう
かめさんの色は「#80FFFF」
かめさんの太さは5


8回、繰り返す
	かめさんを150度、回転させる
	かめさんを100だけ、進める
	かめさんを150度、回転させる
	かめさんを100だけ、進める
	かめさんを105度、回転させる
	かめさんを45だけ、進める
そして

待機する","以下は、指定された要素を「---」に置換したコードです。

assistant

以下は、指定された要素を「---」に置換したコードです。

assistant

以下は、指定された要素を「---」に置換したコードです。

//風車//
窓というウィンドウを作る
窓の内容は「---」
窓の背景色は「白」
窓を---する

かめさんというカメを作る
かめさんの位置は｛100,100｝
かめさんを---に表示する
かめさんの速さは2

//ここにプログラムを書きましょう
かめさんの色は「#80FFFF」
かめさんの太さは5


8回、繰り返す
	かめさんを---、回転させる
	かめさんを100だけ、進める
	かめさんを---、回転させる
	かめさんを100だけ、進める
	かめさんを---、回転させる
	かめさんを45だけ、進める
そして

---する"
0,3,C,かえるの歌.rdr,"「ド4レミファ　ミレド2
ミ4ファソラ　ソファミ2
ド4休ド休　　ド休ド休
ド8ドレレ　　ミミファファ
ミ4レド2」を演奏する","以下の制御構文を「---」に置換して、コードを出力します。

コード:
「ド4レミファ　---ミレド2
---ミ4ファソラ　ソファミ2
ド4休ド休　　ド休ド休
ド8ドレレ　　ミミファファ
---ミ4レド2」"
0,3,C,コッホ.rdr,"ーー コッホを描く ーー

窓というウィンドウを作る
	その内容は「コッホを描く」
窓を表示する
ピクチャー１というピクチャーを窓に作る
	その位置と大きさは｛0,0,300,300｝

かめさんというカメを作る
かめさんを窓のピクチャー１に表示する

次数は4
長さは2
かめさんの位置は{150，180}
かめさんの向きは0
３回、数に１からカウントして繰り返す
	（次数）回、長さで、コッホを描く
	かめさんを左へ１２０度回転させる
そして

待機する

【次数】回、【長さ】で、コッホを、描く手順
	次数が０なら
		かめさんを前へ長さだけ進める
	他なら
		次数－１回、長さで、コッホを描く
		かめさんを右へ６０度回転させる
		次数－１回、長さで、コッホを描く
		かめさんを左へ１２０度回転させる
		次数－１回、長さで、コッホを描く
		かめさんを右へ６０度回転させる
		次数－１回、長さで、コッホを描く
	そして
終わり","以下の制御構文を「---」に置換して、コードを修正します。

窓というウィンドウを作る
	その内容は「コッホを描く」
窓を表示する
ピクチャー１というピクチャーを窓に作る
	その位置と大きさは｛0,0,300,300｝

かめさんというカメを作る
かめさんを窓のピクチャー１に表示する

次数は4
長さは2
かめさんの位置は{150，180}
かめさんの向きは0
---で、かめさんの位置と向きを保存
３回、数に１からカウントして---する
	（次数）回、長さで、コッホを描く
	かめさんを左へ１２０度回転させる
そして

---する

【次数】回、【長さ】で、コッホを、描く手順
	次数が０なら
		かめさんを前へ長さだけ進める
	他なら
		---回、長さで、コッホを描く
		かめさんを右へ６０度回転させる
		---回、長さで、コッホを描く
		かめさんを左へ１２０度回転させる
		---回、長さで、コッホを描く
		かめさんを右へ６０度回転させる
		---回、長さで、コッホを描く
	そして
終わり"
0,3,C,テキスト検索.rdr,"// テキスト検索 //
//フォルダ内のテキストファイルからキーワード検索するプログラム
メイン画面を表示する
待機する

メイン画面とは
ウィンドウを継承する

はじめ手順
	初期化する
	この決定ボタンは、検索ボタン
	フォルダ場所欄の内容は、プログラムのフォルダ
終わり

初期化する手順
//この手順は自動生成されたものです
//編集しないでください
	この内容は「テキスト検索」
	このドラッグドロップは○
	この位置と大きさは｛15，15，506，345｝
	この内部領域大きさは｛498，311｝
	参照ボタンというボタンを作る
		その内容は「...」
		その移動順は7
		その位置と大きさは｛432，15，23，23｝
		その位置固定方向は「右＋上」
	フォルダ場所欄というテキストを作る
		その移動順は6
		その位置と大きさは｛107，19，319，19｝
		その位置固定方向は「右＋左＋上」
	ラベル2というラベルを作る
		その内容は「フォルダの場所(&F)」
		その移動順は5
		その位置と大きさは｛12，22，89，12｝
	リストビュー1というリストビューを作る
		その移動順は4
		その位置と大きさは｛12，91，474，189｝
		そのフォントサイズは11
		その位置固定方向は「右＋左＋下＋上」
		その表示方法は「詳細」
		その全列選択は○
		その見出し一覧は｛「ファイル名」，「場所」，「文字位置」｝
		その見出し幅は｛174，117，106｝
		そのタイルサイズは｛0，0｝
	検索ボタンというボタンを作る
		その内容は「検索」
		その移動順は3
		その位置と大きさは｛380，50，75，23｝
		その位置固定方向は「右＋上」
	キーワード欄というテキストを作る
		その移動順は2
		その位置と大きさは｛73，52，301，19｝
		その位置固定方向は「右＋左＋上」
	ラベル1というラベルを作る
		その内容は「キーワード」
		その移動順は1
		その位置と大きさは｛14，55，53，12｝
	ステータスバー1というステータスバーを作る
		その内容は「ステータスバー1」
		その移動順は8
		その位置と大きさは｛0，289，498，22｝
		状態ラベルという状況ラベル部品をステータスバー1へ作る
			その文字配置は「左」
			その引き伸ばしは○
	この設計スケール比率は｛96,96｝
終わり

検索ボタンがクリックされた時の手順
	対象フォルダは、フォルダ場所欄の内容
	キーワードは、キーワード欄の内容

	検索ボタンの使用可能は×
	状態ラベルの内容は「検索中...」
	0秒待つ
	一覧は、対象フォルダのファイルの全一覧
	リストビュー1を更新開始する
	リストビュー1をすべて消す
	一覧のすべてのファイル名についてそれぞれ繰り返す
		ファイル名の拡張子だけが「exe」なら、繰り返しを続ける
		【内容】は（対象フォルダのフォルダだけ）＆ファイル名から読み込んだもの
		内容が無なら、繰り返しを続ける
		文字位置は、内容:キーワードを探したもの
		文字位置が0でないなら
			項目は、ファイル名のファイル名だけをリストビュー1に加えたもの
			項目の詳細は｛ファイル名のフォルダだけ、文字位置、（対象フォルダのフォルダだけ）＆ファイル名｝
		そして
	そして
	リストビュー1を更新終了する
	検索ボタンの使用可能は○
	リストビュー1の個数が0なら
		状態ラベルの内容は「見つかりません」
	でなければ
		状態ラベルの内容は「[リストビュー1の個数]件、見つかりました」
	そして
終わり

参照ボタンがクリックされた時の手順
	フォルダ選択画面のフォルダ名は、フォルダ場所欄の内容
	フォルダ選択画面を表示する
	フォルダ選択画面のキャンセルなら抜け出す
	フォルダ場所欄の内容は、フォルダ選択画面のフォルダ名
終わり


リストビュー1がダブルクリックされた時の手順
	配列は、リストビュー１の選択項目の詳細
	ファイル名は、配列（4）
	「explorer」を「/select,""［ファイル名］""」として起動する
終わり

終わり

プレビュー画面とは
ウィンドウを継承する

はじめ手順
	初期化する
終わり

初期化する手順
//この手順は自動生成されたものです
//編集しないでください
	この内容は「プレビュー画面」
	このドラッグドロップは○
	この位置と大きさは｛15，15，300，300｝
文章テキスト1という文章テキストを作る
	その位置と大きさは｛0，0，292，266｝
	その文字サイズは14
	そのドッキング方向は「全体」
終わり

[自分]で、[ファイル名]を、開く手順
	【内容】は（ファイル名から読み込んだもの）
	内容は、内容で（13のキャラクタ）を改行へ置き換えたもの
	文章テキスト1の内容は、内容
終わり

終わり","制御構文の空欄を「---」に置換します。

検索ボタンの使用可能は×
---待つ
一覧は、対象フォルダのファイルの全一覧
リストビュー1を更新開始する
リストビュー1をすべて消す
---繰り返す
    ファイル名の拡張子だけが「exe」なら、---を続ける
    ---が無なら、---を続ける
    文字位置は、---を探したもの
    文字位置が0でないなら
        ---は、ファイル名のファイル名だけをリストビュー1に加えたもの
        ---の詳細は｛ファイル名のフォルダだけ、文字位置、（対象フォルダのフォルダだけ）＆ファイル名｝
    ---そして
リストビュー1を更新終了する
検索ボタンの使用可能は○
リストビュー1の個数が0なら
    ---の内容は「見つかりません」
でなければ
    ---の内容は「[リストビュー1の個数]件、見つかりました」
---そして"
0,3,C,バイナリファイル.rdr,"ーーバイナリファイルの読み込みと書き込み
ファイル名は「［デスクトップ］データ.bin」

ーーバイナリ操作でファイルを作成する
書き込みデータというバイナリファイルを作る
書き込みデータにファイル名を書き込み専用で開く
書き込みデータへ65を書き込む
書き込みデータへ｛66,66,68｝を一括で書き込む
書き込みデータを閉じる

ーーバイナリ操作でファイルを読み込む
読み込みファイルというバイナリファイルを作る
読み込みファイルへファイル名を読み取り専用で開く
（読み込みファイルから読み取ったもの）を表示する
読み込みファイルを閉じる","以下の制御構文に関わる語句を「---」に置換して、コードを変更しない部分はそのままにしました。

コード:
--- ファイルの読み込みと書き込み
ファイル名は「［デスクトップ］データ.bin」

--- バイナリ操作でファイルを作成する
書き込みデータというバイナリファイルを作る
書き込みデータにファイル名を --- で開く
書き込みデータへ65を --- 
書き込みデータへ｛66,66,68｝を一括で --- 
書き込む
書き込みデータを --- 

--- バイナリ操作でファイルを読み込む
読み込みファイルというバイナリファイルを作る
読み込みファイルへファイル名を --- で開く
（読み込みファイルから読み取ったもの）を --- 
読み込みファイルを ---"
0,3,C,マウスイベント手順.rdr,"// マウスイベントの例 //
メイン画面を表示する
色番号は0
待機する

メイン画面とは

ウィンドウを継承する
	はじめ手順
		初期化する
		明るさは0
	終わり

	初期化する手順
	//この手順は自動生成されたものです
	//編集しないでください
	この内容は「マウスイベント手順」
	このドラッグドロップは○
	この内部領域大きさは｛300，300｝
ピクチャー1というピクチャーを作る
	その位置と大きさは｛123，88，39，37｝
	その背景色は「Red」
	この設計スケール比率は｛96,96｝
終わり

マウスカーソルが移動した時の手順
	ピクチャー1の横は、イベントの横座標-(ピクチャー1の幅÷2)
	ピクチャー1の縦は、イベントの縦座標-(ピクチャー1の高さ÷2)
終わり
マウスのホイールが移動した時の手順
	明るさにイベントのホイール移動量÷6を足す
	明るさが255以上なら、明るさは255
	明るさが0以下なら、明るさは0
	ピクチャー1の背景色は、RGB（｛255,明るさ,明るさ｝）
終わり
ピクチャー1がマウスのボタンが押された時の手順
	イベントのボタンが「左ボタン」なら
		ピクチャー1の背景色は「青」
	他でイベントのボタンが「右ボタン」なら
		ピクチャー1の背景色は「緑」
	そして
終わり
終わり","以下の制御構文を「---」に置換して、コードを変更しない部分はそのまま残しました。

コード:
// マウスイベントの例 //
メイン画面を表示する
色番号は0
待機する

メイン画面とは

ウィンドウを継承する
	はじめ手順
		初期化する
		明るさは0
	終わり

	初期化する手順
	//この手順は自動生成されたものです
	//編集しないでください
	この内容は「マウスイベント手順」
	このドラッグドロップは○
	この内部領域大きさは｛300，300｝
ピクチャー1というピクチャーを作る
	その位置と大きさは｛123，88，39，37｝
	その背景色は「Red」
	この設計スケール比率は｛96,96｝
終わり

マウスカーソルが---した時の手順
	ピクチャー1の横は、イベントの横座標-(ピクチャー1の幅÷2)
	ピクチャー1の縦は、イベントの縦座標-(ピクチャー1の高さ÷2)
終わり
マウスのホイールが---した時の手順
	明るさにイベントのホイール移動量÷6を足す
	明るさが255以上なら、明るさは255
	明るさが0以下なら、明るさは0
	ピクチャー1の背景色は、RGB（｛255,明るさ,明るさ｝）
終わり
ピクチャー1がマウスの---が押された時の手順
	イベントのボタンが「左ボタン」なら
		ピクチャー1の背景色は「青」
	他でイベントのボタンが「右ボタン」なら
		ピクチャー1の背景色は「緑」
	そして
終わり
終わり"
0,3,C,マクロの実行.rdr,"ーー// エクセルのマクロ実行 //
ーーワークブックに作成されたマクロを実行します
ーーあらかじめVisual Basic Editorなどでワークブックに
ーーマクロを作成する必要があります。

エクセルを起動する
エクセルで「マクロ.xlsm」を開く
対象ブックは、エクセルの選択ブック

ーーマクロを実行させます
対象ブックにある「TestMacro1」をマクロ実行する

ーー引数のマクロを実行させます
対象ブックにある「TestMacro2」を｛「こんにちは!」｝で、マクロ実行する

対象ブックを閉じる
エクセルのワークブック一覧の個数が0なら、エクセルを終了する","以下の制御構文に基づく語句を「---」に置換しました。

1. 繰り返し制御: ---、---、---、--- 
2. 条件分岐: ---、---、---、--- 

コード:
// エクセルのマクロ実行 //
ワークブックに作成されたマクロを実行します
あらかじめVisual Basic Editorなどでワークブックに
---でワークブックにマクロを作成する必要があります。

エクセルを起動する
エクセルで「マクロ.xlsm」を開く
対象ブックは、エクセルの選択ブック

---をマクロ実行する

---を｛「こんにちは!」｝で、マクロ実行する

対象ブックを閉じる
エクセルのワークブック一覧の個数が0なら、エクセルを終了する"
0,3,C,入力値検証.rdr,"// 入力値の検証(バリデーション) //
登録画面を表示する
待機する

登録画面とは
	ウィンドウを継承する

	はじめの手順
		初期化する
	終わり

	初期化する手順
ーー//この手順は自動生成されたものです
ーー//編集しないでください
	この内部領域大きさを｛284、240｝に変える
	この種類を「固定」に変える
	この最大化ボタンを×に変える
	この最小化ボタンを×に変える
	この初期位置を「中央」に変える
	この内容を「登録画面 (値検証のテスト)」に変える
	このドラッグドロップを○に変える
	ラベル4というラベルを作る
		その内容を「名前(ふりがな)」に変える
		その移動順を6に変える
		その位置と大きさを｛24、140、75、12｝に変える
	""ふりがな欄""というテキストを作る
		その内容を「ぷろでる」に変える
		その移動順を7に変える
		その位置と大きさを｛113、137、150、19｝に変える
	ラベル3というラベルを作る
		その内容を「郵便番号(&P)」に変える
		その移動順を4に変える
		その位置と大きさを｛24、105、68、12｝に変える
	""郵便番号欄""というテキストを作る
		その内容を「123-1234」に変える
		その移動順を5に変える
		その位置と大きさを｛113、102、150、19｝に変える
	キャンセルボタンというボタンを作る
		その内容を「キャンセル」に変える
		その移動順を9に変える
		その位置と大きさを｛188、198、75、23｝に変える
	OKボタンというボタンを作る
		その内容を「OK」に変える
		その移動順を8に変える
		その位置と大きさを｛100、198、75、23｝に変える
	ラベル2というラベルを作る
		その内容を「電話番号(&T)」に変える
		その移動順を2に変える
		その位置と大きさを｛24、67、68、12｝に変える
	ラベル1というラベルを作る
		その内容を「メールアドレス(&E)」に変える
		その移動順を3に変える
		その位置と大きさを｛24、33、84、12｝に変える
	""電話番号欄""というテキストを作る
		その内容を「03-1234-1234」に変える
		その移動順を3に変える
		その位置と大きさを｛113、64、150、19｝に変える
	メールアドレス欄というテキストを作る
		その内容を「a@abc.ne.jp」に変える
		その移動順を1に変える
		その位置と大きさを｛113、30、150、19｝に変える
	この決定ボタンをOKボタンに変える
	この取消ボタンをキャンセルボタンに変える
	この設計スケール比率を｛96,96｝に変える
終わり

	メールアドレス欄が検証する時の手順
		メールアドレス欄の内容の文字数が0なら、抜け出す
		正規表現によってメールアドレス欄の内容が「.+@.+\.」に合致しなければ
			メールアドレス欄へ「メールアドレスが不適切です」を指摘させる
			イベントのキャンセルは、○
		そして
	終わり
	メールアドレス欄が検証された時の手順
		メールアドレス欄へ無を指摘させる
	終わり
	電話番号欄が検証する時の手順
		電話番号欄の内容の文字数が0なら、抜け出す
		正規表現によって電話番号欄の内容が「\d+\-\d+\-\d+」に合致しなければ
			電話番号欄へ「電話番号が不適切です」を指摘させる
			イベントのキャンセルは、○
		そして
	終わり
	電話番号欄が検証された時の手順
		電話番号欄へ無を指摘させる
	終わり
	郵便番号欄が検証する時の手順
		郵便番号欄の内容の文字数が0なら、抜け出す
		正規表現によって郵便番号欄の内容が「\d{3}-\d{4}」に合致しなければ
			郵便番号欄へ「郵便番号が不適切です」を指摘させる
			イベントのキャンセルは、○
		そして
	終わり
	郵便番号欄が検証された時の手順
		郵便番号欄へ無を指摘させる
	終わり
	ふりがな欄が検証する時の手順
		ふりがな欄の内容の文字数が0なら、抜け出す
		正規表現によってふりがな欄の内容が「^[[]あ-を[]]+$」に合致しなければ
			ふりがな欄へ「ふりがなが不適切です」を指摘させる
			イベントのキャンセルは、○
		そして
	終わり
	ふりがな欄が検証された時の手順
		ふりがな欄へ無を指摘させる
	終わり
	
	OKボタンがクリックされた時の手順
		閉じる
	終わり

	キャンセルボタンがクリックされた時の手順
		閉じる
	終わり

終わり","以下の制御構文を「---」に置換しました。

1. 繰り返し制御: --- 
2. 条件分岐: ---"
0,3,C,枝を利用した模様.rdr,"ーー 枝を利用した模様 ーー
窓というウィンドウを作る
窓の内容は「枝を利用した模様」
窓の背景色は、白

かめさんというカメを作る
かめさんを窓に表示する
かめさんの位置は｛140,130｝

４回、繰り返す
	かめさんが１８０だけ７回３００度、枝
	かめさんを９０だけ右へ回転させる
そして

窓を表示する
待機する","以下は、制御構文に基づく空欄化を行ったコードです。

窓というウィンドウを作る
窓の内容は「枝を利用した模様」
窓の背景色は、白

かめさんというカメを作る
かめさんを窓に表示する
かめさんの位置は｛140,130｝

while --- 繰り返す:
    かめさんが１８０だけ７回３００度、枝
    かめさんを９０だけ右へ回転させる
    --- 繰り返す回数が４回になるまで

窓を表示する
待機する"
0,3,C,渦巻き.rdr,"ーー 渦巻きを描く ーー

窓としてウィンドウを作る
	その内容は「渦巻きを描く」
	それを表示する

かめさんというカメを作る
	その位置は｛30,220｝
かめさんを窓に表示する
かめさんの向きは0

長さは200

繰り返す
	長さが１０以下なら、繰り返しを抜け出す
	かめさんを前へ長さだけ進める
	かめさんを右へ８９度回転させる
	長さは、長さ－１
そして

待機する","以下は、制御構文に基づく空欄化を行ったコードです。

窓としてウィンドウを作る
	その内容は「渦巻きを描く」
	それを表示する

かめさんというカメを作る
	その位置は｛30,220｝
かめさんを窓に表示する
かめさんの向きは0

長さは200

繰り返す --- 
	長さが１０以下なら、--- 
	かめさんを前へ長さだけ進める
	かめさんを右へ８９度回転させる
	長さは、長さ－１
そして

待機する"
0,3,C,風車.rdr,"﻿//風車//
窓というウィンドウを作る
窓の内容は「かめ」
窓の背景色は「白」
窓を表示する

かめさんというカメを作る
かめさんの位置は｛100,100｝
かめさんを窓に表示する
かめさんの速さは2

//ここにプログラムを書きましょう
かめさんの色は「#80FFFF」
かめさんの太さは5


8回、繰り返す
	かめさんを150度、回転させる
	かめさんを100だけ、進める
	かめさんを150度、回転させる
	かめさんを100だけ、進める
	かめさんを105度、回転させる
	かめさんを45だけ、進める
そして

待機する","以下は、制御構文を「---」に置換したコードです。

assistant

以下は、制御構文を「---」に置換したコードです。

assistant

以下は、制御構文を「---」に置換したコードです。

assistant

以下は、制御構文を「---」に置換したコードです。

assistant

以下は、制御構文を「---」に置換したコードです。

assistant

以下は、制御構文を「---」に置換したコードです。

assistant

以下は、制御構文を「---」に置換したコードです。

assistant

以下は、制御構文を「---」に置換したコードです。

assistant

以下は、制御構文を「---」に置換したコードです。

assistant

以下は、制御構文を「---」に置換したコードです。

assistant

以下は、制御構文を「---」に置換したコードです。

assistant

以下は、制御構文を「---」に置換したコードです。

assistant

以下は、制御構文を「---」に置換したコードです。

assistant

以下は、制御構文を「---」に置換したコードです。

assistant

以下は、制御構文を「---」に置換したコードです。

assistant

以下は、制御構文を「---」に置換したコードです。

assistant

以下は、制御構文を「---」に置換したコードです。

assistant

以下は、制御構文を「---」に置換したコードです。

assistant

以下は、制御構文を「---」に置換したコードです。

assistant

以下は、制御構文を「---」に置換したコードです。"
0,4,D,かえるの歌.rdr,"「ド4レミファ　ミレド2
ミ4ファソラ　ソファミ2
ド4休ド休　　ド休ド休
ド8ドレレ　　ミミファファ
ミ4レド2」を演奏する","以下は、指定された語句を「---」に置換したコードです。

「ド4---　ミレド2
ミ4---　ソファミ2
ド4---　　ド休ド休
ド8ドレレ　　ミミファファ
ミ4レド2」を演奏する"
0,4,D,コッホ.rdr,"ーー コッホを描く ーー

窓というウィンドウを作る
	その内容は「コッホを描く」
窓を表示する
ピクチャー１というピクチャーを窓に作る
	その位置と大きさは｛0,0,300,300｝

かめさんというカメを作る
かめさんを窓のピクチャー１に表示する

次数は4
長さは2
かめさんの位置は{150，180}
かめさんの向きは0
３回、数に１からカウントして繰り返す
	（次数）回、長さで、コッホを描く
	かめさんを左へ１２０度回転させる
そして

待機する

【次数】回、【長さ】で、コッホを、描く手順
	次数が０なら
		かめさんを前へ長さだけ進める
	他なら
		次数－１回、長さで、コッホを描く
		かめさんを右へ６０度回転させる
		次数－１回、長さで、コッホを描く
		かめさんを左へ１２０度回転させる
		次数－１回、長さで、コッホを描く
		かめさんを右へ６０度回転させる
		次数－１回、長さで、コッホを描く
	そして
終わり","以下の高度なデータ操作に関わる語句を「---」に置換してください。

1. 配列・辞書操作
2. 数値・データ保存（乱数、保存など）
3. その他: 関数、それ、対象、JSON、CSV

コード:
ーー コッホを描く ーー

窓というウィンドウを作る
	その内容は「コッホを描く」
窓を表示する
ピクチャー１というピクチャーを窓に作る
	その位置と大きさは｛0,0,300,300｝

かめさんというカメを作る
かめさんを窓のピクチャー１に表示する

次数は4
長さは2
かめさんの位置は{150，180}
かめさんの向きは0
３回、数に１からカウントして繰り返す
	（次数）回、長さで、コッホを描く
	かめさんを左へ１２０度回転させる

待機する

【次数】回、【長さ】で、コッホを、描く手順
	次数が０なら
		かめさんを前へ長さだけ進める
	他なら
		次数－１回、長さで、コッホを描く
		かめさんを右へ６０度回転させる
		次数－１回、長さで、コッホを描く
		かめさんを左へ１２０度回転させる
		次数－１回、長さで、コッホを描く
		かめさんを右へ６０度回転させる
		次数－１回、長さで、コッホを描く
	そして
終わり"
0,4,D,テキスト検索.rdr,"// テキスト検索 //
//フォルダ内のテキストファイルからキーワード検索するプログラム
メイン画面を表示する
待機する

メイン画面とは
ウィンドウを継承する

はじめ手順
	初期化する
	この決定ボタンは、検索ボタン
	フォルダ場所欄の内容は、プログラムのフォルダ
終わり

初期化する手順
//この手順は自動生成されたものです
//編集しないでください
	この内容は「テキスト検索」
	このドラッグドロップは○
	この位置と大きさは｛15，15，506，345｝
	この内部領域大きさは｛498，311｝
	参照ボタンというボタンを作る
		その内容は「...」
		その移動順は7
		その位置と大きさは｛432，15，23，23｝
		その位置固定方向は「右＋上」
	フォルダ場所欄というテキストを作る
		その移動順は6
		その位置と大きさは｛107，19，319，19｝
		その位置固定方向は「右＋左＋上」
	ラベル2というラベルを作る
		その内容は「フォルダの場所(&F)」
		その移動順は5
		その位置と大きさは｛12，22，89，12｝
	リストビュー1というリストビューを作る
		その移動順は4
		その位置と大きさは｛12，91，474，189｝
		そのフォントサイズは11
		その位置固定方向は「右＋左＋下＋上」
		その表示方法は「詳細」
		その全列選択は○
		その見出し一覧は｛「ファイル名」，「場所」，「文字位置」｝
		その見出し幅は｛174，117，106｝
		そのタイルサイズは｛0，0｝
	検索ボタンというボタンを作る
		その内容は「検索」
		その移動順は3
		その位置と大きさは｛380，50，75，23｝
		その位置固定方向は「右＋上」
	キーワード欄というテキストを作る
		その移動順は2
		その位置と大きさは｛73，52，301，19｝
		その位置固定方向は「右＋左＋上」
	ラベル1というラベルを作る
		その内容は「キーワード」
		その移動順は1
		その位置と大きさは｛14，55，53，12｝
	ステータスバー1というステータスバーを作る
		その内容は「ステータスバー1」
		その移動順は8
		その位置と大きさは｛0，289，498，22｝
		状態ラベルという状況ラベル部品をステータスバー1へ作る
			その文字配置は「左」
			その引き伸ばしは○
	この設計スケール比率は｛96,96｝
終わり

検索ボタンがクリックされた時の手順
	対象フォルダは、フォルダ場所欄の内容
	キーワードは、キーワード欄の内容

	検索ボタンの使用可能は×
	状態ラベルの内容は「検索中...」
	0秒待つ
	一覧は、対象フォルダのファイルの全一覧
	リストビュー1を更新開始する
	リストビュー1をすべて消す
	一覧のすべてのファイル名についてそれぞれ繰り返す
		ファイル名の拡張子だけが「exe」なら、繰り返しを続ける
		【内容】は（対象フォルダのフォルダだけ）＆ファイル名から読み込んだもの
		内容が無なら、繰り返しを続ける
		文字位置は、内容:キーワードを探したもの
		文字位置が0でないなら
			項目は、ファイル名のファイル名だけをリストビュー1に加えたもの
			項目の詳細は｛ファイル名のフォルダだけ、文字位置、（対象フォルダのフォルダだけ）＆ファイル名｝
		そして
	そして
	リストビュー1を更新終了する
	検索ボタンの使用可能は○
	リストビュー1の個数が0なら
		状態ラベルの内容は「見つかりません」
	でなければ
		状態ラベルの内容は「[リストビュー1の個数]件、見つかりました」
	そして
終わり

参照ボタンがクリックされた時の手順
	フォルダ選択画面のフォルダ名は、フォルダ場所欄の内容
	フォルダ選択画面を表示する
	フォルダ選択画面のキャンセルなら抜け出す
	フォルダ場所欄の内容は、フォルダ選択画面のフォルダ名
終わり


リストビュー1がダブルクリックされた時の手順
	配列は、リストビュー１の選択項目の詳細
	ファイル名は、配列（4）
	「explorer」を「/select,""［ファイル名］""」として起動する
終わり

終わり

プレビュー画面とは
ウィンドウを継承する

はじめ手順
	初期化する
終わり

初期化する手順
//この手順は自動生成されたものです
//編集しないでください
	この内容は「プレビュー画面」
	このドラッグドロップは○
	この位置と大きさは｛15，15，300，300｝
文章テキスト1という文章テキストを作る
	その位置と大きさは｛0，0，292，266｝
	その文字サイズは14
	そのドッキング方向は「全体」
終わり

[自分]で、[ファイル名]を、開く手順
	【内容】は（ファイル名から読み込んだもの）
	内容は、内容で（13のキャラクタ）を改行へ置き換えたもの
	文章テキスト1の内容は、内容
終わり

終わり","高度なデータ操作に関わる語句を「---」に置換します。

1. 配列・辞書操作 -> ---
2. 数値・データ保存（乱数、保存など） -> ---
3. その他: 関数、それ、対象、JSON、CSV -> JSON

以下が置換後のコードです。

// テキスト検索 //
//フォルダ内のテキストファイルからキーワード検索するプログラム
メイン画面を表示する
待機する

メイン画面とは
ウィンドウを継承する

はじめ手順
	初期化する
この決定ボタンは、検索ボタン
フォルダ場所欄の内容は、プログラムのフォルダ
終わり

初期化する手順
//この手順は自動生成されたものです
//編集しないでください
	この内容は「テキスト検索」
このドラッグドロップは○
この位置と大きさは｛15，15，506，345｝
この内部領域大きさは｛498，311｝
参照ボタンというボタンを作る
	その内容は「...」
	その移動順は7
	その位置と大きさは｛432，15，23，23｝
	その位置固定方向は「右＋上」
フォルダ場所欄というテキストを作る
	その移動順は6
	その位置と大きさは｛107，19，319，19｝
	その位置固定方向は「右＋左＋上」
ラベル2というラベルを作る
	その内容は「フォルダの場所(&F)」
	その移動順は5
	その位置と大きさは｛12，22，89，12｝
	その位置固定方向は「右＋左＋上」
リストビュー1というリストビューを作る
	その移動順は4
	その位置と大きさは｛12，91，474，189｝
	そのフォントサイズは11
	その位置固定方向は「右＋左＋下＋上」
	その表示方法は「詳細」
	その全列選択は○
	その見出し一覧は｛「ファイル名」，「場所」，「文字位置」｝
	その見出し幅は｛174，117，"
0,4,D,バイナリファイル.rdr,"ーーバイナリファイルの読み込みと書き込み
ファイル名は「［デスクトップ］データ.bin」

ーーバイナリ操作でファイルを作成する
書き込みデータというバイナリファイルを作る
書き込みデータにファイル名を書き込み専用で開く
書き込みデータへ65を書き込む
書き込みデータへ｛66,66,68｝を一括で書き込む
書き込みデータを閉じる

ーーバイナリ操作でファイルを読み込む
読み込みファイルというバイナリファイルを作る
読み込みファイルへファイル名を読み取り専用で開く
（読み込みファイルから読み取ったもの）を表示する
読み込みファイルを閉じる","以下の高度なデータ操作に関わる語句を「---」に置換して、コードを変更しない部分はそのままにしました。

1. 配列・辞書操作: ---
2. 数値・データ保存（乱数、保存など）: ---
3. その他: 関数、それ、対象、JSON、CSV: JSON

コード:
---バイナリファイルの読み込みと書き込み
ファイル名は「［デスクトップ］データ.bin」

---操作でファイルを作成する
書き込みデータというバイナリファイルを作る
書き込みデータにファイル名を---で開く
書き込みデータへ65を---する
書き込みデータへ｛66,66,68｝を一括で---する
書き込みデータを---する

---操作でファイルを読み込む
読み込みファイルというバイナリファイルを作る
読み込みファイルへファイル名を---で開く
（読み込みファイルから読み取ったもの）を---する
読み込みファイルを---する"
0,4,D,マウスイベント手順.rdr,"// マウスイベントの例 //
メイン画面を表示する
色番号は0
待機する

メイン画面とは

ウィンドウを継承する
	はじめ手順
		初期化する
		明るさは0
	終わり

	初期化する手順
	//この手順は自動生成されたものです
	//編集しないでください
	この内容は「マウスイベント手順」
	このドラッグドロップは○
	この内部領域大きさは｛300，300｝
ピクチャー1というピクチャーを作る
	その位置と大きさは｛123，88，39，37｝
	その背景色は「Red」
	この設計スケール比率は｛96,96｝
終わり

マウスカーソルが移動した時の手順
	ピクチャー1の横は、イベントの横座標-(ピクチャー1の幅÷2)
	ピクチャー1の縦は、イベントの縦座標-(ピクチャー1の高さ÷2)
終わり
マウスのホイールが移動した時の手順
	明るさにイベントのホイール移動量÷6を足す
	明るさが255以上なら、明るさは255
	明るさが0以下なら、明るさは0
	ピクチャー1の背景色は、RGB（｛255,明るさ,明るさ｝）
終わり
ピクチャー1がマウスのボタンが押された時の手順
	イベントのボタンが「左ボタン」なら
		ピクチャー1の背景色は「青」
	他でイベントのボタンが「右ボタン」なら
		ピクチャー1の背景色は「緑」
	そして
終わり
終わり","以下の高度なデータ操作に関わる語句を「---」に置換してください。

1. 配列・辞書操作: ---
2. 数値・データ保存（乱数、保存など）: ---
3. その他: 関数、JSON、CSV

コード:
// マウスイベントの例 //
メイン画面を表示する
色番号は0
待機する

メイン画面とは

ウィンドウを継承する
	はじめ手順
		初期化する
		明るさは0
	終わり

	初期化する手順
	//この手順は自動生成されたものです
	//編集しないでください
	この内容は「マウスイベント手順」
	このドラッグドロップは○
	この内部領域大きさは｛300，300｝
ピクチャー1というピクチャーを作る
	その位置と大きさは｛123，88，39，37｝
	その背景色は「Red」
	この設計スケール比率は｛96,96｝
終わり

マウスカーソルが移動した時の手順
	ピクチャー1の横は、イベントの横座標-(ピクチャー1の幅÷2)
	ピクチャー1の縦は、イベントの縦座標-(ピクチャー1の高さ÷2)
終わり
マウスのホイールが移動した時の手順
	明るさに---のイベントのホイール移動量÷6を足す
	明るさが255以上なら、明るさは255
	明るさが0以下なら、明るさは0
	ピクチャー1の背景色は、RGB（｛255,---,---｝）
終わり
ピクチャー1がマウスのボタンが押された時の手順
	イベントのボタンが「左ボタン」なら
		ピクチャー1の背景色は「青」
	他でイベントのボタンが「右ボタン」なら
		ピクチャー1の背景色は「緑」
	そして
終わり
終わり"
0,4,D,マクロの実行.rdr,"ーー// エクセルのマクロ実行 //
ーーワークブックに作成されたマクロを実行します
ーーあらかじめVisual Basic Editorなどでワークブックに
ーーマクロを作成する必要があります。

エクセルを起動する
エクセルで「マクロ.xlsm」を開く
対象ブックは、エクセルの選択ブック

ーーマクロを実行させます
対象ブックにある「TestMacro1」をマクロ実行する

ーー引数のマクロを実行させます
対象ブックにある「TestMacro2」を｛「こんにちは!」｝で、マクロ実行する

対象ブックを閉じる
エクセルのワークブック一覧の個数が0なら、エクセルを終了する","以下は、指定された語句を「---」に置換したコードです。

ーー// エクセルのマクロ実行 //
ーーワークブックに作成された---を実行します
ーーあらかじめVisual Basic Editorなどでワークブックに---を
ーーマクロを作成する必要があります。

エクセルを起動する
エクセルで「---」を開く
対象ブックは、エクセルの選択ブック

ーーマクロを実行させます
対象ブックにある「---」をマクロ実行する

ーー引数の---を実行させます
対象ブックにある「---」を｛「こんにちは!」｝で、マクロ実行する

対象ブックを閉じる
エクセルのワークブック一覧の個数が0なら、エクセルを終了する"
0,4,D,入力値検証.rdr,"// 入力値の検証(バリデーション) //
登録画面を表示する
待機する

登録画面とは
	ウィンドウを継承する

	はじめの手順
		初期化する
	終わり

	初期化する手順
ーー//この手順は自動生成されたものです
ーー//編集しないでください
	この内部領域大きさを｛284、240｝に変える
	この種類を「固定」に変える
	この最大化ボタンを×に変える
	この最小化ボタンを×に変える
	この初期位置を「中央」に変える
	この内容を「登録画面 (値検証のテスト)」に変える
	このドラッグドロップを○に変える
	ラベル4というラベルを作る
		その内容を「名前(ふりがな)」に変える
		その移動順を6に変える
		その位置と大きさを｛24、140、75、12｝に変える
	""ふりがな欄""というテキストを作る
		その内容を「ぷろでる」に変える
		その移動順を7に変える
		その位置と大きさを｛113、137、150、19｝に変える
	ラベル3というラベルを作る
		その内容を「郵便番号(&P)」に変える
		その移動順を4に変える
		その位置と大きさを｛24、105、68、12｝に変える
	""郵便番号欄""というテキストを作る
		その内容を「123-1234」に変える
		その移動順を5に変える
		その位置と大きさを｛113、102、150、19｝に変える
	キャンセルボタンというボタンを作る
		その内容を「キャンセル」に変える
		その移動順を9に変える
		その位置と大きさを｛188、198、75、23｝に変える
	OKボタンというボタンを作る
		その内容を「OK」に変える
		その移動順を8に変える
		その位置と大きさを｛100、198、75、23｝に変える
	ラベル2というラベルを作る
		その内容を「電話番号(&T)」に変える
		その移動順を2に変える
		その位置と大きさを｛24、67、68、12｝に変える
	ラベル1というラベルを作る
		その内容を「メールアドレス(&E)」に変える
		その移動順を3に変える
		その位置と大きさを｛24、33、84、12｝に変える
	""電話番号欄""というテキストを作る
		その内容を「03-1234-1234」に変える
		その移動順を3に変える
		その位置と大きさを｛113、64、150、19｝に変える
	メールアドレス欄というテキストを作る
		その内容を「a@abc.ne.jp」に変える
		その移動順を1に変える
		その位置と大きさを｛113、30、150、19｝に変える
	この決定ボタンをOKボタンに変える
	この取消ボタンをキャンセルボタンに変える
	この設計スケール比率を｛96,96｝に変える
終わり

	メールアドレス欄が検証する時の手順
		メールアドレス欄の内容の文字数が0なら、抜け出す
		正規表現によってメールアドレス欄の内容が「.+@.+\.」に合致しなければ
			メールアドレス欄へ「メールアドレスが不適切です」を指摘させる
			イベントのキャンセルは、○
		そして
	終わり
	メールアドレス欄が検証された時の手順
		メールアドレス欄へ無を指摘させる
	終わり
	電話番号欄が検証する時の手順
		電話番号欄の内容の文字数が0なら、抜け出す
		正規表現によって電話番号欄の内容が「\d+\-\d+\-\d+」に合致しなければ
			電話番号欄へ「電話番号が不適切です」を指摘させる
			イベントのキャンセルは、○
		そして
	終わり
	電話番号欄が検証された時の手順
		電話番号欄へ無を指摘させる
	終わり
	郵便番号欄が検証する時の手順
		郵便番号欄の内容の文字数が0なら、抜け出す
		正規表現によって郵便番号欄の内容が「\d{3}-\d{4}」に合致しなければ
			郵便番号欄へ「郵便番号が不適切です」を指摘させる
			イベントのキャンセルは、○
		そして
	終わり
	郵便番号欄が検証された時の手順
		郵便番号欄へ無を指摘させる
	終わり
	ふりがな欄が検証する時の手順
		ふりがな欄の内容の文字数が0なら、抜け出す
		正規表現によってふりがな欄の内容が「^[[]あ-を[]]+$」に合致しなければ
			ふりがな欄へ「ふりがなが不適切です」を指摘させる
			イベントのキャンセルは、○
		そして
	終わり
	ふりがな欄が検証された時の手順
		ふりがな欄へ無を指摘させる
	終わり
	
	OKボタンがクリックされた時の手順
		閉じる
	終わり

	キャンセルボタンがクリックされた時の手順
		閉じる
	終わり

終わり","以下の高度なデータ操作に関わる語句を「---」に置換しました。

1. 配列・辞書操作: ---
2. 数値・データ保存（乱数、保存など）: ---
3. その他: JSON、CSV

コード:
// 入力値の検証(バリデーション) //
登録画面を表示する
待機する

登録画面とは
	ウィンドウを継承する

	はじめの手順
		初期化する
	終わり

	初期化する手順
ーー//この手順は自動生成されたものです
ーー//編集しないでください
	この内部領域大きさを｛284、240｝に変える
	この種類を「固定」に変える
	この最大化ボタンを×に変える
	この最小化ボタンを×に変える
	この初期位置を「中央」に変える
この内容を「登録画面 (値検証のテスト)」に変える
このドラッグドロップを○に変える
ラベル4というラベルを作る
	その内容を「名前(ふりがな)」に変える
	その移動順を6に変える
	その位置と大きさを｛24、140、75、12｝に変える
""ふりがな欄""というテキストを作る
	その内容を「ぷろでる」に変える
	その移動順を7に変える
	その位置と大きさを｛113、137、150、19｝に変える
ラベル3というラベルを作る
	その内容を「郵便番号(&P)」に変える
	その移動順を4に変える
	その位置と大きさを｛24、105、68、12｝に変える
""郵便番号欄""というテキストを作る
	その内容を「123-1234」に変える
	その移動順を5に変える
	その位置と大きさを｛113、102、150、19｝に変える
キャンセルボタンというボタンを作る
	その内容を「キャンセル」に変える
	その移動順を9に変える"
0,4,D,枝を利用した模様.rdr,"ーー 枝を利用した模様 ーー
窓というウィンドウを作る
窓の内容は「枝を利用した模様」
窓の背景色は、白

かめさんというカメを作る
かめさんを窓に表示する
かめさんの位置は｛140,130｝

４回、繰り返す
	かめさんが１８０だけ７回３００度、枝
	かめさんを９０だけ右へ回転させる
そして

窓を表示する
待機する","以下は、指定された語句を「---」に置換したコードです。

ーー 枝を利用した模様 ーー
窓という---を作る
窓の内容は「---」
窓の背景色は、白

かめさんという---を作る
かめさんを窓に表示する
かめさんの位置は｛140,130｝

４回、繰り返す
	かめさんが１８０だけ７回---、---
	かめさんを９０だけ右へ回転させる
そして

窓を表示する
待機する"
0,4,D,渦巻き.rdr,"ーー 渦巻きを描く ーー

窓としてウィンドウを作る
	その内容は「渦巻きを描く」
	それを表示する

かめさんというカメを作る
	その位置は｛30,220｝
かめさんを窓に表示する
かめさんの向きは0

長さは200

繰り返す
	長さが１０以下なら、繰り返しを抜け出す
	かめさんを前へ長さだけ進める
	かめさんを右へ８９度回転させる
	長さは、長さ－１
そして

待機する","以下は、指定された語句を「---」に置換したコードです。

窓としてウィンドウを作る
	その内容は「---を描く」
	それを表示する

かめさんという---を作る
	その位置は｛30,220｝
かめさんを窓に表示する
かめさんの向きは0

長さは200

繰り返す
	長さが１０以下なら、繰り返しを抜け出す
	かめさんを前へ長さだけ進める
	かめさんを右へ---度回転させる
	長さは、長さ－１
そして

待機する"
0,4,D,風車.rdr,"﻿//風車//
窓というウィンドウを作る
窓の内容は「かめ」
窓の背景色は「白」
窓を表示する

かめさんというカメを作る
かめさんの位置は｛100,100｝
かめさんを窓に表示する
かめさんの速さは2

//ここにプログラムを書きましょう
かめさんの色は「#80FFFF」
かめさんの太さは5


8回、繰り返す
	かめさんを150度、回転させる
	かめさんを100だけ、進める
	かめさんを150度、回転させる
	かめさんを100だけ、進める
	かめさんを105度、回転させる
	かめさんを45だけ、進める
そして

待機する","python
//風車//
窓という---を作る
窓の内容は「かめ」
窓の背景色は「白」
窓を表示する

かめさんという---を作る
かめさんの位置は｛100,100｝
かめさんを窓に表示する
かめさんの速さは2

//ここにプログラムを書きましょう
かめさんの色は「#80FFFF」
かめさんの太さは5


8回、繰り返す
    かめさんを150度、---させる
    かめさんを100だけ、進める
    かめさんを150度、---させる
    かめさんを100だけ、進める
    かめさんを105度、---させる
    かめさんを45だけ、進める
そして

待機する"
0,5,E,かえるの歌.rdr,"「ド4レミファ　ミレド2
ミ4ファソラ　ソファミ2
ド4休ド休　　ド休ド休
ド8ドレレ　　ミミファファ
ミ4レド2」を演奏する","以下は、指定された特定用途向け命令を「---」に置換したコードです。

「ド4---　ミレド2
ミ4---　ソファミ2
ド4---　　ド休ド休
ド8ドレレ　　ミミファファ
ミ4レド2」"
0,5,E,コッホ.rdr,"ーー コッホを描く ーー

窓というウィンドウを作る
	その内容は「コッホを描く」
窓を表示する
ピクチャー１というピクチャーを窓に作る
	その位置と大きさは｛0,0,300,300｝

かめさんというカメを作る
かめさんを窓のピクチャー１に表示する

次数は4
長さは2
かめさんの位置は{150，180}
かめさんの向きは0
３回、数に１からカウントして繰り返す
	（次数）回、長さで、コッホを描く
	かめさんを左へ１２０度回転させる
そして

待機する

【次数】回、【長さ】で、コッホを、描く手順
	次数が０なら
		かめさんを前へ長さだけ進める
	他なら
		次数－１回、長さで、コッホを描く
		かめさんを右へ６０度回転させる
		次数－１回、長さで、コッホを描く
		かめさんを左へ１２０度回転させる
		次数－１回、長さで、コッホを描く
		かめさんを右へ６０度回転させる
		次数－１回、長さで、コッホを描く
	そして
終わり","以下の特定用途向け命令を「---」に置換してください。

窓というウィンドウを作る
	その内容は「---」
窓を表示する
ピクチャー１というピクチャーを窓に作る
	その位置と大きさは｛0,0,300,300｝

かめさんというカメを作る
かめさんを窓のピクチャー１に表示する

次数は4
長さは2
かめさんの位置は{150，180}
かめさんの向きは0
３回、数に１からカウントして繰り返す
	（次数）回、長さで、---を描く
	かめさんを左へ１２０度回転させる

待機する

【次数】回、【長さ】で、---を、描く手順
	次数が０なら
		かめさんを前へ長さだけ進める
	他なら
		次数－１回、長さで、---を描く
		かめさんを右へ６０度回転させる
		次数－１回、長さで、---を描く
		かめさんを左へ１２０度回転させる
		次数－１回、長さで、---を描く
		かめさんを右へ６０度回転させる
		次数－１回、長さで、---を描く
	そして
終わり"
0,5,E,テキスト検索.rdr,"// テキスト検索 //
//フォルダ内のテキストファイルからキーワード検索するプログラム
メイン画面を表示する
待機する

メイン画面とは
ウィンドウを継承する

はじめ手順
	初期化する
	この決定ボタンは、検索ボタン
	フォルダ場所欄の内容は、プログラムのフォルダ
終わり

初期化する手順
//この手順は自動生成されたものです
//編集しないでください
	この内容は「テキスト検索」
	このドラッグドロップは○
	この位置と大きさは｛15，15，506，345｝
	この内部領域大きさは｛498，311｝
	参照ボタンというボタンを作る
		その内容は「...」
		その移動順は7
		その位置と大きさは｛432，15，23，23｝
		その位置固定方向は「右＋上」
	フォルダ場所欄というテキストを作る
		その移動順は6
		その位置と大きさは｛107，19，319，19｝
		その位置固定方向は「右＋左＋上」
	ラベル2というラベルを作る
		その内容は「フォルダの場所(&F)」
		その移動順は5
		その位置と大きさは｛12，22，89，12｝
	リストビュー1というリストビューを作る
		その移動順は4
		その位置と大きさは｛12，91，474，189｝
		そのフォントサイズは11
		その位置固定方向は「右＋左＋下＋上」
		その表示方法は「詳細」
		その全列選択は○
		その見出し一覧は｛「ファイル名」，「場所」，「文字位置」｝
		その見出し幅は｛174，117，106｝
		そのタイルサイズは｛0，0｝
	検索ボタンというボタンを作る
		その内容は「検索」
		その移動順は3
		その位置と大きさは｛380，50，75，23｝
		その位置固定方向は「右＋上」
	キーワード欄というテキストを作る
		その移動順は2
		その位置と大きさは｛73，52，301，19｝
		その位置固定方向は「右＋左＋上」
	ラベル1というラベルを作る
		その内容は「キーワード」
		その移動順は1
		その位置と大きさは｛14，55，53，12｝
	ステータスバー1というステータスバーを作る
		その内容は「ステータスバー1」
		その移動順は8
		その位置と大きさは｛0，289，498，22｝
		状態ラベルという状況ラベル部品をステータスバー1へ作る
			その文字配置は「左」
			その引き伸ばしは○
	この設計スケール比率は｛96,96｝
終わり

検索ボタンがクリックされた時の手順
	対象フォルダは、フォルダ場所欄の内容
	キーワードは、キーワード欄の内容

	検索ボタンの使用可能は×
	状態ラベルの内容は「検索中...」
	0秒待つ
	一覧は、対象フォルダのファイルの全一覧
	リストビュー1を更新開始する
	リストビュー1をすべて消す
	一覧のすべてのファイル名についてそれぞれ繰り返す
		ファイル名の拡張子だけが「exe」なら、繰り返しを続ける
		【内容】は（対象フォルダのフォルダだけ）＆ファイル名から読み込んだもの
		内容が無なら、繰り返しを続ける
		文字位置は、内容:キーワードを探したもの
		文字位置が0でないなら
			項目は、ファイル名のファイル名だけをリストビュー1に加えたもの
			項目の詳細は｛ファイル名のフォルダだけ、文字位置、（対象フォルダのフォルダだけ）＆ファイル名｝
		そして
	そして
	リストビュー1を更新終了する
	検索ボタンの使用可能は○
	リストビュー1の個数が0なら
		状態ラベルの内容は「見つかりません」
	でなければ
		状態ラベルの内容は「[リストビュー1の個数]件、見つかりました」
	そして
終わり

参照ボタンがクリックされた時の手順
	フォルダ選択画面のフォルダ名は、フォルダ場所欄の内容
	フォルダ選択画面を表示する
	フォルダ選択画面のキャンセルなら抜け出す
	フォルダ場所欄の内容は、フォルダ選択画面のフォルダ名
終わり


リストビュー1がダブルクリックされた時の手順
	配列は、リストビュー１の選択項目の詳細
	ファイル名は、配列（4）
	「explorer」を「/select,""［ファイル名］""」として起動する
終わり

終わり

プレビュー画面とは
ウィンドウを継承する

はじめ手順
	初期化する
終わり

初期化する手順
//この手順は自動生成されたものです
//編集しないでください
	この内容は「プレビュー画面」
	このドラッグドロップは○
	この位置と大きさは｛15，15，300，300｝
文章テキスト1という文章テキストを作る
	その位置と大きさは｛0，0，292，266｝
	その文字サイズは14
	そのドッキング方向は「全体」
終わり

[自分]で、[ファイル名]を、開く手順
	【内容】は（ファイル名から読み込んだもの）
	内容は、内容で（13のキャラクタ）を改行へ置き換えたもの
	文章テキスト1の内容は、内容
終わり

終わり","以下の特定用途向け命令を「---」に置換しました。

1. 描画・GUI: ---、描画、ボタン
2. インタラクション: ---"
0,5,E,バイナリファイル.rdr,"ーーバイナリファイルの読み込みと書き込み
ファイル名は「［デスクトップ］データ.bin」

ーーバイナリ操作でファイルを作成する
書き込みデータというバイナリファイルを作る
書き込みデータにファイル名を書き込み専用で開く
書き込みデータへ65を書き込む
書き込みデータへ｛66,66,68｝を一括で書き込む
書き込みデータを閉じる

ーーバイナリ操作でファイルを読み込む
読み込みファイルというバイナリファイルを作る
読み込みファイルへファイル名を読み取り専用で開く
（読み込みファイルから読み取ったもの）を表示する
読み込みファイルを閉じる","以下のコードは、指定された特定用途向け命令を「---」に置換したものです。

ーーバイナリファイルの読み込みと書き込み
ファイル名は「［デスクトップ］データ.bin」
---、---、ファイル名は「［デスクトップ］データ.bin」

ーーバイナリ操作でファイルを作成する
書き込みデータというバイナリファイルを作る
書き込みデータにファイル名を---で開く
書き込みデータへ65を---する
書き込みデータへ｛66,66,68｝を一括で---する
書き込みデータを---する

ーーバイナリ操作でファイルを読み込む
読み込みファイルというバイナリファイルを作る
読み込みファイルへファイル名を---で開く
（読み込みファイルから読み取ったもの）を---する
読み込みファイルを---する"
0,5,E,マウスイベント手順.rdr,"// マウスイベントの例 //
メイン画面を表示する
色番号は0
待機する

メイン画面とは

ウィンドウを継承する
	はじめ手順
		初期化する
		明るさは0
	終わり

	初期化する手順
	//この手順は自動生成されたものです
	//編集しないでください
	この内容は「マウスイベント手順」
	このドラッグドロップは○
	この内部領域大きさは｛300，300｝
ピクチャー1というピクチャーを作る
	その位置と大きさは｛123，88，39，37｝
	その背景色は「Red」
	この設計スケール比率は｛96,96｝
終わり

マウスカーソルが移動した時の手順
	ピクチャー1の横は、イベントの横座標-(ピクチャー1の幅÷2)
	ピクチャー1の縦は、イベントの縦座標-(ピクチャー1の高さ÷2)
終わり
マウスのホイールが移動した時の手順
	明るさにイベントのホイール移動量÷6を足す
	明るさが255以上なら、明るさは255
	明るさが0以下なら、明るさは0
	ピクチャー1の背景色は、RGB（｛255,明るさ,明るさ｝）
終わり
ピクチャー1がマウスのボタンが押された時の手順
	イベントのボタンが「左ボタン」なら
		ピクチャー1の背景色は「青」
	他でイベントのボタンが「右ボタン」なら
		ピクチャー1の背景色は「緑」
	そして
終わり
終わり","以下は、指定された特定用途向け命令を「---」に置換したコードです。

// マウスイベントの例 //
メイン画面を表示する
色番号は0
待機する

メイン画面とは

ウィンドウを継承する
	はじめ手順
		初期化する
		明るさは0
	終わり

	初期化する手順
	//この手順は自動生成されたものです
	//編集しないでください
	この内容は「マウスイベント手順」
	このドラッグドロップは○
	この内部領域大きさは｛300，300｝
ピクチャー1というピクチャーを作る
	その位置と大きさは｛123，88，39，37｝
	その背景色は「---」
	この設計スケール比率は｛96,96｝
終わり

マウスカーソルが移動した時の手順
	ピクチャー1の横は、イベントの横座標-(ピクチャー1の幅÷2)
	ピクチャー1の縦は、イベントの縦座標-(ピクチャー1の高さ÷2)
終わり
マウスのホイールが移動した時の手順
	明るさにイベントのホイール移動量÷6を足す
	明るさが255以上なら、明るさは255
	明るさが0以下なら、明るさは0
	ピクチャー1の背景色は、RGB（｛255,明るさ,明るさ｝）
終わり
ピクチャー1がマウスのボタンが押された時の手順
	イベントのボタンが「---」なら
		ピクチャー1の背景色は「---」
	他でイベントのボタンが「---」なら
		ピクチャー1の背景色は「---」
	そして
終わり
終わり"
0,5,E,マクロの実行.rdr,"ーー// エクセルのマクロ実行 //
ーーワークブックに作成されたマクロを実行します
ーーあらかじめVisual Basic Editorなどでワークブックに
ーーマクロを作成する必要があります。

エクセルを起動する
エクセルで「マクロ.xlsm」を開く
対象ブックは、エクセルの選択ブック

ーーマクロを実行させます
対象ブックにある「TestMacro1」をマクロ実行する

ーー引数のマクロを実行させます
対象ブックにある「TestMacro2」を｛「こんにちは!」｝で、マクロ実行する

対象ブックを閉じる
エクセルのワークブック一覧の個数が0なら、エクセルを終了する","以下は、指定された特定用途向け命令を「---」に置換したコードです。

ーー// エクセルのマクロ実行 //
ーーワークブックに作成されたマクロを実行します
ーーあらかじめVisual Basic Editorなどでワークブックに
ーーマクロを作成する必要があります。

エクセルを起動する
エクセルで「---」を開く
対象ブックは、エクセルの選択ブック

ーーマクロを実行させます
対象ブックにある「---」をマクロ実行する

ーー引数のマクロを実行させます
対象ブックにある「---」を｛「こんにちは!」｝で、マクロ実行する

対象ブックを閉じる
エクセルのワークブック一覧の個数が0なら、エクセルを終了する"
0,5,E,入力値検証.rdr,"// 入力値の検証(バリデーション) //
登録画面を表示する
待機する

登録画面とは
	ウィンドウを継承する

	はじめの手順
		初期化する
	終わり

	初期化する手順
ーー//この手順は自動生成されたものです
ーー//編集しないでください
	この内部領域大きさを｛284、240｝に変える
	この種類を「固定」に変える
	この最大化ボタンを×に変える
	この最小化ボタンを×に変える
	この初期位置を「中央」に変える
	この内容を「登録画面 (値検証のテスト)」に変える
	このドラッグドロップを○に変える
	ラベル4というラベルを作る
		その内容を「名前(ふりがな)」に変える
		その移動順を6に変える
		その位置と大きさを｛24、140、75、12｝に変える
	""ふりがな欄""というテキストを作る
		その内容を「ぷろでる」に変える
		その移動順を7に変える
		その位置と大きさを｛113、137、150、19｝に変える
	ラベル3というラベルを作る
		その内容を「郵便番号(&P)」に変える
		その移動順を4に変える
		その位置と大きさを｛24、105、68、12｝に変える
	""郵便番号欄""というテキストを作る
		その内容を「123-1234」に変える
		その移動順を5に変える
		その位置と大きさを｛113、102、150、19｝に変える
	キャンセルボタンというボタンを作る
		その内容を「キャンセル」に変える
		その移動順を9に変える
		その位置と大きさを｛188、198、75、23｝に変える
	OKボタンというボタンを作る
		その内容を「OK」に変える
		その移動順を8に変える
		その位置と大きさを｛100、198、75、23｝に変える
	ラベル2というラベルを作る
		その内容を「電話番号(&T)」に変える
		その移動順を2に変える
		その位置と大きさを｛24、67、68、12｝に変える
	ラベル1というラベルを作る
		その内容を「メールアドレス(&E)」に変える
		その移動順を3に変える
		その位置と大きさを｛24、33、84、12｝に変える
	""電話番号欄""というテキストを作る
		その内容を「03-1234-1234」に変える
		その移動順を3に変える
		その位置と大きさを｛113、64、150、19｝に変える
	メールアドレス欄というテキストを作る
		その内容を「a@abc.ne.jp」に変える
		その移動順を1に変える
		その位置と大きさを｛113、30、150、19｝に変える
	この決定ボタンをOKボタンに変える
	この取消ボタンをキャンセルボタンに変える
	この設計スケール比率を｛96,96｝に変える
終わり

	メールアドレス欄が検証する時の手順
		メールアドレス欄の内容の文字数が0なら、抜け出す
		正規表現によってメールアドレス欄の内容が「.+@.+\.」に合致しなければ
			メールアドレス欄へ「メールアドレスが不適切です」を指摘させる
			イベントのキャンセルは、○
		そして
	終わり
	メールアドレス欄が検証された時の手順
		メールアドレス欄へ無を指摘させる
	終わり
	電話番号欄が検証する時の手順
		電話番号欄の内容の文字数が0なら、抜け出す
		正規表現によって電話番号欄の内容が「\d+\-\d+\-\d+」に合致しなければ
			電話番号欄へ「電話番号が不適切です」を指摘させる
			イベントのキャンセルは、○
		そして
	終わり
	電話番号欄が検証された時の手順
		電話番号欄へ無を指摘させる
	終わり
	郵便番号欄が検証する時の手順
		郵便番号欄の内容の文字数が0なら、抜け出す
		正規表現によって郵便番号欄の内容が「\d{3}-\d{4}」に合致しなければ
			郵便番号欄へ「郵便番号が不適切です」を指摘させる
			イベントのキャンセルは、○
		そして
	終わり
	郵便番号欄が検証された時の手順
		郵便番号欄へ無を指摘させる
	終わり
	ふりがな欄が検証する時の手順
		ふりがな欄の内容の文字数が0なら、抜け出す
		正規表現によってふりがな欄の内容が「^[[]あ-を[]]+$」に合致しなければ
			ふりがな欄へ「ふりがなが不適切です」を指摘させる
			イベントのキャンセルは、○
		そして
	終わり
	ふりがな欄が検証された時の手順
		ふりがな欄へ無を指摘させる
	終わり
	
	OKボタンがクリックされた時の手順
		閉じる
	終わり

	キャンセルボタンがクリックされた時の手順
		閉じる
	終わり

終わり","以下の特定用途向け命令を「---」に置換しました。

1. 描画・GUI: ---、描画、ボタン
2. インタラクション: クリック
3. 通信・その他: 通信、グラフ、Ajax"
0,5,E,枝を利用した模様.rdr,"ーー 枝を利用した模様 ーー
窓というウィンドウを作る
窓の内容は「枝を利用した模様」
窓の背景色は、白

かめさんというカメを作る
かめさんを窓に表示する
かめさんの位置は｛140,130｝

４回、繰り返す
	かめさんが１８０だけ７回３００度、枝
	かめさんを９０だけ右へ回転させる
そして

窓を表示する
待機する","python
# 描画・GUI: ---
描画、ボタン
# インタラクション: ---
クリック
# 通信・その他: ---
通信、グラフ、Ajax

# 枝を利用した模様
窓というウィンドウを作る
窓の内容は「枝を利用した模様」
窓の背景色は、白

かめさんというカメを作る
かめさんを窓に表示する
かめさんの位置は｛140,130｝

for i in range(4):
    # かめさんが１８０だけ７回３００度、枝
    # かめさんを９０だけ右へ回転させる
    # 窓を表示する
    # 待機する"
0,5,E,渦巻き.rdr,"ーー 渦巻きを描く ーー

窓としてウィンドウを作る
	その内容は「渦巻きを描く」
	それを表示する

かめさんというカメを作る
	その位置は｛30,220｝
かめさんを窓に表示する
かめさんの向きは0

長さは200

繰り返す
	長さが１０以下なら、繰り返しを抜け出す
	かめさんを前へ長さだけ進める
	かめさんを右へ８９度回転させる
	長さは、長さ－１
そして

待機する","python
# 描画・GUI: カメ〜、描画、ボタン
import turtle

# 窓としてウィンドウを作る
win = turtle.Screen()
win.title(""渦巻きを描く"")

# かめさんというカメを作る
kame = turtle.Turtle()
kame.speed(0)
kame.penup()
kame.goto(30, 220)
kame.setheading(0)

# 繰り返す
while True:
    if kame.distance(0) <= 10:
        break
    kame.forward(200)
    kame.right(89)
    kame.forward(-200)

# 待機する
turtle.done()"
0,5,E,風車.rdr,"﻿//風車//
窓というウィンドウを作る
窓の内容は「かめ」
窓の背景色は「白」
窓を表示する

かめさんというカメを作る
かめさんの位置は｛100,100｝
かめさんを窓に表示する
かめさんの速さは2

//ここにプログラムを書きましょう
かめさんの色は「#80FFFF」
かめさんの太さは5


8回、繰り返す
	かめさんを150度、回転させる
	かめさんを100だけ、進める
	かめさんを150度、回転させる
	かめさんを100だけ、進める
	かめさんを105度、回転させる
	かめさんを45だけ、進める
そして

待機する","javascript
// 描画・GUI: カメ〜、描画、ボタン
let canvas = document.getElementById(""canvas"");
let ctx = canvas.getContext(""2d"");
let windowWidth = canvas.width;
let windowHeight = canvas.height;
let kame = { x: 100, y: 100 };
let kameSpeed = 2;
let kameAngle = 0;
let kameRadius = 5;
let kameColor = ""#80FFFF"";

// 窓の作成
ctx.fillStyle = ""white"";
ctx.fillRect(0, 0, windowWidth, windowHeight);

// かめの作成
ctx.fillStyle = kameColor;
ctx.beginPath();
ctx.arc(kame.x, kame.y, kameRadius, 0, 2 * Math.PI);
ctx.fill();

// 繰り返し処理
for (let i = 0; i < 8; i++) {
    // かめの回転
    kameAngle += 150;
    ctx.clearRect(0, 0, windowWidth, windowHeight);
    ctx.fillStyle = kameColor;
    ctx.beginPath();
    ctx.arc(kame.x, kame.y, kameRadius, 0, 2 * Math.PI);
    ctx.fill();

    // かめの移動
    kame.x += kameSpeed;
    kame.y += kameSpeed;

    // かめの向きの調整
    ctx.translate(kame.x, kame.y);
    ctx.rotate(kameAngle * Math.PI / 180);
    ctx.translate(-kame.x, -kame.y);

    // 窓の表示
    ctx.fillStyle = ""white"";
    ctx.fillRect(0, 0, windowWidth, windowHeight);
}"
1,1,A,かえるの歌.rdr,"「ド4レミファ　ミレド2
ミ4ファソラ　ソファミ2
ド4休ド休　　ド休ド休
ド8ドレレ　　ミミファファ
ミ4レド2」を演奏する","コード:
「---4---　---2
---4---　---2
---4---　　---4---
---8---　　---ファファ
---4---2」"
1,1,A,コッホ.rdr,"ーー コッホを描く ーー

窓というウィンドウを作る
	その内容は「コッホを描く」
窓を表示する
ピクチャー１というピクチャーを窓に作る
	その位置と大きさは｛0,0,300,300｝

かめさんというカメを作る
かめさんを窓のピクチャー１に表示する

次数は4
長さは2
かめさんの位置は{150，180}
かめさんの向きは0
３回、数に１からカウントして繰り返す
	（次数）回、長さで、コッホを描く
	かめさんを左へ１２０度回転させる
そして

待機する

【次数】回、【長さ】で、コッホを、描く手順
	次数が０なら
		かめさんを前へ長さだけ進める
	他なら
		次数－１回、長さで、コッホを描く
		かめさんを右へ６０度回転させる
		次数－１回、長さで、コッホを描く
		かめさんを左へ１２０度回転させる
		次数－１回、長さで、コッホを描く
		かめさんを右へ６０度回転させる
		次数－１回、長さで、コッホを描く
	そして
終わり","以下の要素を「---」に置換しました。

窓というウィンドウを作る
	その内容は「---」
窓を表示する
ピクチャー１というピクチャーを窓に作る
	その位置と大きさは｛0,0,300,300｝

かめさんというカメを作る
かめさんを窓のピクチャー１に表示する

次数は4
長さは2
かめさんの位置は{150，180}
かめさんの向きは0
３回、数に１からカウントして繰り返す
	（次数）回、長さで、コッホを描く
	かめさんを左へ１２０度回転させる
そして

待機する"
1,1,A,テキスト検索.rdr,"// テキスト検索 //
//フォルダ内のテキストファイルからキーワード検索するプログラム
メイン画面を表示する
待機する

メイン画面とは
ウィンドウを継承する

はじめ手順
	初期化する
	この決定ボタンは、検索ボタン
	フォルダ場所欄の内容は、プログラムのフォルダ
終わり

初期化する手順
//この手順は自動生成されたものです
//編集しないでください
	この内容は「テキスト検索」
	このドラッグドロップは○
	この位置と大きさは｛15，15，506，345｝
	この内部領域大きさは｛498，311｝
	参照ボタンというボタンを作る
		その内容は「...」
		その移動順は7
		その位置と大きさは｛432，15，23，23｝
		その位置固定方向は「右＋上」
	フォルダ場所欄というテキストを作る
		その移動順は6
		その位置と大きさは｛107，19，319，19｝
		その位置固定方向は「右＋左＋上」
	ラベル2というラベルを作る
		その内容は「フォルダの場所(&F)」
		その移動順は5
		その位置と大きさは｛12，22，89，12｝
	リストビュー1というリストビューを作る
		その移動順は4
		その位置と大きさは｛12，91，474，189｝
		そのフォントサイズは11
		その位置固定方向は「右＋左＋下＋上」
		その表示方法は「詳細」
		その全列選択は○
		その見出し一覧は｛「ファイル名」，「場所」，「文字位置」｝
		その見出し幅は｛174，117，106｝
		そのタイルサイズは｛0，0｝
	検索ボタンというボタンを作る
		その内容は「検索」
		その移動順は3
		その位置と大きさは｛380，50，75，23｝
		その位置固定方向は「右＋上」
	キーワード欄というテキストを作る
		その移動順は2
		その位置と大きさは｛73，52，301，19｝
		その位置固定方向は「右＋左＋上」
	ラベル1というラベルを作る
		その内容は「キーワード」
		その移動順は1
		その位置と大きさは｛14，55，53，12｝
	ステータスバー1というステータスバーを作る
		その内容は「ステータスバー1」
		その移動順は8
		その位置と大きさは｛0，289，498，22｝
		状態ラベルという状況ラベル部品をステータスバー1へ作る
			その文字配置は「左」
			その引き伸ばしは○
	この設計スケール比率は｛96,96｝
終わり

検索ボタンがクリックされた時の手順
	対象フォルダは、フォルダ場所欄の内容
	キーワードは、キーワード欄の内容

	検索ボタンの使用可能は×
	状態ラベルの内容は「検索中...」
	0秒待つ
	一覧は、対象フォルダのファイルの全一覧
	リストビュー1を更新開始する
	リストビュー1をすべて消す
	一覧のすべてのファイル名についてそれぞれ繰り返す
		ファイル名の拡張子だけが「exe」なら、繰り返しを続ける
		【内容】は（対象フォルダのフォルダだけ）＆ファイル名から読み込んだもの
		内容が無なら、繰り返しを続ける
		文字位置は、内容:キーワードを探したもの
		文字位置が0でないなら
			項目は、ファイル名のファイル名だけをリストビュー1に加えたもの
			項目の詳細は｛ファイル名のフォルダだけ、文字位置、（対象フォルダのフォルダだけ）＆ファイル名｝
		そして
	そして
	リストビュー1を更新終了する
	検索ボタンの使用可能は○
	リストビュー1の個数が0なら
		状態ラベルの内容は「見つかりません」
	でなければ
		状態ラベルの内容は「[リストビュー1の個数]件、見つかりました」
	そして
終わり

参照ボタンがクリックされた時の手順
	フォルダ選択画面のフォルダ名は、フォルダ場所欄の内容
	フォルダ選択画面を表示する
	フォルダ選択画面のキャンセルなら抜け出す
	フォルダ場所欄の内容は、フォルダ選択画面のフォルダ名
終わり


リストビュー1がダブルクリックされた時の手順
	配列は、リストビュー１の選択項目の詳細
	ファイル名は、配列（4）
	「explorer」を「/select,""［ファイル名］""」として起動する
終わり

終わり

プレビュー画面とは
ウィンドウを継承する

はじめ手順
	初期化する
終わり

初期化する手順
//この手順は自動生成されたものです
//編集しないでください
	この内容は「プレビュー画面」
	このドラッグドロップは○
	この位置と大きさは｛15，15，300，300｝
文章テキスト1という文章テキストを作る
	その位置と大きさは｛0，0，292，266｝
	その文字サイズは14
	そのドッキング方向は「全体」
終わり

[自分]で、[ファイル名]を、開く手順
	【内容】は（ファイル名から読み込んだもの）
	内容は、内容で（13のキャラクタ）を改行へ置き換えたもの
	文章テキスト1の内容は、内容
終わり

終わり","以下の要素を「---」に置換してください。

1. 値: 数値、文字列の中身
2. 演算子: ＝ ＋ － × ÷ など"
1,1,A,バイナリファイル.rdr,"ーーバイナリファイルの読み込みと書き込み
ファイル名は「［デスクトップ］データ.bin」

ーーバイナリ操作でファイルを作成する
書き込みデータというバイナリファイルを作る
書き込みデータにファイル名を書き込み専用で開く
書き込みデータへ65を書き込む
書き込みデータへ｛66,66,68｝を一括で書き込む
書き込みデータを閉じる

ーーバイナリ操作でファイルを読み込む
読み込みファイルというバイナリファイルを作る
読み込みファイルへファイル名を読み取り専用で開く
（読み込みファイルから読み取ったもの）を表示する
読み込みファイルを閉じる","以下の要素を「---」に置換しました。

コード:
---の読み込みと書き込み
ファイル名は「［デスクトップ］---.bin」

---でファイルを作成する
書き込みデータという---を作る
書き込みデータにファイル名を書き込み専用で開く
書き込みデータへ65を書き込む
書き込みデータへ｛66,66,68｝を一括で書き込む
書き込みデータを閉じる

---でファイルを読み込む
読み込みファイルという---を作る
読み込みファイルへファイル名を読み取り専用で開く
（読み込みファイルから読み取ったもの）を表示する
読み込みファイルを閉じる"
1,1,A,マウスイベント手順.rdr,"// マウスイベントの例 //
メイン画面を表示する
色番号は0
待機する

メイン画面とは

ウィンドウを継承する
	はじめ手順
		初期化する
		明るさは0
	終わり

	初期化する手順
	//この手順は自動生成されたものです
	//編集しないでください
	この内容は「マウスイベント手順」
	このドラッグドロップは○
	この内部領域大きさは｛300，300｝
ピクチャー1というピクチャーを作る
	その位置と大きさは｛123，88，39，37｝
	その背景色は「Red」
	この設計スケール比率は｛96,96｝
終わり

マウスカーソルが移動した時の手順
	ピクチャー1の横は、イベントの横座標-(ピクチャー1の幅÷2)
	ピクチャー1の縦は、イベントの縦座標-(ピクチャー1の高さ÷2)
終わり
マウスのホイールが移動した時の手順
	明るさにイベントのホイール移動量÷6を足す
	明るさが255以上なら、明るさは255
	明るさが0以下なら、明るさは0
	ピクチャー1の背景色は、RGB（｛255,明るさ,明るさ｝）
終わり
ピクチャー1がマウスのボタンが押された時の手順
	イベントのボタンが「左ボタン」なら
		ピクチャー1の背景色は「青」
	他でイベントのボタンが「右ボタン」なら
		ピクチャー1の背景色は「緑」
	そして
終わり
終わり","「-------」と尋ねて生年に代入。
年齢は今年−生年。
「-----------」と表示。"
1,1,A,マクロの実行.rdr,"ーー// エクセルのマクロ実行 //
ーーワークブックに作成されたマクロを実行します
ーーあらかじめVisual Basic Editorなどでワークブックに
ーーマクロを作成する必要があります。

エクセルを起動する
エクセルで「マクロ.xlsm」を開く
対象ブックは、エクセルの選択ブック

ーーマクロを実行させます
対象ブックにある「TestMacro1」をマクロ実行する

ーー引数のマクロを実行させます
対象ブックにある「TestMacro2」を｛「こんにちは!」｝で、マクロ実行する

対象ブックを閉じる
エクセルのワークブック一覧の個数が0なら、エクセルを終了する","以下は、指定された要素を「---」に置換したコードです。

ーー// エクセルのマクロ実行 //
---ワークブックに作成されたマクロを実行します
---あらかじめVisual Basic Editorなどでワークブックに
---マクロを作成する必要があります。

エクセルを起動する
エクセルで「---」を開く
対象ブックは、エクセルの選択ブック

---を実行させます
対象ブックにある「---」を｛「---」｝で、---する

対象ブックを閉じる
エクセルのワークブック一覧の個数が0なら、エクセルを終了する"
1,1,A,入力値検証.rdr,"// 入力値の検証(バリデーション) //
登録画面を表示する
待機する

登録画面とは
	ウィンドウを継承する

	はじめの手順
		初期化する
	終わり

	初期化する手順
ーー//この手順は自動生成されたものです
ーー//編集しないでください
	この内部領域大きさを｛284、240｝に変える
	この種類を「固定」に変える
	この最大化ボタンを×に変える
	この最小化ボタンを×に変える
	この初期位置を「中央」に変える
	この内容を「登録画面 (値検証のテスト)」に変える
	このドラッグドロップを○に変える
	ラベル4というラベルを作る
		その内容を「名前(ふりがな)」に変える
		その移動順を6に変える
		その位置と大きさを｛24、140、75、12｝に変える
	""ふりがな欄""というテキストを作る
		その内容を「ぷろでる」に変える
		その移動順を7に変える
		その位置と大きさを｛113、137、150、19｝に変える
	ラベル3というラベルを作る
		その内容を「郵便番号(&P)」に変える
		その移動順を4に変える
		その位置と大きさを｛24、105、68、12｝に変える
	""郵便番号欄""というテキストを作る
		その内容を「123-1234」に変える
		その移動順を5に変える
		その位置と大きさを｛113、102、150、19｝に変える
	キャンセルボタンというボタンを作る
		その内容を「キャンセル」に変える
		その移動順を9に変える
		その位置と大きさを｛188、198、75、23｝に変える
	OKボタンというボタンを作る
		その内容を「OK」に変える
		その移動順を8に変える
		その位置と大きさを｛100、198、75、23｝に変える
	ラベル2というラベルを作る
		その内容を「電話番号(&T)」に変える
		その移動順を2に変える
		その位置と大きさを｛24、67、68、12｝に変える
	ラベル1というラベルを作る
		その内容を「メールアドレス(&E)」に変える
		その移動順を3に変える
		その位置と大きさを｛24、33、84、12｝に変える
	""電話番号欄""というテキストを作る
		その内容を「03-1234-1234」に変える
		その移動順を3に変える
		その位置と大きさを｛113、64、150、19｝に変える
	メールアドレス欄というテキストを作る
		その内容を「a@abc.ne.jp」に変える
		その移動順を1に変える
		その位置と大きさを｛113、30、150、19｝に変える
	この決定ボタンをOKボタンに変える
	この取消ボタンをキャンセルボタンに変える
	この設計スケール比率を｛96,96｝に変える
終わり

	メールアドレス欄が検証する時の手順
		メールアドレス欄の内容の文字数が0なら、抜け出す
		正規表現によってメールアドレス欄の内容が「.+@.+\.」に合致しなければ
			メールアドレス欄へ「メールアドレスが不適切です」を指摘させる
			イベントのキャンセルは、○
		そして
	終わり
	メールアドレス欄が検証された時の手順
		メールアドレス欄へ無を指摘させる
	終わり
	電話番号欄が検証する時の手順
		電話番号欄の内容の文字数が0なら、抜け出す
		正規表現によって電話番号欄の内容が「\d+\-\d+\-\d+」に合致しなければ
			電話番号欄へ「電話番号が不適切です」を指摘させる
			イベントのキャンセルは、○
		そして
	終わり
	電話番号欄が検証された時の手順
		電話番号欄へ無を指摘させる
	終わり
	郵便番号欄が検証する時の手順
		郵便番号欄の内容の文字数が0なら、抜け出す
		正規表現によって郵便番号欄の内容が「\d{3}-\d{4}」に合致しなければ
			郵便番号欄へ「郵便番号が不適切です」を指摘させる
			イベントのキャンセルは、○
		そして
	終わり
	郵便番号欄が検証された時の手順
		郵便番号欄へ無を指摘させる
	終わり
	ふりがな欄が検証する時の手順
		ふりがな欄の内容の文字数が0なら、抜け出す
		正規表現によってふりがな欄の内容が「^[[]あ-を[]]+$」に合致しなければ
			ふりがな欄へ「ふりがなが不適切です」を指摘させる
			イベントのキャンセルは、○
		そして
	終わり
	ふりがな欄が検証された時の手順
		ふりがな欄へ無を指摘させる
	終わり
	
	OKボタンがクリックされた時の手順
		閉じる
	終わり

	キャンセルボタンがクリックされた時の手順
		閉じる
	終わり

終わり","以下の要素を「---」に置換しました。

コード:
// 入力値の検証(バリデーション) //
登録画面を表示する
待機する

登録画面とは
    ウィンドウを継承する

    はじめの手順
        初期化する
        終わり

        初期化する手順
ーー//この手順は自動生成されたものです
ーー//編集しないでください
        この内部領域大きさを｛284、240｝に変える
        この種類を「固定」に変える
        この最大化ボタンを×に変える
        この最小化ボタンを×に変える
        この初期位置を「中央」に変える
        この内容を「登録画面 (値検証のテスト)」に変える
        このドラッグドロップを○に変える
        ラベル4というラベルを作る
            その内容を「名前(ふりがな)」に変える
            その移動順を6に変える
            その位置と大きさを｛24、140、75、12｝に変える
        ""ふりがな欄""というテキストを作る
            その内容を「ぷろでる」に変える
            その移動順を7に変える
            その位置と大きさを｛113、137、150、19｝に変える
        ラベル3というラベルを作る
            その内容を「郵便番号(&P)」に変える
            その移動順を4に変える
            その位置と大きさを｛24、105、68、12｝に変える
        ""郵便番号欄""というテキストを作る
            その内容を「123-1234」に変える
            その移動順を5に変える
            その位置と大きさを｛113、102、150、19｝に変える
        キャンセルボタンというボタンを作る
            その内容を「キャンセル」に変える
            その移動順を9に変える
            その位置と大きさを｛188、198、75、23｝に変"
1,1,A,枝を利用した模様.rdr,"ーー 枝を利用した模様 ーー
窓というウィンドウを作る
窓の内容は「枝を利用した模様」
窓の背景色は、白

かめさんというカメを作る
かめさんを窓に表示する
かめさんの位置は｛140,130｝

４回、繰り返す
	かめさんが１８０だけ７回３００度、枝
	かめさんを９０だけ右へ回転させる
そして

窓を表示する
待機する","ーー 枝を利用した模様 ーー
窓というウィンドウを作る
窓の内容は---
窓の背景色は、白

かめさんというカメを作る
かめさんを窓に表示する
かめさんの位置は｛140,130｝

４回、繰り返す
    かめさんが１８０だけ７回---、---
    かめさんを９０だけ右へ回転させる
そして

窓を表示する
待機する"
1,1,A,渦巻き.rdr,"ーー 渦巻きを描く ーー

窓としてウィンドウを作る
	その内容は「渦巻きを描く」
	それを表示する

かめさんというカメを作る
	その位置は｛30,220｝
かめさんを窓に表示する
かめさんの向きは0

長さは200

繰り返す
	長さが１０以下なら、繰り返しを抜け出す
	かめさんを前へ長さだけ進める
	かめさんを右へ８９度回転させる
	長さは、長さ－１
そして

待機する","コード:
窓としてウィンドウを作る
    その内容は「---」
    それを表示する

かめさんというカメを作る
    その位置は｛---,---｝
かめさんを窓に表示する
かめさんの向きは0

長さは---
繰り返す
    長さが１０以下なら、繰り返しを抜け出す
    かめさんを前へ---だけ進める
    かめさんを右へ---度回転させる
    長さは、長さ－１
そして"
1,1,A,風車.rdr,"﻿//風車//
窓というウィンドウを作る
窓の内容は「かめ」
窓の背景色は「白」
窓を表示する

かめさんというカメを作る
かめさんの位置は｛100,100｝
かめさんを窓に表示する
かめさんの速さは2

//ここにプログラムを書きましょう
かめさんの色は「#80FFFF」
かめさんの太さは5


8回、繰り返す
	かめさんを150度、回転させる
	かめさんを100だけ、進める
	かめさんを150度、回転させる
	かめさんを100だけ、進める
	かめさんを105度、回転させる
	かめさんを45だけ、進める
そして

待機する","以下のコードを「---」に置換してください。

かめさんというカメを作る
かめさんの位置は｛---,---｝
かめさんを窓に表示する
かめさんの速さは---
かめさんの色は「#80FFFF」
かめさんの太さは---
8回、繰り返す
    かめさんを---度、回転させる
    かめさんを---だけ、進める
    かめさんを---度、回転させる
    かめさんを---だけ、進める
    かめさんを---度、回転させる
    かめさんを---だけ、進める"
1,2,B,かえるの歌.rdr,"「ド4レミファ　ミレド2
ミ4ファソラ　ソファミ2
ド4休ド休　　ド休ド休
ド8ドレレ　　ミミファファ
ミ4レド2」を演奏する","コード:
「---　---　
---　---　
---　---　
---」"
1,2,B,コッホ.rdr,"ーー コッホを描く ーー

窓というウィンドウを作る
	その内容は「コッホを描く」
窓を表示する
ピクチャー１というピクチャーを窓に作る
	その位置と大きさは｛0,0,300,300｝

かめさんというカメを作る
かめさんを窓のピクチャー１に表示する

次数は4
長さは2
かめさんの位置は{150，180}
かめさんの向きは0
３回、数に１からカウントして繰り返す
	（次数）回、長さで、コッホを描く
	かめさんを左へ１２０度回転させる
そして

待機する

【次数】回、【長さ】で、コッホを、描く手順
	次数が０なら
		かめさんを前へ長さだけ進める
	他なら
		次数－１回、長さで、コッホを描く
		かめさんを右へ６０度回転させる
		次数－１回、長さで、コッホを描く
		かめさんを左へ１２０度回転させる
		次数－１回、長さで、コッホを描く
		かめさんを右へ６０度回転させる
		次数－１回、長さで、コッホを描く
	そして
終わり","以下の要素を「---」に置換しました。

コード:
ーー コッホを描く ーー

窓というウィンドウを作る
	その内容は「---」
窓を表示する
ピクチャー１というピクチャーを窓に作る
	その位置と大きさは｛0,0,300,300｝

かめさんというカメを作る
かめさんを窓のピクチャー１に表示する

次数は4
長さは2
かめさんの位置は{150，180}
かめさんの向きは0
３回、数に１からカウントして繰り返す
	（次数）回、長さで、---を描く
	かめさんを左へ１２０度回転させる

待機する"
1,2,B,テキスト検索.rdr,"// テキスト検索 //
//フォルダ内のテキストファイルからキーワード検索するプログラム
メイン画面を表示する
待機する

メイン画面とは
ウィンドウを継承する

はじめ手順
	初期化する
	この決定ボタンは、検索ボタン
	フォルダ場所欄の内容は、プログラムのフォルダ
終わり

初期化する手順
//この手順は自動生成されたものです
//編集しないでください
	この内容は「テキスト検索」
	このドラッグドロップは○
	この位置と大きさは｛15，15，506，345｝
	この内部領域大きさは｛498，311｝
	参照ボタンというボタンを作る
		その内容は「...」
		その移動順は7
		その位置と大きさは｛432，15，23，23｝
		その位置固定方向は「右＋上」
	フォルダ場所欄というテキストを作る
		その移動順は6
		その位置と大きさは｛107，19，319，19｝
		その位置固定方向は「右＋左＋上」
	ラベル2というラベルを作る
		その内容は「フォルダの場所(&F)」
		その移動順は5
		その位置と大きさは｛12，22，89，12｝
	リストビュー1というリストビューを作る
		その移動順は4
		その位置と大きさは｛12，91，474，189｝
		そのフォントサイズは11
		その位置固定方向は「右＋左＋下＋上」
		その表示方法は「詳細」
		その全列選択は○
		その見出し一覧は｛「ファイル名」，「場所」，「文字位置」｝
		その見出し幅は｛174，117，106｝
		そのタイルサイズは｛0，0｝
	検索ボタンというボタンを作る
		その内容は「検索」
		その移動順は3
		その位置と大きさは｛380，50，75，23｝
		その位置固定方向は「右＋上」
	キーワード欄というテキストを作る
		その移動順は2
		その位置と大きさは｛73，52，301，19｝
		その位置固定方向は「右＋左＋上」
	ラベル1というラベルを作る
		その内容は「キーワード」
		その移動順は1
		その位置と大きさは｛14，55，53，12｝
	ステータスバー1というステータスバーを作る
		その内容は「ステータスバー1」
		その移動順は8
		その位置と大きさは｛0，289，498，22｝
		状態ラベルという状況ラベル部品をステータスバー1へ作る
			その文字配置は「左」
			その引き伸ばしは○
	この設計スケール比率は｛96,96｝
終わり

検索ボタンがクリックされた時の手順
	対象フォルダは、フォルダ場所欄の内容
	キーワードは、キーワード欄の内容

	検索ボタンの使用可能は×
	状態ラベルの内容は「検索中...」
	0秒待つ
	一覧は、対象フォルダのファイルの全一覧
	リストビュー1を更新開始する
	リストビュー1をすべて消す
	一覧のすべてのファイル名についてそれぞれ繰り返す
		ファイル名の拡張子だけが「exe」なら、繰り返しを続ける
		【内容】は（対象フォルダのフォルダだけ）＆ファイル名から読み込んだもの
		内容が無なら、繰り返しを続ける
		文字位置は、内容:キーワードを探したもの
		文字位置が0でないなら
			項目は、ファイル名のファイル名だけをリストビュー1に加えたもの
			項目の詳細は｛ファイル名のフォルダだけ、文字位置、（対象フォルダのフォルダだけ）＆ファイル名｝
		そして
	そして
	リストビュー1を更新終了する
	検索ボタンの使用可能は○
	リストビュー1の個数が0なら
		状態ラベルの内容は「見つかりません」
	でなければ
		状態ラベルの内容は「[リストビュー1の個数]件、見つかりました」
	そして
終わり

参照ボタンがクリックされた時の手順
	フォルダ選択画面のフォルダ名は、フォルダ場所欄の内容
	フォルダ選択画面を表示する
	フォルダ選択画面のキャンセルなら抜け出す
	フォルダ場所欄の内容は、フォルダ選択画面のフォルダ名
終わり


リストビュー1がダブルクリックされた時の手順
	配列は、リストビュー１の選択項目の詳細
	ファイル名は、配列（4）
	「explorer」を「/select,""［ファイル名］""」として起動する
終わり

終わり

プレビュー画面とは
ウィンドウを継承する

はじめ手順
	初期化する
終わり

初期化する手順
//この手順は自動生成されたものです
//編集しないでください
	この内容は「プレビュー画面」
	このドラッグドロップは○
	この位置と大きさは｛15，15，300，300｝
文章テキスト1という文章テキストを作る
	その位置と大きさは｛0，0，292，266｝
	その文字サイズは14
	そのドッキング方向は「全体」
終わり

[自分]で、[ファイル名]を、開く手順
	【内容】は（ファイル名から読み込んだもの）
	内容は、内容で（13のキャラクタ）を改行へ置き換えたもの
	文章テキスト1の内容は、内容
終わり

終わり","以下の要素を「---」に置換してください。

入出力命令: 表示、言う、尋ねる
変数操作: 代入"
1,2,B,バイナリファイル.rdr,"ーーバイナリファイルの読み込みと書き込み
ファイル名は「［デスクトップ］データ.bin」

ーーバイナリ操作でファイルを作成する
書き込みデータというバイナリファイルを作る
書き込みデータにファイル名を書き込み専用で開く
書き込みデータへ65を書き込む
書き込みデータへ｛66,66,68｝を一括で書き込む
書き込みデータを閉じる

ーーバイナリ操作でファイルを読み込む
読み込みファイルというバイナリファイルを作る
読み込みファイルへファイル名を読み取り専用で開く
（読み込みファイルから読み取ったもの）を表示する
読み込みファイルを閉じる","以下のコードで、指定された要素を「---」に置換しました。

コード:
バイナリファイルの読み込みと書き込み
ファイル名は「［デスクトップ］データ.bin」

---でバイナリ操作でファイルを作成する
書き込みデータというバイナリファイルを作る
書き込みデータにファイル名を---で開く
書き込みデータへ65を---する
書き込みデータへ｛66,66,68｝を一括で---する
書き込みデータを---する

バイナリ操作でファイルを読み込む
読み込みファイルというバイナリファイルを作る
読み込みファイルへファイル名を---で開く
（読み込みファイルから読み取ったもの）を---する
読み込みファイルを---する"
1,2,B,マウスイベント手順.rdr,"// マウスイベントの例 //
メイン画面を表示する
色番号は0
待機する

メイン画面とは

ウィンドウを継承する
	はじめ手順
		初期化する
		明るさは0
	終わり

	初期化する手順
	//この手順は自動生成されたものです
	//編集しないでください
	この内容は「マウスイベント手順」
	このドラッグドロップは○
	この内部領域大きさは｛300，300｝
ピクチャー1というピクチャーを作る
	その位置と大きさは｛123，88，39，37｝
	その背景色は「Red」
	この設計スケール比率は｛96,96｝
終わり

マウスカーソルが移動した時の手順
	ピクチャー1の横は、イベントの横座標-(ピクチャー1の幅÷2)
	ピクチャー1の縦は、イベントの縦座標-(ピクチャー1の高さ÷2)
終わり
マウスのホイールが移動した時の手順
	明るさにイベントのホイール移動量÷6を足す
	明るさが255以上なら、明るさは255
	明るさが0以下なら、明るさは0
	ピクチャー1の背景色は、RGB（｛255,明るさ,明るさ｝）
終わり
ピクチャー1がマウスのボタンが押された時の手順
	イベントのボタンが「左ボタン」なら
		ピクチャー1の背景色は「青」
	他でイベントのボタンが「右ボタン」なら
		ピクチャー1の背景色は「緑」
	そして
終わり
終わり","// マウスイベントの例 //
メイン画面を---。
色番号は0
待機する

メイン画面とは

ウィンドウを---する
	はじめ手順
		初期化する
		明るさは0
	終わり

	初期化する手順
	//この手順は自動生成されたものです
	//編集しないでください
	この内容は「マウスイベント手順」
	このドラッグドロップは○
	この内部領域大きさは｛300，300｝
ピクチャー1というピクチャーを作る
	その位置と大きさは｛123，88，39，37｝
	その背景色は「---」
	この設計スケール比率は｛96,96｝
終わり

マウスカーソルが移動した時の手順
	ピクチャー1の横は、イベントの横座標-(ピクチャー1の幅÷2)
	ピクチャー1の縦は、イベントの縦座標-(ピクチャー1の高さ÷2)
終わり
マウスのホイールが移動した時の手順
	明るさにイベントのホイール移動量÷6を足す
	明るさが255以上なら、明るさは255
	明るさが0以下なら、明るさは0
	ピクチャー1の背景色は、RGB（｛255,---,---｝）
終わり
ピクチャー1がマウスのボタンが押された時の手順
	イベントのボタンが「左ボタン」なら
		ピクチャー1の背景色は「---」
	他でイベントのボタンが「右ボタン」なら
		ピクチャー1の背景色は「---」
	そして
終わり
終わり"
1,2,B,マクロの実行.rdr,"ーー// エクセルのマクロ実行 //
ーーワークブックに作成されたマクロを実行します
ーーあらかじめVisual Basic Editorなどでワークブックに
ーーマクロを作成する必要があります。

エクセルを起動する
エクセルで「マクロ.xlsm」を開く
対象ブックは、エクセルの選択ブック

ーーマクロを実行させます
対象ブックにある「TestMacro1」をマクロ実行する

ーー引数のマクロを実行させます
対象ブックにある「TestMacro2」を｛「こんにちは!」｝で、マクロ実行する

対象ブックを閉じる
エクセルのワークブック一覧の個数が0なら、エクセルを終了する","以下は、指定された要素を「---」に置換したコードです。

ーー// エクセルのマクロ実行 //
---ワークブックに作成されたマクロを実行します
---あらかじめVisual Basic Editorなどでワークブックに
---マクロを作成する必要があります。

エクセルを起動する
エクセルで「---」を開く
対象ブックは、エクセルの選択ブック

---を実行させます
対象ブックにある「---」を---で、マクロ実行する

対象ブックを閉じる
エクセルのワークブック一覧の個数が0なら、エクセルを終了する"
1,2,B,入力値検証.rdr,"// 入力値の検証(バリデーション) //
登録画面を表示する
待機する

登録画面とは
	ウィンドウを継承する

	はじめの手順
		初期化する
	終わり

	初期化する手順
ーー//この手順は自動生成されたものです
ーー//編集しないでください
	この内部領域大きさを｛284、240｝に変える
	この種類を「固定」に変える
	この最大化ボタンを×に変える
	この最小化ボタンを×に変える
	この初期位置を「中央」に変える
	この内容を「登録画面 (値検証のテスト)」に変える
	このドラッグドロップを○に変える
	ラベル4というラベルを作る
		その内容を「名前(ふりがな)」に変える
		その移動順を6に変える
		その位置と大きさを｛24、140、75、12｝に変える
	""ふりがな欄""というテキストを作る
		その内容を「ぷろでる」に変える
		その移動順を7に変える
		その位置と大きさを｛113、137、150、19｝に変える
	ラベル3というラベルを作る
		その内容を「郵便番号(&P)」に変える
		その移動順を4に変える
		その位置と大きさを｛24、105、68、12｝に変える
	""郵便番号欄""というテキストを作る
		その内容を「123-1234」に変える
		その移動順を5に変える
		その位置と大きさを｛113、102、150、19｝に変える
	キャンセルボタンというボタンを作る
		その内容を「キャンセル」に変える
		その移動順を9に変える
		その位置と大きさを｛188、198、75、23｝に変える
	OKボタンというボタンを作る
		その内容を「OK」に変える
		その移動順を8に変える
		その位置と大きさを｛100、198、75、23｝に変える
	ラベル2というラベルを作る
		その内容を「電話番号(&T)」に変える
		その移動順を2に変える
		その位置と大きさを｛24、67、68、12｝に変える
	ラベル1というラベルを作る
		その内容を「メールアドレス(&E)」に変える
		その移動順を3に変える
		その位置と大きさを｛24、33、84、12｝に変える
	""電話番号欄""というテキストを作る
		その内容を「03-1234-1234」に変える
		その移動順を3に変える
		その位置と大きさを｛113、64、150、19｝に変える
	メールアドレス欄というテキストを作る
		その内容を「a@abc.ne.jp」に変える
		その移動順を1に変える
		その位置と大きさを｛113、30、150、19｝に変える
	この決定ボタンをOKボタンに変える
	この取消ボタンをキャンセルボタンに変える
	この設計スケール比率を｛96,96｝に変える
終わり

	メールアドレス欄が検証する時の手順
		メールアドレス欄の内容の文字数が0なら、抜け出す
		正規表現によってメールアドレス欄の内容が「.+@.+\.」に合致しなければ
			メールアドレス欄へ「メールアドレスが不適切です」を指摘させる
			イベントのキャンセルは、○
		そして
	終わり
	メールアドレス欄が検証された時の手順
		メールアドレス欄へ無を指摘させる
	終わり
	電話番号欄が検証する時の手順
		電話番号欄の内容の文字数が0なら、抜け出す
		正規表現によって電話番号欄の内容が「\d+\-\d+\-\d+」に合致しなければ
			電話番号欄へ「電話番号が不適切です」を指摘させる
			イベントのキャンセルは、○
		そして
	終わり
	電話番号欄が検証された時の手順
		電話番号欄へ無を指摘させる
	終わり
	郵便番号欄が検証する時の手順
		郵便番号欄の内容の文字数が0なら、抜け出す
		正規表現によって郵便番号欄の内容が「\d{3}-\d{4}」に合致しなければ
			郵便番号欄へ「郵便番号が不適切です」を指摘させる
			イベントのキャンセルは、○
		そして
	終わり
	郵便番号欄が検証された時の手順
		郵便番号欄へ無を指摘させる
	終わり
	ふりがな欄が検証する時の手順
		ふりがな欄の内容の文字数が0なら、抜け出す
		正規表現によってふりがな欄の内容が「^[[]あ-を[]]+$」に合致しなければ
			ふりがな欄へ「ふりがなが不適切です」を指摘させる
			イベントのキャンセルは、○
		そして
	終わり
	ふりがな欄が検証された時の手順
		ふりがな欄へ無を指摘させる
	終わり
	
	OKボタンがクリックされた時の手順
		閉じる
	終わり

	キャンセルボタンがクリックされた時の手順
		閉じる
	終わり

終わり","// 入力値の検証(バリデーション) //
---を表示する
待機する

---とは
    ウィンドウを継承する

    はじめの手順
        初期化する
        終わり

        初期化する手順
ーー//この手順は自動生成されたものです
ーー//編集しないでください
        この内部領域大きさを｛284、240｝に変える
        この種類を「固定」に変える
        この最大化ボタンを×に変える
        この最小化ボタンを×に変える
        この初期位置を「中央」に変える
        この内容を「登録画面 (値検証のテスト)」に変える
        このドラッグドロップを○に変える
        ラベル4というラベルを作る
            その内容を「名前(ふりがな)」に変える
            その移動順を6に変える
            その位置と大きさを｛24、140、75、12｝に変える
        ""ふりがな欄""というテキストを作る
            その内容を「ぷろでる」に変える
            その移動順を7に変える
            その位置と大きさを｛113、137、150、19｝に変える
        ラベル3というラベルを作る
            その内容を「郵便番号(&P)」に変える
            その移動順を4に変える
            その位置と大きさを｛24、105、68、12｝に変える
        ""郵便番号欄""というテキストを作る
            その内容を「123-1234」に変える
            その移動順を5に変える
            その位置と大きさを｛113、102、150、19｝に変える
        キャンセルボタンというボタンを作る
            その内容を「キャンセル」に変える
            その移動順を9に変える
            その位置と大きさを｛188、198、75、23"
1,2,B,枝を利用した模様.rdr,"ーー 枝を利用した模様 ーー
窓というウィンドウを作る
窓の内容は「枝を利用した模様」
窓の背景色は、白

かめさんというカメを作る
かめさんを窓に表示する
かめさんの位置は｛140,130｝

４回、繰り返す
	かめさんが１８０だけ７回３００度、枝
	かめさんを９０だけ右へ回転させる
そして

窓を表示する
待機する","窓というウィンドウを作る
窓の内容は「---」
窓の背景色は、白

かめさんというカメを作る
かめさんを窓に表示する
かめさんの位置は｛140,130｝

４回、繰り返す
    ---さんを１８０だけ７回３００度、---
    かめさんを９０だけ右へ回転させる
そして

窓を表示する
待機する"
1,2,B,渦巻き.rdr,"ーー 渦巻きを描く ーー

窓としてウィンドウを作る
	その内容は「渦巻きを描く」
	それを表示する

かめさんというカメを作る
	その位置は｛30,220｝
かめさんを窓に表示する
かめさんの向きは0

長さは200

繰り返す
	長さが１０以下なら、繰り返しを抜け出す
	かめさんを前へ長さだけ進める
	かめさんを右へ８９度回転させる
	長さは、長さ－１
そして

待機する","コード:
窓としてウィンドウを作る
    その内容は「---」
    それを表示する

かめさんというカメを作る
    その位置は｛30,220｝
かめさんを窓に表示する
かめさんの向きは0

長さは200

繰り返す
    長さが１０以下なら、繰り返しを抜け出す
    かめさんを前へ長さだけ進める
    かめさんを右へ89度回転させる
    長さは、長さ－１
そして

待機する"
1,2,B,風車.rdr,"﻿//風車//
窓というウィンドウを作る
窓の内容は「かめ」
窓の背景色は「白」
窓を表示する

かめさんというカメを作る
かめさんの位置は｛100,100｝
かめさんを窓に表示する
かめさんの速さは2

//ここにプログラムを書きましょう
かめさんの色は「#80FFFF」
かめさんの太さは5


8回、繰り返す
	かめさんを150度、回転させる
	かめさんを100だけ、進める
	かめさんを150度、回転させる
	かめさんを100だけ、進める
	かめさんを105度、回転させる
	かめさんを45だけ、進める
そして

待機する","窓というウィンドウを作る
窓の内容は「---」
窓の背景色は「白」
窓を表示する

かめさんというカメを作る
かめさんの位置は｛100,100｝
かめさんを窓に表示する
かめさんの速さは2

かめさんの色は「#80FFFF」
かめさんの太さは5

8回、繰り返す
    かめさんを150度、回転させる
    かめさんを100だけ、進める
    ---さんを150度、回転させる
    かめさんを100だけ、進める
    ---さんを105度、回転させる
    かめさんを45だけ、進める
そして

待機する"
1,3,C,かえるの歌.rdr,"「ド4レミファ　ミレド2
ミ4ファソラ　ソファミ2
ド4休ド休　　ド休ド休
ド8ドレレ　　ミミファファ
ミ4レド2」を演奏する","コード:
「---　---　
---　
---　
---」"
1,3,C,コッホ.rdr,"ーー コッホを描く ーー

窓というウィンドウを作る
	その内容は「コッホを描く」
窓を表示する
ピクチャー１というピクチャーを窓に作る
	その位置と大きさは｛0,0,300,300｝

かめさんというカメを作る
かめさんを窓のピクチャー１に表示する

次数は4
長さは2
かめさんの位置は{150，180}
かめさんの向きは0
３回、数に１からカウントして繰り返す
	（次数）回、長さで、コッホを描く
	かめさんを左へ１２０度回転させる
そして

待機する

【次数】回、【長さ】で、コッホを、描く手順
	次数が０なら
		かめさんを前へ長さだけ進める
	他なら
		次数－１回、長さで、コッホを描く
		かめさんを右へ６０度回転させる
		次数－１回、長さで、コッホを描く
		かめさんを左へ１２０度回転させる
		次数－１回、長さで、コッホを描く
		かめさんを右へ６０度回転させる
		次数－１回、長さで、コッホを描く
	そして
終わり","以下の制御構文に関わる語句を「---」に置換してください。

かめさんというカメを作る
かめさんを窓のピクチャー１に表示する

次数は4
長さは2
かめさんの位置は{150，180}
かめさんの向きは0
---回、数に１からカウントして繰り返す
    （次数）回、長さで、コッホを描く
    かめさんを左へ１２０度回転させる
そして

待機する

【次数】回、【長さ】で、コッホを、描く手順
    ---が０なら
        かめさんを前へ長さだけ進める
    他なら
        ---－１回、長さで、コッホを描く
        かめさんを右へ６０度回転させる
        ---－１回、長さで、コッホを描く
        かめさんを左へ１２０度回転させる
        ---－１回、長さで、コッホを描く
        かめさんを右へ６０度回転させる
        ---－１回、長さで、コッホを描く"
1,3,C,テキスト検索.rdr,"// テキスト検索 //
//フォルダ内のテキストファイルからキーワード検索するプログラム
メイン画面を表示する
待機する

メイン画面とは
ウィンドウを継承する

はじめ手順
	初期化する
	この決定ボタンは、検索ボタン
	フォルダ場所欄の内容は、プログラムのフォルダ
終わり

初期化する手順
//この手順は自動生成されたものです
//編集しないでください
	この内容は「テキスト検索」
	このドラッグドロップは○
	この位置と大きさは｛15，15，506，345｝
	この内部領域大きさは｛498，311｝
	参照ボタンというボタンを作る
		その内容は「...」
		その移動順は7
		その位置と大きさは｛432，15，23，23｝
		その位置固定方向は「右＋上」
	フォルダ場所欄というテキストを作る
		その移動順は6
		その位置と大きさは｛107，19，319，19｝
		その位置固定方向は「右＋左＋上」
	ラベル2というラベルを作る
		その内容は「フォルダの場所(&F)」
		その移動順は5
		その位置と大きさは｛12，22，89，12｝
	リストビュー1というリストビューを作る
		その移動順は4
		その位置と大きさは｛12，91，474，189｝
		そのフォントサイズは11
		その位置固定方向は「右＋左＋下＋上」
		その表示方法は「詳細」
		その全列選択は○
		その見出し一覧は｛「ファイル名」，「場所」，「文字位置」｝
		その見出し幅は｛174，117，106｝
		そのタイルサイズは｛0，0｝
	検索ボタンというボタンを作る
		その内容は「検索」
		その移動順は3
		その位置と大きさは｛380，50，75，23｝
		その位置固定方向は「右＋上」
	キーワード欄というテキストを作る
		その移動順は2
		その位置と大きさは｛73，52，301，19｝
		その位置固定方向は「右＋左＋上」
	ラベル1というラベルを作る
		その内容は「キーワード」
		その移動順は1
		その位置と大きさは｛14，55，53，12｝
	ステータスバー1というステータスバーを作る
		その内容は「ステータスバー1」
		その移動順は8
		その位置と大きさは｛0，289，498，22｝
		状態ラベルという状況ラベル部品をステータスバー1へ作る
			その文字配置は「左」
			その引き伸ばしは○
	この設計スケール比率は｛96,96｝
終わり

検索ボタンがクリックされた時の手順
	対象フォルダは、フォルダ場所欄の内容
	キーワードは、キーワード欄の内容

	検索ボタンの使用可能は×
	状態ラベルの内容は「検索中...」
	0秒待つ
	一覧は、対象フォルダのファイルの全一覧
	リストビュー1を更新開始する
	リストビュー1をすべて消す
	一覧のすべてのファイル名についてそれぞれ繰り返す
		ファイル名の拡張子だけが「exe」なら、繰り返しを続ける
		【内容】は（対象フォルダのフォルダだけ）＆ファイル名から読み込んだもの
		内容が無なら、繰り返しを続ける
		文字位置は、内容:キーワードを探したもの
		文字位置が0でないなら
			項目は、ファイル名のファイル名だけをリストビュー1に加えたもの
			項目の詳細は｛ファイル名のフォルダだけ、文字位置、（対象フォルダのフォルダだけ）＆ファイル名｝
		そして
	そして
	リストビュー1を更新終了する
	検索ボタンの使用可能は○
	リストビュー1の個数が0なら
		状態ラベルの内容は「見つかりません」
	でなければ
		状態ラベルの内容は「[リストビュー1の個数]件、見つかりました」
	そして
終わり

参照ボタンがクリックされた時の手順
	フォルダ選択画面のフォルダ名は、フォルダ場所欄の内容
	フォルダ選択画面を表示する
	フォルダ選択画面のキャンセルなら抜け出す
	フォルダ場所欄の内容は、フォルダ選択画面のフォルダ名
終わり


リストビュー1がダブルクリックされた時の手順
	配列は、リストビュー１の選択項目の詳細
	ファイル名は、配列（4）
	「explorer」を「/select,""［ファイル名］""」として起動する
終わり

終わり

プレビュー画面とは
ウィンドウを継承する

はじめ手順
	初期化する
終わり

初期化する手順
//この手順は自動生成されたものです
//編集しないでください
	この内容は「プレビュー画面」
	このドラッグドロップは○
	この位置と大きさは｛15，15，300，300｝
文章テキスト1という文章テキストを作る
	その位置と大きさは｛0，0，292，266｝
	その文字サイズは14
	そのドッキング方向は「全体」
終わり

[自分]で、[ファイル名]を、開く手順
	【内容】は（ファイル名から読み込んだもの）
	内容は、内容で（13のキャラクタ）を改行へ置き換えたもの
	文章テキスト1の内容は、内容
終わり

終わり","以下の制御構文に関わる語句を「---」に置換しました。

1. 繰り返し制御: 繰り返す、間、反復、抜ける など
2. 条件分岐: もし、ならば、違えば、ここまで など"
1,3,C,バイナリファイル.rdr,"ーーバイナリファイルの読み込みと書き込み
ファイル名は「［デスクトップ］データ.bin」

ーーバイナリ操作でファイルを作成する
書き込みデータというバイナリファイルを作る
書き込みデータにファイル名を書き込み専用で開く
書き込みデータへ65を書き込む
書き込みデータへ｛66,66,68｝を一括で書き込む
書き込みデータを閉じる

ーーバイナリ操作でファイルを読み込む
読み込みファイルというバイナリファイルを作る
読み込みファイルへファイル名を読み取り専用で開く
（読み込みファイルから読み取ったもの）を表示する
読み込みファイルを閉じる","以下の制御構文を「---」に置換しました。

コード:
バイナリファイルの読み込みと書き込み
ファイル名は「［デスクトップ］データ.bin」

---でバイナリ操作でファイルを作成する
---で書き込みデータというバイナリファイルを作る
---で書き込みデータにファイル名を---で開く
---で書き込みデータへ65を---する
---で書き込みデータへ｛66,66,68｝を一括で---する
---で書き込みデータを---する

---でバイナリ操作でファイルを読み込む
---で読み込みファイルというバイナリファイルを作る
---で読み込みファイルへファイル名を---で開く
（---）を---する
---で読み込みファイルを---する"
1,3,C,マウスイベント手順.rdr,"// マウスイベントの例 //
メイン画面を表示する
色番号は0
待機する

メイン画面とは

ウィンドウを継承する
	はじめ手順
		初期化する
		明るさは0
	終わり

	初期化する手順
	//この手順は自動生成されたものです
	//編集しないでください
	この内容は「マウスイベント手順」
	このドラッグドロップは○
	この内部領域大きさは｛300，300｝
ピクチャー1というピクチャーを作る
	その位置と大きさは｛123，88，39，37｝
	その背景色は「Red」
	この設計スケール比率は｛96,96｝
終わり

マウスカーソルが移動した時の手順
	ピクチャー1の横は、イベントの横座標-(ピクチャー1の幅÷2)
	ピクチャー1の縦は、イベントの縦座標-(ピクチャー1の高さ÷2)
終わり
マウスのホイールが移動した時の手順
	明るさにイベントのホイール移動量÷6を足す
	明るさが255以上なら、明るさは255
	明るさが0以下なら、明るさは0
	ピクチャー1の背景色は、RGB（｛255,明るさ,明るさ｝）
終わり
ピクチャー1がマウスのボタンが押された時の手順
	イベントのボタンが「左ボタン」なら
		ピクチャー1の背景色は「青」
	他でイベントのボタンが「右ボタン」なら
		ピクチャー1の背景色は「緑」
	そして
終わり
終わり","以下の制御構文を「---」に置換しました。

コード:
// マウスイベントの例 //
メイン画面を表示する
色番号は0
待機する

メイン画面とは

ウィンドウを継承する
	はじめ手順
		初期化する
		明るさは0
	---終わり

	初期化する手順
	//この手順は自動生成されたものです
	//編集しないでください
	この内容は「マウスイベント手順」
	このドラッグドロップは○
	この内部領域大きさは｛300，300｝
ピクチャー1というピクチャーを作る
	その位置と大きさは｛123，88，39，37｝
	その背景色は「Red」
	この設計スケール比率は｛96,96｝
---終わり

マウスカーソルが移動した時の手順
	---ピクチャー1の横は、イベントの横座標-(ピクチャー1の幅÷2)
	---ピクチャー1の縦は、イベントの縦座標-(ピクチャー1の高さ÷2)
---終わり
マウスのホイールが移動した時の手順
	明るさにイベントのホイール移動量÷6を足す
	明るさが255以上なら、明るさは255
	明るさが0以下なら、明るさは0
	ピクチャー1の背景色は、RGB（｛255,明るさ,明るさ｝）
---終わり
ピクチャー1がマウスのボタンが押された時の手順
	イベントのボタンが「左ボタン」なら
		ピクチャー1の背景色は「青」
	他でイベントのボタンが「右ボタン」なら
		ピクチャー1の背景色は「緑」
	---終わり"
1,3,C,マクロの実行.rdr,"ーー// エクセルのマクロ実行 //
ーーワークブックに作成されたマクロを実行します
ーーあらかじめVisual Basic Editorなどでワークブックに
ーーマクロを作成する必要があります。

エクセルを起動する
エクセルで「マクロ.xlsm」を開く
対象ブックは、エクセルの選択ブック

ーーマクロを実行させます
対象ブックにある「TestMacro1」をマクロ実行する

ーー引数のマクロを実行させます
対象ブックにある「TestMacro2」を｛「こんにちは!」｝で、マクロ実行する

対象ブックを閉じる
エクセルのワークブック一覧の個数が0なら、エクセルを終了する","以下は、制御構文に関わる語句を「---」に置換したコードです。

ーー// エクセルのマクロ実行 //
---ワークブックに作成されたマクロを実行します
ーーあらかじめVisual Basic Editorなどでワークブックに
---マクロを作成する必要があります。

エクセルを起動する
エクセルで「マクロ.xlsm」を開く
対象ブックは、エクセルの選択ブック

---を実行させます
対象ブックにある「TestMacro1」をマクロ実行する

---を実行させます
対象ブックにある「TestMacro2」を｛「こんにちは!」｝で、マクロ実行する

対象ブックを閉じる
エクセルのワークブック一覧の個数が0なら、エクセルを終了する"
1,3,C,入力値検証.rdr,"// 入力値の検証(バリデーション) //
登録画面を表示する
待機する

登録画面とは
	ウィンドウを継承する

	はじめの手順
		初期化する
	終わり

	初期化する手順
ーー//この手順は自動生成されたものです
ーー//編集しないでください
	この内部領域大きさを｛284、240｝に変える
	この種類を「固定」に変える
	この最大化ボタンを×に変える
	この最小化ボタンを×に変える
	この初期位置を「中央」に変える
	この内容を「登録画面 (値検証のテスト)」に変える
	このドラッグドロップを○に変える
	ラベル4というラベルを作る
		その内容を「名前(ふりがな)」に変える
		その移動順を6に変える
		その位置と大きさを｛24、140、75、12｝に変える
	""ふりがな欄""というテキストを作る
		その内容を「ぷろでる」に変える
		その移動順を7に変える
		その位置と大きさを｛113、137、150、19｝に変える
	ラベル3というラベルを作る
		その内容を「郵便番号(&P)」に変える
		その移動順を4に変える
		その位置と大きさを｛24、105、68、12｝に変える
	""郵便番号欄""というテキストを作る
		その内容を「123-1234」に変える
		その移動順を5に変える
		その位置と大きさを｛113、102、150、19｝に変える
	キャンセルボタンというボタンを作る
		その内容を「キャンセル」に変える
		その移動順を9に変える
		その位置と大きさを｛188、198、75、23｝に変える
	OKボタンというボタンを作る
		その内容を「OK」に変える
		その移動順を8に変える
		その位置と大きさを｛100、198、75、23｝に変える
	ラベル2というラベルを作る
		その内容を「電話番号(&T)」に変える
		その移動順を2に変える
		その位置と大きさを｛24、67、68、12｝に変える
	ラベル1というラベルを作る
		その内容を「メールアドレス(&E)」に変える
		その移動順を3に変える
		その位置と大きさを｛24、33、84、12｝に変える
	""電話番号欄""というテキストを作る
		その内容を「03-1234-1234」に変える
		その移動順を3に変える
		その位置と大きさを｛113、64、150、19｝に変える
	メールアドレス欄というテキストを作る
		その内容を「a@abc.ne.jp」に変える
		その移動順を1に変える
		その位置と大きさを｛113、30、150、19｝に変える
	この決定ボタンをOKボタンに変える
	この取消ボタンをキャンセルボタンに変える
	この設計スケール比率を｛96,96｝に変える
終わり

	メールアドレス欄が検証する時の手順
		メールアドレス欄の内容の文字数が0なら、抜け出す
		正規表現によってメールアドレス欄の内容が「.+@.+\.」に合致しなければ
			メールアドレス欄へ「メールアドレスが不適切です」を指摘させる
			イベントのキャンセルは、○
		そして
	終わり
	メールアドレス欄が検証された時の手順
		メールアドレス欄へ無を指摘させる
	終わり
	電話番号欄が検証する時の手順
		電話番号欄の内容の文字数が0なら、抜け出す
		正規表現によって電話番号欄の内容が「\d+\-\d+\-\d+」に合致しなければ
			電話番号欄へ「電話番号が不適切です」を指摘させる
			イベントのキャンセルは、○
		そして
	終わり
	電話番号欄が検証された時の手順
		電話番号欄へ無を指摘させる
	終わり
	郵便番号欄が検証する時の手順
		郵便番号欄の内容の文字数が0なら、抜け出す
		正規表現によって郵便番号欄の内容が「\d{3}-\d{4}」に合致しなければ
			郵便番号欄へ「郵便番号が不適切です」を指摘させる
			イベントのキャンセルは、○
		そして
	終わり
	郵便番号欄が検証された時の手順
		郵便番号欄へ無を指摘させる
	終わり
	ふりがな欄が検証する時の手順
		ふりがな欄の内容の文字数が0なら、抜け出す
		正規表現によってふりがな欄の内容が「^[[]あ-を[]]+$」に合致しなければ
			ふりがな欄へ「ふりがなが不適切です」を指摘させる
			イベントのキャンセルは、○
		そして
	終わり
	ふりがな欄が検証された時の手順
		ふりがな欄へ無を指摘させる
	終わり
	
	OKボタンがクリックされた時の手順
		閉じる
	終わり

	キャンセルボタンがクリックされた時の手順
		閉じる
	終わり

終わり","// 入力値の検証(バリデーション) //
登録画面を表示する
待機する

登録画面とは
    ウィンドウを継承する

    はじめの手順
        初期化する
        --- 
    終わり

    初期化する手順
ーー//この手順は自動生成されたものです
ーー//編集しないでください
    この内部領域大きさを｛284、240｝に変える
    この種類を「固定」に変える
    この最大化ボタンを×に変える
    この最小化ボタンを×に変える
    この初期位置を「中央」に変える
    この内容を「登録画面 (値検証のテスト)」に変える
    このドラッグドロップを○に変える
    ラベル4というラベルを作る
        その内容を「名前(ふりがな)」に変える
        その移動順を6に変える
        その位置と大きさを｛24、140、75、12｝に変える
    ""ふりがな欄""というテキストを作る
        その内容を「ぷろでる」に変える
        その移動順を7に変える
        その位置と大きさを｛113、137、150、19｝に変える
    ラベル3というラベルを作る
        その内容を「郵便番号(&P)」に変える
        その移動順を4に変える
        その位置と大きさを｛24、105、68、12｝に変える
    ""郵便番号欄""というテキストを作る
        その内容を「123-1234」に変える
        その移動順を5に変える
        その位置と大きさを｛113、102、150、19｝に変える
    キャンセルボタンというボタンを作る
        その内容を「キャンセル」に変える
        その移動順を9に変える
        その位置と大きさを｛188、"
1,3,C,枝を利用した模様.rdr,"ーー 枝を利用した模様 ーー
窓というウィンドウを作る
窓の内容は「枝を利用した模様」
窓の背景色は、白

かめさんというカメを作る
かめさんを窓に表示する
かめさんの位置は｛140,130｝

４回、繰り返す
	かめさんが１８０だけ７回３００度、枝
	かめさんを９０だけ右へ回転させる
そして

窓を表示する
待機する","以下は、制御構文に関わる語句を「---」に置換したコードです。

コード:
ーー 枝を利用した模様 ーー
窓というウィンドウを作る
窓の内容は「枝を利用した模様」
窓の背景色は、白

かめさんというカメを作る
かめさんを窓に表示する
かめさんの位置は｛140,130｝

--- 繰り返す ---
    かめさんが１８０だけ７回３００度、枝
    かめさんを９０だけ右へ回転させる
    --- 繰り返す ---
そして

窓を表示する
待機する"
1,3,C,渦巻き.rdr,"ーー 渦巻きを描く ーー

窓としてウィンドウを作る
	その内容は「渦巻きを描く」
	それを表示する

かめさんというカメを作る
	その位置は｛30,220｝
かめさんを窓に表示する
かめさんの向きは0

長さは200

繰り返す
	長さが１０以下なら、繰り返しを抜け出す
	かめさんを前へ長さだけ進める
	かめさんを右へ８９度回転させる
	長さは、長さ－１
そして

待機する","以下は、制御構文に関わる語句を「---」に置換したコードです。

窓としてウィンドウを作る
    その内容は「---」
    それを表示する

かめさんというカメを作る
    その位置は｛30,220｝
かめさんを窓に表示する
かめさんの向きは0

長さは200

--- 
    長さが１０以下なら、--- 
    かめさんを前へ長さだけ進める
    かめさんを右へ８９度回転させる
    長さは、長さ－１
そして"
1,3,C,風車.rdr,"﻿//風車//
窓というウィンドウを作る
窓の内容は「かめ」
窓の背景色は「白」
窓を表示する

かめさんというカメを作る
かめさんの位置は｛100,100｝
かめさんを窓に表示する
かめさんの速さは2

//ここにプログラムを書きましょう
かめさんの色は「#80FFFF」
かめさんの太さは5


8回、繰り返す
	かめさんを150度、回転させる
	かめさんを100だけ、進める
	かめさんを150度、回転させる
	かめさんを100だけ、進める
	かめさんを105度、回転させる
	かめさんを45だけ、進める
そして

待機する","「体重は何kgですか？」と尋ねて体重に代入。
「何分歩きましたか？」と尋ねて運動分に代入。
運動時-＝運動分÷60
消費カロリー＝3×体重×運動時-×1.05
「消費カロリーは{消費カロリー}kcalです」と言う。"
1,4,D,かえるの歌.rdr,"「ド4レミファ　ミレド2
ミ4ファソラ　ソファミ2
ド4休ド休　　ド休ド休
ド8ドレレ　　ミミファファ
ミ4レド2」を演奏する","コード:
「---　---2
---ファソラ　ソ---2
---　　---休
---8---　　---ファファ"
1,4,D,コッホ.rdr,"ーー コッホを描く ーー

窓というウィンドウを作る
	その内容は「コッホを描く」
窓を表示する
ピクチャー１というピクチャーを窓に作る
	その位置と大きさは｛0,0,300,300｝

かめさんというカメを作る
かめさんを窓のピクチャー１に表示する

次数は4
長さは2
かめさんの位置は{150，180}
かめさんの向きは0
３回、数に１からカウントして繰り返す
	（次数）回、長さで、コッホを描く
	かめさんを左へ１２０度回転させる
そして

待機する

【次数】回、【長さ】で、コッホを、描く手順
	次数が０なら
		かめさんを前へ長さだけ進める
	他なら
		次数－１回、長さで、コッホを描く
		かめさんを右へ６０度回転させる
		次数－１回、長さで、コッホを描く
		かめさんを左へ１２０度回転させる
		次数－１回、長さで、コッホを描く
		かめさんを右へ６０度回転させる
		次数－１回、長さで、コッホを描く
	そして
終わり","以下は、空欄化したコードです。

ーー コッホを描く ーー

窓というウィンドウを作る
	その内容は「コッホを描く」
窓を表示する
ピクチャー１というピクチャーを窓に作る
	その位置と大きさは｛0,0,300,300｝

かめさんというカメを作る
かめさんを窓のピクチャー１に表示する

次数は4
長さは2
かめさんの位置は{150，180}
かめさんの向きは0
３回、数に１からカウントして繰り返す
	（次数）回、長さで、コッホを描く
かめさんを左へ１２０度回転させる

待機する

【---】回、【---】で、コッホを、描く手順
	次数が０なら
		かめさんを前へ---だけ進める
	他なら
		次数－１回、---で、コッホを描く
		かめさんを右へ---度回転させる
		次数－１回、---で、コッホを描く
		かめさんを左へ---度回転させる
		次数－１回、---で、コッホを描く
		かめさんを右へ---度回転させる
		次数－１回、---で、コッホを描く
	そして
終わり"
1,4,D,テキスト検索.rdr,"// テキスト検索 //
//フォルダ内のテキストファイルからキーワード検索するプログラム
メイン画面を表示する
待機する

メイン画面とは
ウィンドウを継承する

はじめ手順
	初期化する
	この決定ボタンは、検索ボタン
	フォルダ場所欄の内容は、プログラムのフォルダ
終わり

初期化する手順
//この手順は自動生成されたものです
//編集しないでください
	この内容は「テキスト検索」
	このドラッグドロップは○
	この位置と大きさは｛15，15，506，345｝
	この内部領域大きさは｛498，311｝
	参照ボタンというボタンを作る
		その内容は「...」
		その移動順は7
		その位置と大きさは｛432，15，23，23｝
		その位置固定方向は「右＋上」
	フォルダ場所欄というテキストを作る
		その移動順は6
		その位置と大きさは｛107，19，319，19｝
		その位置固定方向は「右＋左＋上」
	ラベル2というラベルを作る
		その内容は「フォルダの場所(&F)」
		その移動順は5
		その位置と大きさは｛12，22，89，12｝
	リストビュー1というリストビューを作る
		その移動順は4
		その位置と大きさは｛12，91，474，189｝
		そのフォントサイズは11
		その位置固定方向は「右＋左＋下＋上」
		その表示方法は「詳細」
		その全列選択は○
		その見出し一覧は｛「ファイル名」，「場所」，「文字位置」｝
		その見出し幅は｛174，117，106｝
		そのタイルサイズは｛0，0｝
	検索ボタンというボタンを作る
		その内容は「検索」
		その移動順は3
		その位置と大きさは｛380，50，75，23｝
		その位置固定方向は「右＋上」
	キーワード欄というテキストを作る
		その移動順は2
		その位置と大きさは｛73，52，301，19｝
		その位置固定方向は「右＋左＋上」
	ラベル1というラベルを作る
		その内容は「キーワード」
		その移動順は1
		その位置と大きさは｛14，55，53，12｝
	ステータスバー1というステータスバーを作る
		その内容は「ステータスバー1」
		その移動順は8
		その位置と大きさは｛0，289，498，22｝
		状態ラベルという状況ラベル部品をステータスバー1へ作る
			その文字配置は「左」
			その引き伸ばしは○
	この設計スケール比率は｛96,96｝
終わり

検索ボタンがクリックされた時の手順
	対象フォルダは、フォルダ場所欄の内容
	キーワードは、キーワード欄の内容

	検索ボタンの使用可能は×
	状態ラベルの内容は「検索中...」
	0秒待つ
	一覧は、対象フォルダのファイルの全一覧
	リストビュー1を更新開始する
	リストビュー1をすべて消す
	一覧のすべてのファイル名についてそれぞれ繰り返す
		ファイル名の拡張子だけが「exe」なら、繰り返しを続ける
		【内容】は（対象フォルダのフォルダだけ）＆ファイル名から読み込んだもの
		内容が無なら、繰り返しを続ける
		文字位置は、内容:キーワードを探したもの
		文字位置が0でないなら
			項目は、ファイル名のファイル名だけをリストビュー1に加えたもの
			項目の詳細は｛ファイル名のフォルダだけ、文字位置、（対象フォルダのフォルダだけ）＆ファイル名｝
		そして
	そして
	リストビュー1を更新終了する
	検索ボタンの使用可能は○
	リストビュー1の個数が0なら
		状態ラベルの内容は「見つかりません」
	でなければ
		状態ラベルの内容は「[リストビュー1の個数]件、見つかりました」
	そして
終わり

参照ボタンがクリックされた時の手順
	フォルダ選択画面のフォルダ名は、フォルダ場所欄の内容
	フォルダ選択画面を表示する
	フォルダ選択画面のキャンセルなら抜け出す
	フォルダ場所欄の内容は、フォルダ選択画面のフォルダ名
終わり


リストビュー1がダブルクリックされた時の手順
	配列は、リストビュー１の選択項目の詳細
	ファイル名は、配列（4）
	「explorer」を「/select,""［ファイル名］""」として起動する
終わり

終わり

プレビュー画面とは
ウィンドウを継承する

はじめ手順
	初期化する
終わり

初期化する手順
//この手順は自動生成されたものです
//編集しないでください
	この内容は「プレビュー画面」
	このドラッグドロップは○
	この位置と大きさは｛15，15，300，300｝
文章テキスト1という文章テキストを作る
	その位置と大きさは｛0，0，292，266｝
	その文字サイズは14
	そのドッキング方向は「全体」
終わり

[自分]で、[ファイル名]を、開く手順
	【内容】は（ファイル名から読み込んだもの）
	内容は、内容で（13のキャラクタ）を改行へ置き換えたもの
	文章テキスト1の内容は、内容
終わり

終わり","高度なデータ操作に関わる語句を「---」に置換します。

コード:
＃ジャンケンの手と勝敗を数値で定義
グー＝0。チョキ＝1。パー＝2。
あいこ＝0。負け＝1。勝ち＝2。

＃自分と相手の手を指定 --- (*1)
グーとチョキでジャンケン判定して勝敗表示。

●(自分と相手で)ジャンケン判定とは
　　もし、自分＝相手ならば、---はあいこ。
　　もし、自分がグーならば
　　　　もし、相手がチョキならば、---は勝ち。
　　　　もし、相手がパーならば、---は負け。
　　ここまで。
　　もし、自分がチョキならば
　　　　もし、相手がパーならば、---は勝ち。
　　　　もし、相手がグーならば、---は負け。
　　ここまで。
　　もし、自分がパーならば
　　　　もし、相手がグーならば、---は勝ち。
　　　　もし、相手がチョキならば、---は負け。
　　ここまで。
ここまで。

●（N）の勝敗表示とは
　　もし、N＝0ならば「あいこ」と表示。
　　もし、N＝1ならば「負け」と表示。
　　もし、N＝2ならば「勝ち」と表示。
ここまで。"
1,4,D,バイナリファイル.rdr,"ーーバイナリファイルの読み込みと書き込み
ファイル名は「［デスクトップ］データ.bin」

ーーバイナリ操作でファイルを作成する
書き込みデータというバイナリファイルを作る
書き込みデータにファイル名を書き込み専用で開く
書き込みデータへ65を書き込む
書き込みデータへ｛66,66,68｝を一括で書き込む
書き込みデータを閉じる

ーーバイナリ操作でファイルを読み込む
読み込みファイルというバイナリファイルを作る
読み込みファイルへファイル名を読み取り専用で開く
（読み込みファイルから読み取ったもの）を表示する
読み込みファイルを閉じる","以下のコードで、空欄化を行いました。

コード:
---ファイルの読み込みと書き込み
ファイル名は「［デスクトップ］データ.bin」

---操作でファイルを作成する
書き込みデータという---を作る
書き込みデータにファイル名を---で開く
書き込みデータへ65を書き込む
書き込みデータへ｛66,66,68｝を一括で書き込む
書き込みデータを閉じる

---操作でファイルを読み込む
読み込みファイルという---を作る
読み込みファイルへファイル名を---で開く
（読み込みファイルから読み取ったもの）を表示する
読み込みファイルを閉じる"
1,4,D,マウスイベント手順.rdr,"// マウスイベントの例 //
メイン画面を表示する
色番号は0
待機する

メイン画面とは

ウィンドウを継承する
	はじめ手順
		初期化する
		明るさは0
	終わり

	初期化する手順
	//この手順は自動生成されたものです
	//編集しないでください
	この内容は「マウスイベント手順」
	このドラッグドロップは○
	この内部領域大きさは｛300，300｝
ピクチャー1というピクチャーを作る
	その位置と大きさは｛123，88，39，37｝
	その背景色は「Red」
	この設計スケール比率は｛96,96｝
終わり

マウスカーソルが移動した時の手順
	ピクチャー1の横は、イベントの横座標-(ピクチャー1の幅÷2)
	ピクチャー1の縦は、イベントの縦座標-(ピクチャー1の高さ÷2)
終わり
マウスのホイールが移動した時の手順
	明るさにイベントのホイール移動量÷6を足す
	明るさが255以上なら、明るさは255
	明るさが0以下なら、明るさは0
	ピクチャー1の背景色は、RGB（｛255,明るさ,明るさ｝）
終わり
ピクチャー1がマウスのボタンが押された時の手順
	イベントのボタンが「左ボタン」なら
		ピクチャー1の背景色は「青」
	他でイベントのボタンが「右ボタン」なら
		ピクチャー1の背景色は「緑」
	そして
終わり
終わり","以下の高度なデータ操作に関わる語句を「---」に置換してください。

コード:
// マウスイベントの例 //
メイン画面を表示する
色番号は0
待機する

メイン画面とは

ウィンドウを---する
	はじめ手順
		初期化する
		明るさは0
	終わり

	初期化する手順
	//この手順は自動生成されたものです
	//編集しないでください
	この内容は「マウスイベント手順」
	このドラッグドロップは○
	この内部領域大きさは｛300，300｝
ピクチャー1というピクチャーを作る
	その位置と大きさは｛123，88，39，37｝
	その背景色は「Red」
	この設計スケール比率は｛96,96｝
終わり

マウスカーソルが移動した時の手順
	ピクチャー1の横は、イベントの横座標-(ピクチャー1の幅÷2)
	ピクチャー1の縦は、イベントの縦座標-(ピクチャー1の高さ÷2)
終わり
マウスのホイールが移動した時の手順
	明るさにイベントのホイール移動量÷6を---する
	明るさが255以上なら、明るさは255
	明るさが0以下なら、明るさは0
	ピクチャー1の背景色は、RGB（｛255,明るさ,明るさ｝）
終わり
ピクチャー1がマウスのボタンが押された時の手順
	イベントのボタンが「左ボタン」なら
		ピクチャー1の背景色は「青」
	他でイベントのボタンが「右ボタン」なら
		ピクチャー1の背景色は「緑」
	そして
終わり
終わり"
1,4,D,マクロの実行.rdr,"ーー// エクセルのマクロ実行 //
ーーワークブックに作成されたマクロを実行します
ーーあらかじめVisual Basic Editorなどでワークブックに
ーーマクロを作成する必要があります。

エクセルを起動する
エクセルで「マクロ.xlsm」を開く
対象ブックは、エクセルの選択ブック

ーーマクロを実行させます
対象ブックにある「TestMacro1」をマクロ実行する

ーー引数のマクロを実行させます
対象ブックにある「TestMacro2」を｛「こんにちは!」｝で、マクロ実行する

対象ブックを閉じる
エクセルのワークブック一覧の個数が0なら、エクセルを終了する","以下は、空欄化したコードです。

コード:
# 辞書型変数を初期化
点数辞書 = {「三菱」: 80,「豊田」: 73,「鈴木」: 59}

# 鈴木さんを確認
もし、点数辞書に「鈴木」が辞書---存在するならば
　　「鈴木さん: {点数辞書＠『鈴木』}点」と表示。
違えば
　　「鈴木さん: 存在しない」と表示。
ここまで。
# 日村さんを確認
もし、点数辞書に「日村」が辞書---存在するならば
　　「日村さん: {点数辞書＠『日村』}点」と表示。
違えば
　　「日村さん: 存在しない」と表示。
ここまで。"
1,4,D,入力値検証.rdr,"// 入力値の検証(バリデーション) //
登録画面を表示する
待機する

登録画面とは
	ウィンドウを継承する

	はじめの手順
		初期化する
	終わり

	初期化する手順
ーー//この手順は自動生成されたものです
ーー//編集しないでください
	この内部領域大きさを｛284、240｝に変える
	この種類を「固定」に変える
	この最大化ボタンを×に変える
	この最小化ボタンを×に変える
	この初期位置を「中央」に変える
	この内容を「登録画面 (値検証のテスト)」に変える
	このドラッグドロップを○に変える
	ラベル4というラベルを作る
		その内容を「名前(ふりがな)」に変える
		その移動順を6に変える
		その位置と大きさを｛24、140、75、12｝に変える
	""ふりがな欄""というテキストを作る
		その内容を「ぷろでる」に変える
		その移動順を7に変える
		その位置と大きさを｛113、137、150、19｝に変える
	ラベル3というラベルを作る
		その内容を「郵便番号(&P)」に変える
		その移動順を4に変える
		その位置と大きさを｛24、105、68、12｝に変える
	""郵便番号欄""というテキストを作る
		その内容を「123-1234」に変える
		その移動順を5に変える
		その位置と大きさを｛113、102、150、19｝に変える
	キャンセルボタンというボタンを作る
		その内容を「キャンセル」に変える
		その移動順を9に変える
		その位置と大きさを｛188、198、75、23｝に変える
	OKボタンというボタンを作る
		その内容を「OK」に変える
		その移動順を8に変える
		その位置と大きさを｛100、198、75、23｝に変える
	ラベル2というラベルを作る
		その内容を「電話番号(&T)」に変える
		その移動順を2に変える
		その位置と大きさを｛24、67、68、12｝に変える
	ラベル1というラベルを作る
		その内容を「メールアドレス(&E)」に変える
		その移動順を3に変える
		その位置と大きさを｛24、33、84、12｝に変える
	""電話番号欄""というテキストを作る
		その内容を「03-1234-1234」に変える
		その移動順を3に変える
		その位置と大きさを｛113、64、150、19｝に変える
	メールアドレス欄というテキストを作る
		その内容を「a@abc.ne.jp」に変える
		その移動順を1に変える
		その位置と大きさを｛113、30、150、19｝に変える
	この決定ボタンをOKボタンに変える
	この取消ボタンをキャンセルボタンに変える
	この設計スケール比率を｛96,96｝に変える
終わり

	メールアドレス欄が検証する時の手順
		メールアドレス欄の内容の文字数が0なら、抜け出す
		正規表現によってメールアドレス欄の内容が「.+@.+\.」に合致しなければ
			メールアドレス欄へ「メールアドレスが不適切です」を指摘させる
			イベントのキャンセルは、○
		そして
	終わり
	メールアドレス欄が検証された時の手順
		メールアドレス欄へ無を指摘させる
	終わり
	電話番号欄が検証する時の手順
		電話番号欄の内容の文字数が0なら、抜け出す
		正規表現によって電話番号欄の内容が「\d+\-\d+\-\d+」に合致しなければ
			電話番号欄へ「電話番号が不適切です」を指摘させる
			イベントのキャンセルは、○
		そして
	終わり
	電話番号欄が検証された時の手順
		電話番号欄へ無を指摘させる
	終わり
	郵便番号欄が検証する時の手順
		郵便番号欄の内容の文字数が0なら、抜け出す
		正規表現によって郵便番号欄の内容が「\d{3}-\d{4}」に合致しなければ
			郵便番号欄へ「郵便番号が不適切です」を指摘させる
			イベントのキャンセルは、○
		そして
	終わり
	郵便番号欄が検証された時の手順
		郵便番号欄へ無を指摘させる
	終わり
	ふりがな欄が検証する時の手順
		ふりがな欄の内容の文字数が0なら、抜け出す
		正規表現によってふりがな欄の内容が「^[[]あ-を[]]+$」に合致しなければ
			ふりがな欄へ「ふりがなが不適切です」を指摘させる
			イベントのキャンセルは、○
		そして
	終わり
	ふりがな欄が検証された時の手順
		ふりがな欄へ無を指摘させる
	終わり
	
	OKボタンがクリックされた時の手順
		閉じる
	終わり

	キャンセルボタンがクリックされた時の手順
		閉じる
	終わり

終わり","以下の高度なデータ操作に関わる語句を「---」に置換してください。

1. 配列・辞書操作
2. 数値・データ保存（乱数、保存など）
3. その他: 関数、それ、対象、JSON、CSV"
1,4,D,枝を利用した模様.rdr,"ーー 枝を利用した模様 ーー
窓というウィンドウを作る
窓の内容は「枝を利用した模様」
窓の背景色は、白

かめさんというカメを作る
かめさんを窓に表示する
かめさんの位置は｛140,130｝

４回、繰り返す
	かめさんが１８０だけ７回３００度、枝
	かめさんを９０だけ右へ回転させる
そして

窓を表示する
待機する","以下は、空欄化したコードです。

コード:
# 身長と体重を尋ねる ---
「身長(cm)は？」と尋ねて身長cmに代入。
「体重(kg)は？」と尋ねて体重kgに代入。
# BMIを計算 ---
BMI=体重kg÷(身長cm/100)^2
# 肥満かどうか判定 ---
もし、BMIが25以上ならば
　　判定＝「肥満」
違えば、もし、BMIが18.5未満ならば
　　判定＝「低体重」
違えば
　　判定＝「普通体重」
ここまで。
# 結果を表示 ---
「BMI={BMI} / 判定={判定}」を表示。"
1,4,D,渦巻き.rdr,"ーー 渦巻きを描く ーー

窓としてウィンドウを作る
	その内容は「渦巻きを描く」
	それを表示する

かめさんというカメを作る
	その位置は｛30,220｝
かめさんを窓に表示する
かめさんの向きは0

長さは200

繰り返す
	長さが１０以下なら、繰り返しを抜け出す
	かめさんを前へ長さだけ進める
	かめさんを右へ８９度回転させる
	長さは、長さ－１
そして

待機する","以下は、空欄化したコードです。

点数＝0
# ゲームを無限ループでずっと繰り返す --- (*1)
永遠の間繰り返す
　　答え＝2の乱数
　　「数当てゲーム。0か1を入力して」と尋ねて推測値に代入。
　　もし答えが推測値ならば
　　　　点数＝点数＋1
　　　　結果＝「当たり⭐」
　　違えば
　　　　結果＝「はずれ😭」
　　ここまで。
　　# 結果表示と継続するか二択で質問 --- (*2)
　　「{結果}。点数は{点数}点。続けますか？」と二択。
　　もし、それがキャンセルならば、抜ける。# --- (*3)
ここまで。
「{点数}点で終わりました。」と言う。"
1,4,D,風車.rdr,"﻿//風車//
窓というウィンドウを作る
窓の内容は「かめ」
窓の背景色は「白」
窓を表示する

かめさんというカメを作る
かめさんの位置は｛100,100｝
かめさんを窓に表示する
かめさんの速さは2

//ここにプログラムを書きましょう
かめさんの色は「#80FFFF」
かめさんの太さは5


8回、繰り返す
	かめさんを150度、回転させる
	かめさんを100だけ、進める
	かめさんを150度、回転させる
	かめさんを100だけ、進める
	かめさんを105度、回転させる
	かめさんを45だけ、進める
そして

待機する","python
# 身長と体重を尋ねる ---
「身長(cm)は？」と尋ねて身長cmに代入。
「体重(kg)は？」と尋ねて体重kgに代入。
# BMIを計算 ---
BMI=体重kg÷(身長cm/100)^2
# 肥満かどうか判定 ---
もし、BMIが25以上ならば
　　判定＝「肥満」
違えば、もし、BMIが18.5未満ならば
　　判定＝「低体重」
違えば
　　判定＝「普通体重」
ここまで。
# 結果を表示 ---
「BMI={BMI} / 判定={判定}」を表示。"
1,5,E,かえるの歌.rdr,"「ド4レミファ　ミレド2
ミ4ファソラ　ソファミ2
ド4休ド休　　ド休ド休
ド8ドレレ　　ミミファファ
ミ4レド2」を演奏する","コード:
「---　ミレド2
ミ4ファソラ　ソファミ2
---　　ド休ド休
ド8ドレレ　　ミミファファ"
1,5,E,コッホ.rdr,"ーー コッホを描く ーー

窓というウィンドウを作る
	その内容は「コッホを描く」
窓を表示する
ピクチャー１というピクチャーを窓に作る
	その位置と大きさは｛0,0,300,300｝

かめさんというカメを作る
かめさんを窓のピクチャー１に表示する

次数は4
長さは2
かめさんの位置は{150，180}
かめさんの向きは0
３回、数に１からカウントして繰り返す
	（次数）回、長さで、コッホを描く
	かめさんを左へ１２０度回転させる
そして

待機する

【次数】回、【長さ】で、コッホを、描く手順
	次数が０なら
		かめさんを前へ長さだけ進める
	他なら
		次数－１回、長さで、コッホを描く
		かめさんを右へ６０度回転させる
		次数－１回、長さで、コッホを描く
		かめさんを左へ１２０度回転させる
		次数－１回、長さで、コッホを描く
		かめさんを右へ６０度回転させる
		次数－１回、長さで、コッホを描く
	そして
終わり","以下は、特定用途向け命令を「---」に置換したコードです。

コード:
ーー --- を描く ーー

窓というウィンドウを作る
	その内容は「--- を描く」
窓を表示する
ピクチャー１というピクチャーを窓に作る
	その位置と大きさは｛0,0,300,300｝

かめさんというカメを作る
かめさんを窓のピクチャー１に表示する

次数は4
長さは2
かめさんの位置は{150，180}
かめさんの向きは0
３回、数に１からカウントして繰り返す
	（次数）回、長さで、--- を描く
	かめさんを左へ１２０度回転させる

待機する

【次数】回、【長さ】で、--- を、描く手順
	次数が０なら
		かめさんを前へ長さだけ進める
	他なら
		次数－１回、長さで、--- を描く
		かめさんを右へ６０度回転させる
		次数－１回、長さで、--- を描く
		かめさんを左へ１２０度回転させる
		次数－１回、長さで、--- を描く
		かめさんを右へ６０度回転させる
		次数－１回、長さで、--- を描く
	そして
終わり"
1,5,E,テキスト検索.rdr,"// テキスト検索 //
//フォルダ内のテキストファイルからキーワード検索するプログラム
メイン画面を表示する
待機する

メイン画面とは
ウィンドウを継承する

はじめ手順
	初期化する
	この決定ボタンは、検索ボタン
	フォルダ場所欄の内容は、プログラムのフォルダ
終わり

初期化する手順
//この手順は自動生成されたものです
//編集しないでください
	この内容は「テキスト検索」
	このドラッグドロップは○
	この位置と大きさは｛15，15，506，345｝
	この内部領域大きさは｛498，311｝
	参照ボタンというボタンを作る
		その内容は「...」
		その移動順は7
		その位置と大きさは｛432，15，23，23｝
		その位置固定方向は「右＋上」
	フォルダ場所欄というテキストを作る
		その移動順は6
		その位置と大きさは｛107，19，319，19｝
		その位置固定方向は「右＋左＋上」
	ラベル2というラベルを作る
		その内容は「フォルダの場所(&F)」
		その移動順は5
		その位置と大きさは｛12，22，89，12｝
	リストビュー1というリストビューを作る
		その移動順は4
		その位置と大きさは｛12，91，474，189｝
		そのフォントサイズは11
		その位置固定方向は「右＋左＋下＋上」
		その表示方法は「詳細」
		その全列選択は○
		その見出し一覧は｛「ファイル名」，「場所」，「文字位置」｝
		その見出し幅は｛174，117，106｝
		そのタイルサイズは｛0，0｝
	検索ボタンというボタンを作る
		その内容は「検索」
		その移動順は3
		その位置と大きさは｛380，50，75，23｝
		その位置固定方向は「右＋上」
	キーワード欄というテキストを作る
		その移動順は2
		その位置と大きさは｛73，52，301，19｝
		その位置固定方向は「右＋左＋上」
	ラベル1というラベルを作る
		その内容は「キーワード」
		その移動順は1
		その位置と大きさは｛14，55，53，12｝
	ステータスバー1というステータスバーを作る
		その内容は「ステータスバー1」
		その移動順は8
		その位置と大きさは｛0，289，498，22｝
		状態ラベルという状況ラベル部品をステータスバー1へ作る
			その文字配置は「左」
			その引き伸ばしは○
	この設計スケール比率は｛96,96｝
終わり

検索ボタンがクリックされた時の手順
	対象フォルダは、フォルダ場所欄の内容
	キーワードは、キーワード欄の内容

	検索ボタンの使用可能は×
	状態ラベルの内容は「検索中...」
	0秒待つ
	一覧は、対象フォルダのファイルの全一覧
	リストビュー1を更新開始する
	リストビュー1をすべて消す
	一覧のすべてのファイル名についてそれぞれ繰り返す
		ファイル名の拡張子だけが「exe」なら、繰り返しを続ける
		【内容】は（対象フォルダのフォルダだけ）＆ファイル名から読み込んだもの
		内容が無なら、繰り返しを続ける
		文字位置は、内容:キーワードを探したもの
		文字位置が0でないなら
			項目は、ファイル名のファイル名だけをリストビュー1に加えたもの
			項目の詳細は｛ファイル名のフォルダだけ、文字位置、（対象フォルダのフォルダだけ）＆ファイル名｝
		そして
	そして
	リストビュー1を更新終了する
	検索ボタンの使用可能は○
	リストビュー1の個数が0なら
		状態ラベルの内容は「見つかりません」
	でなければ
		状態ラベルの内容は「[リストビュー1の個数]件、見つかりました」
	そして
終わり

参照ボタンがクリックされた時の手順
	フォルダ選択画面のフォルダ名は、フォルダ場所欄の内容
	フォルダ選択画面を表示する
	フォルダ選択画面のキャンセルなら抜け出す
	フォルダ場所欄の内容は、フォルダ選択画面のフォルダ名
終わり


リストビュー1がダブルクリックされた時の手順
	配列は、リストビュー１の選択項目の詳細
	ファイル名は、配列（4）
	「explorer」を「/select,""［ファイル名］""」として起動する
終わり

終わり

プレビュー画面とは
ウィンドウを継承する

はじめ手順
	初期化する
終わり

初期化する手順
//この手順は自動生成されたものです
//編集しないでください
	この内容は「プレビュー画面」
	このドラッグドロップは○
	この位置と大きさは｛15，15，300，300｝
文章テキスト1という文章テキストを作る
	その位置と大きさは｛0，0，292，266｝
	その文字サイズは14
	そのドッキング方向は「全体」
終わり

[自分]で、[ファイル名]を、開く手順
	【内容】は（ファイル名から読み込んだもの）
	内容は、内容で（13のキャラクタ）を改行へ置き換えたもの
	文章テキスト1の内容は、内容
終わり

終わり","以下の特定用途向け命令を「---」に置換してください。

1. 描画・GUI: カメ〜、描画、ボタン
2. インタラクション: クリック
3. 通信・その他: 通信、グラフ、Ajax"
1,5,E,バイナリファイル.rdr,"ーーバイナリファイルの読み込みと書き込み
ファイル名は「［デスクトップ］データ.bin」

ーーバイナリ操作でファイルを作成する
書き込みデータというバイナリファイルを作る
書き込みデータにファイル名を書き込み専用で開く
書き込みデータへ65を書き込む
書き込みデータへ｛66,66,68｝を一括で書き込む
書き込みデータを閉じる

ーーバイナリ操作でファイルを読み込む
読み込みファイルというバイナリファイルを作る
読み込みファイルへファイル名を読み取り専用で開く
（読み込みファイルから読み取ったもの）を表示する
読み込みファイルを閉じる","以下は、特定用途向け命令を「---」に置換したコードです。

コード:
---の読み込みと書き込み
ファイル名は「［デスクトップ］データ.bin」

---でファイルを作成する
書き込みデータという---を作る
書き込みデータにファイル名を---で開く
書き込みデータへ65を---する
書き込みデータへ｛66,66,68｝を一括で---する
書き込みデータを---する

---でファイルを読み込む
読み込みファイルという---を作る
読み込みファイルへファイル名を---で開く
（読み込みファイルから読み取ったもの）を---する
読み込みファイルを---する"
1,5,E,マウスイベント手順.rdr,"// マウスイベントの例 //
メイン画面を表示する
色番号は0
待機する

メイン画面とは

ウィンドウを継承する
	はじめ手順
		初期化する
		明るさは0
	終わり

	初期化する手順
	//この手順は自動生成されたものです
	//編集しないでください
	この内容は「マウスイベント手順」
	このドラッグドロップは○
	この内部領域大きさは｛300，300｝
ピクチャー1というピクチャーを作る
	その位置と大きさは｛123，88，39，37｝
	その背景色は「Red」
	この設計スケール比率は｛96,96｝
終わり

マウスカーソルが移動した時の手順
	ピクチャー1の横は、イベントの横座標-(ピクチャー1の幅÷2)
	ピクチャー1の縦は、イベントの縦座標-(ピクチャー1の高さ÷2)
終わり
マウスのホイールが移動した時の手順
	明るさにイベントのホイール移動量÷6を足す
	明るさが255以上なら、明るさは255
	明るさが0以下なら、明るさは0
	ピクチャー1の背景色は、RGB（｛255,明るさ,明るさ｝）
終わり
ピクチャー1がマウスのボタンが押された時の手順
	イベントのボタンが「左ボタン」なら
		ピクチャー1の背景色は「青」
	他でイベントのボタンが「右ボタン」なら
		ピクチャー1の背景色は「緑」
	そして
終わり
終わり","// マウスイベントの例 //
メイン画面を表示する
色番号は0
待機する

メイン画面とは

ウィンドウを継承する
    はじめ手順
        初期化する
        明るさは0
        終わり

        初期化する手順
        //この手順は自動生成されたものです
        //編集しないでください
        この内容は「マウスイベント手順」
        このドラッグドロップは○
        この内部領域大きさは｛300，300｝
ピクチャー1というピクチャーを作る
        その位置と大きさは｛123，88，39，37｝
        その背景色は「---」
        この設計スケール比率は｛96,96｝
終わり

マウスカーソルが移動した時の手順
        ピクチャー1の横は、イベントの横座標-(ピクチャー1の幅÷2)
        ピクチャー1の縦は、イベントの縦座標-(ピクチャー1の高さ÷2)
終わり
マウスのホイールが移動した時の手順
        明るさにイベントのホイール移動量÷6を足す
        明るさが255以上なら、明るさは255
        明るさが0以下なら、明るさは0
        ピクチャー1の背景色は、RGB（｛255,明るさ,明るさ｝）
終わり
ピクチャー1がマウスのボタンが押された時の手順
        イベントのボタンが「左ボタン」なら
            ピクチャー1の背景色は「---」
        他でイベントのボタンが「右ボタン」なら
            ピクチャー1の背景色は「---」
        そして
終わり
終わり"
1,5,E,マクロの実行.rdr,"ーー// エクセルのマクロ実行 //
ーーワークブックに作成されたマクロを実行します
ーーあらかじめVisual Basic Editorなどでワークブックに
ーーマクロを作成する必要があります。

エクセルを起動する
エクセルで「マクロ.xlsm」を開く
対象ブックは、エクセルの選択ブック

ーーマクロを実行させます
対象ブックにある「TestMacro1」をマクロ実行する

ーー引数のマクロを実行させます
対象ブックにある「TestMacro2」を｛「こんにちは!」｝で、マクロ実行する

対象ブックを閉じる
エクセルのワークブック一覧の個数が0なら、エクセルを終了する","以下は、特定用途向け命令を「---」に置換したコードです。

ーー// エクセルのマクロ実行 //
---ワークブックに作成されたマクロを実行します
---あらかじめVisual Basic Editorなどでワークブックに
---マクロを作成する必要があります。

エクセルを起動する
エクセルで「---」を開く
対象ブックは、エクセルの選択ブック

---を実行させます
対象ブックにある「---」を---する

---を実行させます
対象ブックにある「---」を｛「こんにちは!」｝で、---する

対象ブックを閉じる
エクセルのワークブック一覧の個数が0なら、エクセルを終了する"
1,5,E,入力値検証.rdr,"// 入力値の検証(バリデーション) //
登録画面を表示する
待機する

登録画面とは
	ウィンドウを継承する

	はじめの手順
		初期化する
	終わり

	初期化する手順
ーー//この手順は自動生成されたものです
ーー//編集しないでください
	この内部領域大きさを｛284、240｝に変える
	この種類を「固定」に変える
	この最大化ボタンを×に変える
	この最小化ボタンを×に変える
	この初期位置を「中央」に変える
	この内容を「登録画面 (値検証のテスト)」に変える
	このドラッグドロップを○に変える
	ラベル4というラベルを作る
		その内容を「名前(ふりがな)」に変える
		その移動順を6に変える
		その位置と大きさを｛24、140、75、12｝に変える
	""ふりがな欄""というテキストを作る
		その内容を「ぷろでる」に変える
		その移動順を7に変える
		その位置と大きさを｛113、137、150、19｝に変える
	ラベル3というラベルを作る
		その内容を「郵便番号(&P)」に変える
		その移動順を4に変える
		その位置と大きさを｛24、105、68、12｝に変える
	""郵便番号欄""というテキストを作る
		その内容を「123-1234」に変える
		その移動順を5に変える
		その位置と大きさを｛113、102、150、19｝に変える
	キャンセルボタンというボタンを作る
		その内容を「キャンセル」に変える
		その移動順を9に変える
		その位置と大きさを｛188、198、75、23｝に変える
	OKボタンというボタンを作る
		その内容を「OK」に変える
		その移動順を8に変える
		その位置と大きさを｛100、198、75、23｝に変える
	ラベル2というラベルを作る
		その内容を「電話番号(&T)」に変える
		その移動順を2に変える
		その位置と大きさを｛24、67、68、12｝に変える
	ラベル1というラベルを作る
		その内容を「メールアドレス(&E)」に変える
		その移動順を3に変える
		その位置と大きさを｛24、33、84、12｝に変える
	""電話番号欄""というテキストを作る
		その内容を「03-1234-1234」に変える
		その移動順を3に変える
		その位置と大きさを｛113、64、150、19｝に変える
	メールアドレス欄というテキストを作る
		その内容を「a@abc.ne.jp」に変える
		その移動順を1に変える
		その位置と大きさを｛113、30、150、19｝に変える
	この決定ボタンをOKボタンに変える
	この取消ボタンをキャンセルボタンに変える
	この設計スケール比率を｛96,96｝に変える
終わり

	メールアドレス欄が検証する時の手順
		メールアドレス欄の内容の文字数が0なら、抜け出す
		正規表現によってメールアドレス欄の内容が「.+@.+\.」に合致しなければ
			メールアドレス欄へ「メールアドレスが不適切です」を指摘させる
			イベントのキャンセルは、○
		そして
	終わり
	メールアドレス欄が検証された時の手順
		メールアドレス欄へ無を指摘させる
	終わり
	電話番号欄が検証する時の手順
		電話番号欄の内容の文字数が0なら、抜け出す
		正規表現によって電話番号欄の内容が「\d+\-\d+\-\d+」に合致しなければ
			電話番号欄へ「電話番号が不適切です」を指摘させる
			イベントのキャンセルは、○
		そして
	終わり
	電話番号欄が検証された時の手順
		電話番号欄へ無を指摘させる
	終わり
	郵便番号欄が検証する時の手順
		郵便番号欄の内容の文字数が0なら、抜け出す
		正規表現によって郵便番号欄の内容が「\d{3}-\d{4}」に合致しなければ
			郵便番号欄へ「郵便番号が不適切です」を指摘させる
			イベントのキャンセルは、○
		そして
	終わり
	郵便番号欄が検証された時の手順
		郵便番号欄へ無を指摘させる
	終わり
	ふりがな欄が検証する時の手順
		ふりがな欄の内容の文字数が0なら、抜け出す
		正規表現によってふりがな欄の内容が「^[[]あ-を[]]+$」に合致しなければ
			ふりがな欄へ「ふりがなが不適切です」を指摘させる
			イベントのキャンセルは、○
		そして
	終わり
	ふりがな欄が検証された時の手順
		ふりがな欄へ無を指摘させる
	終わり
	
	OKボタンがクリックされた時の手順
		閉じる
	終わり

	キャンセルボタンがクリックされた時の手順
		閉じる
	終わり

終わり","以下の特定用途向け命令を「---」に置換しました。

1. 描画・GUI: カメ〜、描画、ボタン
2. インタラクション: クリック
3. 通信・その他: 通信、グラフ、Ajax"
1,5,E,枝を利用した模様.rdr,"ーー 枝を利用した模様 ーー
窓というウィンドウを作る
窓の内容は「枝を利用した模様」
窓の背景色は、白

かめさんというカメを作る
かめさんを窓に表示する
かめさんの位置は｛140,130｝

４回、繰り返す
	かめさんが１８０だけ７回３００度、枝
	かめさんを９０だけ右へ回転させる
そして

窓を表示する
待機する","以下は、特定用途向け命令を「---」に置換したコードです。

コード:
# 変数の定義
カレーは950
天ソバは1200
ハンバーグは1100
人数は10

# 割り勘の計算
合計金額＝(カレー×3)＋(天ソバ×2)＋(ハンバーグ×5)
割勘金額＝合計金額÷人数

割勘金額を表示。"
1,5,E,渦巻き.rdr,"ーー 渦巻きを描く ーー

窓としてウィンドウを作る
	その内容は「渦巻きを描く」
	それを表示する

かめさんというカメを作る
	その位置は｛30,220｝
かめさんを窓に表示する
かめさんの向きは0

長さは200

繰り返す
	長さが１０以下なら、繰り返しを抜け出す
	かめさんを前へ長さだけ進める
	かめさんを右へ８９度回転させる
	長さは、長さ－１
そして

待機する","以下は、特定用途向け命令を「---」に置換したコードです。

窓としてウィンドウを作る
　その内容は「---」
　それを表示する

かめさんという---を作る
　その位置は｛30,220｝
かめさんを窓に表示する
かめさんの向きは0

長さは200

繰り返す
　長さが１０以下なら、繰り返しを抜け出す
　かめさんを前へ長さだけ進める
　かめさんを右へ---度回転させる
　長さは、長さ－１
そして

待機する"
1,5,E,風車.rdr,"﻿//風車//
窓というウィンドウを作る
窓の内容は「かめ」
窓の背景色は「白」
窓を表示する

かめさんというカメを作る
かめさんの位置は｛100,100｝
かめさんを窓に表示する
かめさんの速さは2

//ここにプログラムを書きましょう
かめさんの色は「#80FFFF」
かめさんの太さは5


8回、繰り返す
	かめさんを150度、回転させる
	かめさんを100だけ、進める
	かめさんを150度、回転させる
	かめさんを100だけ、進める
	かめさんを105度、回転させる
	かめさんを45だけ、進める
そして

待機する","以下は、指定された特定用途向け命令を「---」に置換したコードです。

コード:
assistant

以下は、指定された特定用途向け命令を「---」に置換したコードです。

かめさんというカメを作る
かめさんの位置は｛100,100｝
かめさんを窓に表示する
かめさんの速さは2

//ここにプログラムを書きましょう
かめさんの色は「#80FFFF」
かめさんの太さは5"
2,1,A,かえるの歌.rdr,"「ド4レミファ　ミレド2
ミ4ファソラ　ソファミ2
ド4休ド休　　ド休ド休
ド8ドレレ　　ミミファファ
ミ4レド2」を演奏する","コード:
「---レ---　---レド2
---ファソラ　---ファミ2
---休---　　---休---
---ドレレ　　---ミファファ
---レド2」"
2,1,A,コッホ.rdr,"ーー コッホを描く ーー

窓というウィンドウを作る
	その内容は「コッホを描く」
窓を表示する
ピクチャー１というピクチャーを窓に作る
	その位置と大きさは｛0,0,300,300｝

かめさんというカメを作る
かめさんを窓のピクチャー１に表示する

次数は4
長さは2
かめさんの位置は{150，180}
かめさんの向きは0
３回、数に１からカウントして繰り返す
	（次数）回、長さで、コッホを描く
	かめさんを左へ１２０度回転させる
そして

待機する

【次数】回、【長さ】で、コッホを、描く手順
	次数が０なら
		かめさんを前へ長さだけ進める
	他なら
		次数－１回、長さで、コッホを描く
		かめさんを右へ６０度回転させる
		次数－１回、長さで、コッホを描く
		かめさんを左へ１２０度回転させる
		次数－１回、長さで、コッホを描く
		かめさんを右へ６０度回転させる
		次数－１回、長さで、コッホを描く
	そして
終わり","ーー コッホを描く ーー

窓というウィンドウを作る
	その内容は「コッホを描く」
窓を表示する
ピクチャー１というピクチャーを窓に作る
	その位置と大きさは｛0,0,300,300｝

かめさんというカメを作る
かめさんを窓のピクチャー１に表示する

次数は---
長さは---
かめさんの位置は{150，180}
かめさんの向きは0
３回、数に１からカウントして繰り返す
	（次数）回、長さで、コッホを描く
	かめさんを左へ１２０度回転させる
そして

待機する

【次数】回、【長さ】で、コッホを、描く手順
	次数が0なら
		かめさんを前へ---だけ進める
	他なら
		次数－１回、長さで、コッホを描く
		かめさんを右へ６０度回転させる
		次数－１回、長さで、コッホを描く
		かめさんを左へ１２０度回転させる
		次数－１回、長さで、コッホを描く
		かめさんを右へ６０度回転させる
		次数－１回、長さで、コッホを描く
	そして
終わり"
2,1,A,テキスト検索.rdr,"// テキスト検索 //
//フォルダ内のテキストファイルからキーワード検索するプログラム
メイン画面を表示する
待機する

メイン画面とは
ウィンドウを継承する

はじめ手順
	初期化する
	この決定ボタンは、検索ボタン
	フォルダ場所欄の内容は、プログラムのフォルダ
終わり

初期化する手順
//この手順は自動生成されたものです
//編集しないでください
	この内容は「テキスト検索」
	このドラッグドロップは○
	この位置と大きさは｛15，15，506，345｝
	この内部領域大きさは｛498，311｝
	参照ボタンというボタンを作る
		その内容は「...」
		その移動順は7
		その位置と大きさは｛432，15，23，23｝
		その位置固定方向は「右＋上」
	フォルダ場所欄というテキストを作る
		その移動順は6
		その位置と大きさは｛107，19，319，19｝
		その位置固定方向は「右＋左＋上」
	ラベル2というラベルを作る
		その内容は「フォルダの場所(&F)」
		その移動順は5
		その位置と大きさは｛12，22，89，12｝
	リストビュー1というリストビューを作る
		その移動順は4
		その位置と大きさは｛12，91，474，189｝
		そのフォントサイズは11
		その位置固定方向は「右＋左＋下＋上」
		その表示方法は「詳細」
		その全列選択は○
		その見出し一覧は｛「ファイル名」，「場所」，「文字位置」｝
		その見出し幅は｛174，117，106｝
		そのタイルサイズは｛0，0｝
	検索ボタンというボタンを作る
		その内容は「検索」
		その移動順は3
		その位置と大きさは｛380，50，75，23｝
		その位置固定方向は「右＋上」
	キーワード欄というテキストを作る
		その移動順は2
		その位置と大きさは｛73，52，301，19｝
		その位置固定方向は「右＋左＋上」
	ラベル1というラベルを作る
		その内容は「キーワード」
		その移動順は1
		その位置と大きさは｛14，55，53，12｝
	ステータスバー1というステータスバーを作る
		その内容は「ステータスバー1」
		その移動順は8
		その位置と大きさは｛0，289，498，22｝
		状態ラベルという状況ラベル部品をステータスバー1へ作る
			その文字配置は「左」
			その引き伸ばしは○
	この設計スケール比率は｛96,96｝
終わり

検索ボタンがクリックされた時の手順
	対象フォルダは、フォルダ場所欄の内容
	キーワードは、キーワード欄の内容

	検索ボタンの使用可能は×
	状態ラベルの内容は「検索中...」
	0秒待つ
	一覧は、対象フォルダのファイルの全一覧
	リストビュー1を更新開始する
	リストビュー1をすべて消す
	一覧のすべてのファイル名についてそれぞれ繰り返す
		ファイル名の拡張子だけが「exe」なら、繰り返しを続ける
		【内容】は（対象フォルダのフォルダだけ）＆ファイル名から読み込んだもの
		内容が無なら、繰り返しを続ける
		文字位置は、内容:キーワードを探したもの
		文字位置が0でないなら
			項目は、ファイル名のファイル名だけをリストビュー1に加えたもの
			項目の詳細は｛ファイル名のフォルダだけ、文字位置、（対象フォルダのフォルダだけ）＆ファイル名｝
		そして
	そして
	リストビュー1を更新終了する
	検索ボタンの使用可能は○
	リストビュー1の個数が0なら
		状態ラベルの内容は「見つかりません」
	でなければ
		状態ラベルの内容は「[リストビュー1の個数]件、見つかりました」
	そして
終わり

参照ボタンがクリックされた時の手順
	フォルダ選択画面のフォルダ名は、フォルダ場所欄の内容
	フォルダ選択画面を表示する
	フォルダ選択画面のキャンセルなら抜け出す
	フォルダ場所欄の内容は、フォルダ選択画面のフォルダ名
終わり


リストビュー1がダブルクリックされた時の手順
	配列は、リストビュー１の選択項目の詳細
	ファイル名は、配列（4）
	「explorer」を「/select,""［ファイル名］""」として起動する
終わり

終わり

プレビュー画面とは
ウィンドウを継承する

はじめ手順
	初期化する
終わり

初期化する手順
//この手順は自動生成されたものです
//編集しないでください
	この内容は「プレビュー画面」
	このドラッグドロップは○
	この位置と大きさは｛15，15，300，300｝
文章テキスト1という文章テキストを作る
	その位置と大きさは｛0，0，292，266｝
	その文字サイズは14
	そのドッキング方向は「全体」
終わり

[自分]で、[ファイル名]を、開く手順
	【内容】は（ファイル名から読み込んだもの）
	内容は、内容で（13のキャラクタ）を改行へ置き換えたもの
	文章テキスト1の内容は、内容
終わり

終わり","以下の要素を「---」に置換しました。

コード:
商品一覧-[---,---,---,---]
合計金額-0
Nを0から3まで繰り返す
　　合計金額-合計金額-商品一覧[N]
ここまで。
「---------」と表示。

// テキスト検索 //
//フォルダ内のテキストファイルからキーワード検索するプログラム
メイン画面を表示する
待機する

メイン画面とは
ウィンドウを継承する

はじめ手順
初期化する
この決定ボタンは、検索ボタン
フォルダ場所欄の内容は、プログラムのフォルダ
終わり

初期化する手順
//この手順は自動生成されたものです
//編集しないでください
この内容は「テキスト検索」
このドラッグドロップは○
この位置と大きさは｛15，15，506，345｝
この内部領域大きさは｛498，311｝
参照ボタンというボタンを作る
    その内容は「---」
    その移動順は7
    その位置と大きさは｛432，15，23，23｝
    その位置固定方向は「右＋上」
フォルダ場所欄というテキストを作る
    その移動順は6
    その位置と大きさは｛107，19，319，19｝
    その位置固定方向は「右＋左＋上」
ラベル2というラベルを作る
    その内容は「フォルダの場所(&F)」
    その移動順は5
    その位置と大きさは｛12，22，89，12｝
    その位置固定方向は「右＋左＋上」
リストビュー1というリストビューを作る
    その移動順は4
    その位置と大きさは｛12，91，474，189｝
    そのフォントサイズは11
    その位置固定方向は「右＋左＋下＋上」
    その表示方法は「詳細」
    その全列選択は○
    その見出し一覧は｛「ファイル名」，「場所」，"
2,1,A,バイナリファイル.rdr,"ーーバイナリファイルの読み込みと書き込み
ファイル名は「［デスクトップ］データ.bin」

ーーバイナリ操作でファイルを作成する
書き込みデータというバイナリファイルを作る
書き込みデータにファイル名を書き込み専用で開く
書き込みデータへ65を書き込む
書き込みデータへ｛66,66,68｝を一括で書き込む
書き込みデータを閉じる

ーーバイナリ操作でファイルを読み込む
読み込みファイルというバイナリファイルを作る
読み込みファイルへファイル名を読み取り専用で開く
（読み込みファイルから読み取ったもの）を表示する
読み込みファイルを閉じる","バイナリファイルの読み込みと書き込み
ファイル名は「---」

ーバイナリ操作でファイルを作成する
書き込みデータというバイナリファイルを作る
書き込みデータにファイル名を書き込み専用で開く
書き込みデータへ---を書き込む
書き込みデータへ---を一括で書き込む
書き込みデータを閉じる

ーバイナリ操作でファイルを読み込む
読み込みファイルというバイナリファイルを作る
読み込みファイルへファイル名を読み取り専用で開く
（読み込みファイルから読み取ったもの）を表示する
読み込みファイルを閉じる"
2,1,A,マウスイベント手順.rdr,"// マウスイベントの例 //
メイン画面を表示する
色番号は0
待機する

メイン画面とは

ウィンドウを継承する
	はじめ手順
		初期化する
		明るさは0
	終わり

	初期化する手順
	//この手順は自動生成されたものです
	//編集しないでください
	この内容は「マウスイベント手順」
	このドラッグドロップは○
	この内部領域大きさは｛300，300｝
ピクチャー1というピクチャーを作る
	その位置と大きさは｛123，88，39，37｝
	その背景色は「Red」
	この設計スケール比率は｛96,96｝
終わり

マウスカーソルが移動した時の手順
	ピクチャー1の横は、イベントの横座標-(ピクチャー1の幅÷2)
	ピクチャー1の縦は、イベントの縦座標-(ピクチャー1の高さ÷2)
終わり
マウスのホイールが移動した時の手順
	明るさにイベントのホイール移動量÷6を足す
	明るさが255以上なら、明るさは255
	明るさが0以下なら、明るさは0
	ピクチャー1の背景色は、RGB（｛255,明るさ,明るさ｝）
終わり
ピクチャー1がマウスのボタンが押された時の手順
	イベントのボタンが「左ボタン」なら
		ピクチャー1の背景色は「青」
	他でイベントのボタンが「右ボタン」なら
		ピクチャー1の背景色は「緑」
	そして
終わり
終わり","メイン画面を表示する
色番号は---
待機する"
2,1,A,マクロの実行.rdr,"ーー// エクセルのマクロ実行 //
ーーワークブックに作成されたマクロを実行します
ーーあらかじめVisual Basic Editorなどでワークブックに
ーーマクロを作成する必要があります。

エクセルを起動する
エクセルで「マクロ.xlsm」を開く
対象ブックは、エクセルの選択ブック

ーーマクロを実行させます
対象ブックにある「TestMacro1」をマクロ実行する

ーー引数のマクロを実行させます
対象ブックにある「TestMacro2」を｛「こんにちは!」｝で、マクロ実行する

対象ブックを閉じる
エクセルのワークブック一覧の個数が0なら、エクセルを終了する","以下は、空欄化したコードです。

ーー// エクセルのマクロ実行 //
ーーワークブックに作成されたマクロを実行します
ーーあらかじめVisual Basic Editorなどでワークブックに
ーーマクロを作成する必要があります。

エクセルを起動する
エクセルで「---」を開く
対象ブックは、エクセルの選択ブック

ーーマクロを実行させます
対象ブックにある「---」を｛「---」｝で、マクロ実行する

対象ブックを閉じる
エクセルのワークブック一覧の個数が0なら、エクセルを終了する"
2,1,A,入力値検証.rdr,"// 入力値の検証(バリデーション) //
登録画面を表示する
待機する

登録画面とは
	ウィンドウを継承する

	はじめの手順
		初期化する
	終わり

	初期化する手順
ーー//この手順は自動生成されたものです
ーー//編集しないでください
	この内部領域大きさを｛284、240｝に変える
	この種類を「固定」に変える
	この最大化ボタンを×に変える
	この最小化ボタンを×に変える
	この初期位置を「中央」に変える
	この内容を「登録画面 (値検証のテスト)」に変える
	このドラッグドロップを○に変える
	ラベル4というラベルを作る
		その内容を「名前(ふりがな)」に変える
		その移動順を6に変える
		その位置と大きさを｛24、140、75、12｝に変える
	""ふりがな欄""というテキストを作る
		その内容を「ぷろでる」に変える
		その移動順を7に変える
		その位置と大きさを｛113、137、150、19｝に変える
	ラベル3というラベルを作る
		その内容を「郵便番号(&P)」に変える
		その移動順を4に変える
		その位置と大きさを｛24、105、68、12｝に変える
	""郵便番号欄""というテキストを作る
		その内容を「123-1234」に変える
		その移動順を5に変える
		その位置と大きさを｛113、102、150、19｝に変える
	キャンセルボタンというボタンを作る
		その内容を「キャンセル」に変える
		その移動順を9に変える
		その位置と大きさを｛188、198、75、23｝に変える
	OKボタンというボタンを作る
		その内容を「OK」に変える
		その移動順を8に変える
		その位置と大きさを｛100、198、75、23｝に変える
	ラベル2というラベルを作る
		その内容を「電話番号(&T)」に変える
		その移動順を2に変える
		その位置と大きさを｛24、67、68、12｝に変える
	ラベル1というラベルを作る
		その内容を「メールアドレス(&E)」に変える
		その移動順を3に変える
		その位置と大きさを｛24、33、84、12｝に変える
	""電話番号欄""というテキストを作る
		その内容を「03-1234-1234」に変える
		その移動順を3に変える
		その位置と大きさを｛113、64、150、19｝に変える
	メールアドレス欄というテキストを作る
		その内容を「a@abc.ne.jp」に変える
		その移動順を1に変える
		その位置と大きさを｛113、30、150、19｝に変える
	この決定ボタンをOKボタンに変える
	この取消ボタンをキャンセルボタンに変える
	この設計スケール比率を｛96,96｝に変える
終わり

	メールアドレス欄が検証する時の手順
		メールアドレス欄の内容の文字数が0なら、抜け出す
		正規表現によってメールアドレス欄の内容が「.+@.+\.」に合致しなければ
			メールアドレス欄へ「メールアドレスが不適切です」を指摘させる
			イベントのキャンセルは、○
		そして
	終わり
	メールアドレス欄が検証された時の手順
		メールアドレス欄へ無を指摘させる
	終わり
	電話番号欄が検証する時の手順
		電話番号欄の内容の文字数が0なら、抜け出す
		正規表現によって電話番号欄の内容が「\d+\-\d+\-\d+」に合致しなければ
			電話番号欄へ「電話番号が不適切です」を指摘させる
			イベントのキャンセルは、○
		そして
	終わり
	電話番号欄が検証された時の手順
		電話番号欄へ無を指摘させる
	終わり
	郵便番号欄が検証する時の手順
		郵便番号欄の内容の文字数が0なら、抜け出す
		正規表現によって郵便番号欄の内容が「\d{3}-\d{4}」に合致しなければ
			郵便番号欄へ「郵便番号が不適切です」を指摘させる
			イベントのキャンセルは、○
		そして
	終わり
	郵便番号欄が検証された時の手順
		郵便番号欄へ無を指摘させる
	終わり
	ふりがな欄が検証する時の手順
		ふりがな欄の内容の文字数が0なら、抜け出す
		正規表現によってふりがな欄の内容が「^[[]あ-を[]]+$」に合致しなければ
			ふりがな欄へ「ふりがなが不適切です」を指摘させる
			イベントのキャンセルは、○
		そして
	終わり
	ふりがな欄が検証された時の手順
		ふりがな欄へ無を指摘させる
	終わり
	
	OKボタンがクリックされた時の手順
		閉じる
	終わり

	キャンセルボタンがクリックされた時の手順
		閉じる
	終わり

終わり","「-----------------------」
「--------------------
---------------」"
2,1,A,枝を利用した模様.rdr,"ーー 枝を利用した模様 ーー
窓というウィンドウを作る
窓の内容は「枝を利用した模様」
窓の背景色は、白

かめさんというカメを作る
かめさんを窓に表示する
かめさんの位置は｛140,130｝

４回、繰り返す
	かめさんが１８０だけ７回３００度、枝
	かめさんを９０だけ右へ回転させる
そして

窓を表示する
待機する","ーー 枝を利用した模様 ーー
窓というウィンドウを作る
窓の内容は「---」
窓の背景色は、白

かめさんというカメを作る
かめさんを窓に表示する
かめさんの位置は｛---,---｝

４回、繰り返す
	かめさんが１８０だけ７回---、枝
	かめさんを９０だけ右へ回転させる
そして

窓を表示する
待機する"
2,1,A,渦巻き.rdr,"ーー 渦巻きを描く ーー

窓としてウィンドウを作る
	その内容は「渦巻きを描く」
	それを表示する

かめさんというカメを作る
	その位置は｛30,220｝
かめさんを窓に表示する
かめさんの向きは0

長さは200

繰り返す
	長さが１０以下なら、繰り返しを抜け出す
	かめさんを前へ長さだけ進める
	かめさんを右へ８９度回転させる
	長さは、長さ－１
そして

待機する","ーー 渦巻きを描く ーー

窓としてウィンドウを作る
    その内容は「---」
    それを表示する

かめさんというカメを作る
    その位置は｛---，---｝
かめさんを窓に表示する
かめさんの向きは0

長さは---
繰り返す
    長さが１０以下なら、繰り返しを抜け出す
    かめさんを前へ---だけ進める
    かめさんを右へ---度回転させる
    長さは、長さ－１
そして"
2,1,A,風車.rdr,"﻿//風車//
窓というウィンドウを作る
窓の内容は「かめ」
窓の背景色は「白」
窓を表示する

かめさんというカメを作る
かめさんの位置は｛100,100｝
かめさんを窓に表示する
かめさんの速さは2

//ここにプログラムを書きましょう
かめさんの色は「#80FFFF」
かめさんの太さは5


8回、繰り返す
	かめさんを150度、回転させる
	かめさんを100だけ、進める
	かめさんを150度、回転させる
	かめさんを100だけ、進める
	かめさんを105度、回転させる
	かめさんを45だけ、進める
そして

待機する","//風車//
窓というウィンドウを作る
窓の内容は「---」
窓の背景色は「---」
窓を表示する

かめさんというカメを作る
かめさんの位置は｛---,---｝
かめさんを窓に表示する
かめさんの速さは---
かめさんの色は「---」
かめさんの太さは---

8回、繰り返す
    かめさんを---度、回転させる
    かめさんを---だけ、進める
    かめさんを---度、回転させる
    かめさんを---だけ、進める
    かめさんを---度、回転させる
    かめさんを---だけ、進める
そして

待機する"
2,2,B,かえるの歌.rdr,"「ド4レミファ　ミレド2
ミ4ファソラ　ソファミ2
ド4休ド休　　ド休ド休
ド8ドレレ　　ミミファファ
ミ4レド2」を演奏する","「ド4レミファ　ミレド2」と---。
「ミ4ファソラ　ソファミ2」と---。
「ド4休ド休　　ド休ド休」と---。
「ド8ドレレ　　ミミファファ」と---。
「ミ4レド2」と---。"
2,2,B,コッホ.rdr,"ーー コッホを描く ーー

窓というウィンドウを作る
	その内容は「コッホを描く」
窓を表示する
ピクチャー１というピクチャーを窓に作る
	その位置と大きさは｛0,0,300,300｝

かめさんというカメを作る
かめさんを窓のピクチャー１に表示する

次数は4
長さは2
かめさんの位置は{150，180}
かめさんの向きは0
３回、数に１からカウントして繰り返す
	（次数）回、長さで、コッホを描く
	かめさんを左へ１２０度回転させる
そして

待機する

【次数】回、【長さ】で、コッホを、描く手順
	次数が０なら
		かめさんを前へ長さだけ進める
	他なら
		次数－１回、長さで、コッホを描く
		かめさんを右へ６０度回転させる
		次数－１回、長さで、コッホを描く
		かめさんを左へ１２０度回転させる
		次数－１回、長さで、コッホを描く
		かめさんを右へ６０度回転させる
		次数－１回、長さで、コッホを描く
	そして
終わり",ーー コッホを描く ーー
2,2,B,テキスト検索.rdr,"// テキスト検索 //
//フォルダ内のテキストファイルからキーワード検索するプログラム
メイン画面を表示する
待機する

メイン画面とは
ウィンドウを継承する

はじめ手順
	初期化する
	この決定ボタンは、検索ボタン
	フォルダ場所欄の内容は、プログラムのフォルダ
終わり

初期化する手順
//この手順は自動生成されたものです
//編集しないでください
	この内容は「テキスト検索」
	このドラッグドロップは○
	この位置と大きさは｛15，15，506，345｝
	この内部領域大きさは｛498，311｝
	参照ボタンというボタンを作る
		その内容は「...」
		その移動順は7
		その位置と大きさは｛432，15，23，23｝
		その位置固定方向は「右＋上」
	フォルダ場所欄というテキストを作る
		その移動順は6
		その位置と大きさは｛107，19，319，19｝
		その位置固定方向は「右＋左＋上」
	ラベル2というラベルを作る
		その内容は「フォルダの場所(&F)」
		その移動順は5
		その位置と大きさは｛12，22，89，12｝
	リストビュー1というリストビューを作る
		その移動順は4
		その位置と大きさは｛12，91，474，189｝
		そのフォントサイズは11
		その位置固定方向は「右＋左＋下＋上」
		その表示方法は「詳細」
		その全列選択は○
		その見出し一覧は｛「ファイル名」，「場所」，「文字位置」｝
		その見出し幅は｛174，117，106｝
		そのタイルサイズは｛0，0｝
	検索ボタンというボタンを作る
		その内容は「検索」
		その移動順は3
		その位置と大きさは｛380，50，75，23｝
		その位置固定方向は「右＋上」
	キーワード欄というテキストを作る
		その移動順は2
		その位置と大きさは｛73，52，301，19｝
		その位置固定方向は「右＋左＋上」
	ラベル1というラベルを作る
		その内容は「キーワード」
		その移動順は1
		その位置と大きさは｛14，55，53，12｝
	ステータスバー1というステータスバーを作る
		その内容は「ステータスバー1」
		その移動順は8
		その位置と大きさは｛0，289，498，22｝
		状態ラベルという状況ラベル部品をステータスバー1へ作る
			その文字配置は「左」
			その引き伸ばしは○
	この設計スケール比率は｛96,96｝
終わり

検索ボタンがクリックされた時の手順
	対象フォルダは、フォルダ場所欄の内容
	キーワードは、キーワード欄の内容

	検索ボタンの使用可能は×
	状態ラベルの内容は「検索中...」
	0秒待つ
	一覧は、対象フォルダのファイルの全一覧
	リストビュー1を更新開始する
	リストビュー1をすべて消す
	一覧のすべてのファイル名についてそれぞれ繰り返す
		ファイル名の拡張子だけが「exe」なら、繰り返しを続ける
		【内容】は（対象フォルダのフォルダだけ）＆ファイル名から読み込んだもの
		内容が無なら、繰り返しを続ける
		文字位置は、内容:キーワードを探したもの
		文字位置が0でないなら
			項目は、ファイル名のファイル名だけをリストビュー1に加えたもの
			項目の詳細は｛ファイル名のフォルダだけ、文字位置、（対象フォルダのフォルダだけ）＆ファイル名｝
		そして
	そして
	リストビュー1を更新終了する
	検索ボタンの使用可能は○
	リストビュー1の個数が0なら
		状態ラベルの内容は「見つかりません」
	でなければ
		状態ラベルの内容は「[リストビュー1の個数]件、見つかりました」
	そして
終わり

参照ボタンがクリックされた時の手順
	フォルダ選択画面のフォルダ名は、フォルダ場所欄の内容
	フォルダ選択画面を表示する
	フォルダ選択画面のキャンセルなら抜け出す
	フォルダ場所欄の内容は、フォルダ選択画面のフォルダ名
終わり


リストビュー1がダブルクリックされた時の手順
	配列は、リストビュー１の選択項目の詳細
	ファイル名は、配列（4）
	「explorer」を「/select,""［ファイル名］""」として起動する
終わり

終わり

プレビュー画面とは
ウィンドウを継承する

はじめ手順
	初期化する
終わり

初期化する手順
//この手順は自動生成されたものです
//編集しないでください
	この内容は「プレビュー画面」
	このドラッグドロップは○
	この位置と大きさは｛15，15，300，300｝
文章テキスト1という文章テキストを作る
	その位置と大きさは｛0，0，292，266｝
	その文字サイズは14
	そのドッキング方向は「全体」
終わり

[自分]で、[ファイル名]を、開く手順
	【内容】は（ファイル名から読み込んだもの）
	内容は、内容で（13のキャラクタ）を改行へ置き換えたもの
	文章テキスト1の内容は、内容
終わり

終わり","【タスク: カテゴリB（基本命令）に基づく空欄化】
以下の要素を「---」に置換してください。それ以外は変更しないでください。
1. 入出力命令: 表示、言う、尋ねる など
2. 変数操作: 代入"
2,2,B,バイナリファイル.rdr,"ーーバイナリファイルの読み込みと書き込み
ファイル名は「［デスクトップ］データ.bin」

ーーバイナリ操作でファイルを作成する
書き込みデータというバイナリファイルを作る
書き込みデータにファイル名を書き込み専用で開く
書き込みデータへ65を書き込む
書き込みデータへ｛66,66,68｝を一括で書き込む
書き込みデータを閉じる

ーーバイナリ操作でファイルを読み込む
読み込みファイルというバイナリファイルを作る
読み込みファイルへファイル名を読み取り専用で開く
（読み込みファイルから読み取ったもの）を表示する
読み込みファイルを閉じる","バイナリファイルの読み込みと書き込み
ファイル名は「［デスクトップ］データ.bin」

バイナリ操作でファイルを作成する
書き込みデータというバイナリファイルを作る
書き込みデータにファイル名を---で開く
書き込みデータへ65を---
書き込みデータへ｛66,66,68｝を一括で---
書き込む
書き込みデータを---

バイナリ操作でファイルを読み込む
読み込みファイルというバイナリファイルを作る
読み込みファイルへファイル名を---で開く
（読み込みファイルから読み取ったもの）を---
する
読み込みファイルを---"
2,2,B,マウスイベント手順.rdr,"// マウスイベントの例 //
メイン画面を表示する
色番号は0
待機する

メイン画面とは

ウィンドウを継承する
	はじめ手順
		初期化する
		明るさは0
	終わり

	初期化する手順
	//この手順は自動生成されたものです
	//編集しないでください
	この内容は「マウスイベント手順」
	このドラッグドロップは○
	この内部領域大きさは｛300，300｝
ピクチャー1というピクチャーを作る
	その位置と大きさは｛123，88，39，37｝
	その背景色は「Red」
	この設計スケール比率は｛96,96｝
終わり

マウスカーソルが移動した時の手順
	ピクチャー1の横は、イベントの横座標-(ピクチャー1の幅÷2)
	ピクチャー1の縦は、イベントの縦座標-(ピクチャー1の高さ÷2)
終わり
マウスのホイールが移動した時の手順
	明るさにイベントのホイール移動量÷6を足す
	明るさが255以上なら、明るさは255
	明るさが0以下なら、明るさは0
	ピクチャー1の背景色は、RGB（｛255,明るさ,明るさ｝）
終わり
ピクチャー1がマウスのボタンが押された時の手順
	イベントのボタンが「左ボタン」なら
		ピクチャー1の背景色は「青」
	他でイベントのボタンが「右ボタン」なら
		ピクチャー1の背景色は「緑」
	そして
終わり
終わり","// マウスイベントの例 //
メイン画面を---。
色番号は0
待機する

メイン画面とは

ウィンドウを---。
はじめ手順
    初期化する
        明るさは0
    終わり

    初期化する手順
    //この手順は自動生成されたものです
    //編集しないでください
    この内容は「マウスイベント手順」
    このドラッグドロップは○
    この内部領域大きさは｛300，300｝
ピクチャー1というピクチャーを作る
    その位置と大きさは｛123，88，39，37｝
    その背景色は「Red」
    この設計スケール比率は｛96,96｝
終わり

マウスカーソルが移動した時の手順
    ピクチャー1の横は、イベントの横座標-(ピクチャー1の幅÷2)
    ピクチャー1の縦は、イベントの縦座標-(ピクチャー1の高さ÷2)
終わり
マウスのホイールが移動した時の手順
    明るさにイベントのホイール移動量÷6を足す
    明るさが255以上なら、明るさは255
    明るさが0以下なら、明るさは0
    ピクチャー1の背景色は、RGB（｛255,明るさ,明るさ｝）
終わり
ピクチャー1がマウスのボタンが押された時の手順
    イベントのボタンが「左ボタン」なら
        ピクチャー1の背景色は「青」
    他でイベントのボタンが「右ボタン」なら
        ピクチャー1の背景色は「緑」
    そして
終わり
終わり"
2,2,B,マクロの実行.rdr,"ーー// エクセルのマクロ実行 //
ーーワークブックに作成されたマクロを実行します
ーーあらかじめVisual Basic Editorなどでワークブックに
ーーマクロを作成する必要があります。

エクセルを起動する
エクセルで「マクロ.xlsm」を開く
対象ブックは、エクセルの選択ブック

ーーマクロを実行させます
対象ブックにある「TestMacro1」をマクロ実行する

ーー引数のマクロを実行させます
対象ブックにある「TestMacro2」を｛「こんにちは!」｝で、マクロ実行する

対象ブックを閉じる
エクセルのワークブック一覧の個数が0なら、エクセルを終了する","以下は、指定された要素を「---」に置換したコードです。

ーー// エクセルのマクロ実行 //
---ワークブックに作成されたマクロを実行します
---あらかじめVisual Basic Editorなどでワークブックに
---マクロを作成する必要があります。

エクセルを起動する
エクセルで「マクロ.xlsm」を開く
対象ブックは、エクセルの選択ブック

---マクロを実行させます
対象ブックにある「TestMacro1」をマクロ実行する

---引数のマクロを実行させます
対象ブックにある「TestMacro2」を「こんにちは!」で、マクロ実行する

対象ブックを閉じる
エクセルのワークブック一覧の個数が0なら、エクセルを終了する"
2,2,B,入力値検証.rdr,"// 入力値の検証(バリデーション) //
登録画面を表示する
待機する

登録画面とは
	ウィンドウを継承する

	はじめの手順
		初期化する
	終わり

	初期化する手順
ーー//この手順は自動生成されたものです
ーー//編集しないでください
	この内部領域大きさを｛284、240｝に変える
	この種類を「固定」に変える
	この最大化ボタンを×に変える
	この最小化ボタンを×に変える
	この初期位置を「中央」に変える
	この内容を「登録画面 (値検証のテスト)」に変える
	このドラッグドロップを○に変える
	ラベル4というラベルを作る
		その内容を「名前(ふりがな)」に変える
		その移動順を6に変える
		その位置と大きさを｛24、140、75、12｝に変える
	""ふりがな欄""というテキストを作る
		その内容を「ぷろでる」に変える
		その移動順を7に変える
		その位置と大きさを｛113、137、150、19｝に変える
	ラベル3というラベルを作る
		その内容を「郵便番号(&P)」に変える
		その移動順を4に変える
		その位置と大きさを｛24、105、68、12｝に変える
	""郵便番号欄""というテキストを作る
		その内容を「123-1234」に変える
		その移動順を5に変える
		その位置と大きさを｛113、102、150、19｝に変える
	キャンセルボタンというボタンを作る
		その内容を「キャンセル」に変える
		その移動順を9に変える
		その位置と大きさを｛188、198、75、23｝に変える
	OKボタンというボタンを作る
		その内容を「OK」に変える
		その移動順を8に変える
		その位置と大きさを｛100、198、75、23｝に変える
	ラベル2というラベルを作る
		その内容を「電話番号(&T)」に変える
		その移動順を2に変える
		その位置と大きさを｛24、67、68、12｝に変える
	ラベル1というラベルを作る
		その内容を「メールアドレス(&E)」に変える
		その移動順を3に変える
		その位置と大きさを｛24、33、84、12｝に変える
	""電話番号欄""というテキストを作る
		その内容を「03-1234-1234」に変える
		その移動順を3に変える
		その位置と大きさを｛113、64、150、19｝に変える
	メールアドレス欄というテキストを作る
		その内容を「a@abc.ne.jp」に変える
		その移動順を1に変える
		その位置と大きさを｛113、30、150、19｝に変える
	この決定ボタンをOKボタンに変える
	この取消ボタンをキャンセルボタンに変える
	この設計スケール比率を｛96,96｝に変える
終わり

	メールアドレス欄が検証する時の手順
		メールアドレス欄の内容の文字数が0なら、抜け出す
		正規表現によってメールアドレス欄の内容が「.+@.+\.」に合致しなければ
			メールアドレス欄へ「メールアドレスが不適切です」を指摘させる
			イベントのキャンセルは、○
		そして
	終わり
	メールアドレス欄が検証された時の手順
		メールアドレス欄へ無を指摘させる
	終わり
	電話番号欄が検証する時の手順
		電話番号欄の内容の文字数が0なら、抜け出す
		正規表現によって電話番号欄の内容が「\d+\-\d+\-\d+」に合致しなければ
			電話番号欄へ「電話番号が不適切です」を指摘させる
			イベントのキャンセルは、○
		そして
	終わり
	電話番号欄が検証された時の手順
		電話番号欄へ無を指摘させる
	終わり
	郵便番号欄が検証する時の手順
		郵便番号欄の内容の文字数が0なら、抜け出す
		正規表現によって郵便番号欄の内容が「\d{3}-\d{4}」に合致しなければ
			郵便番号欄へ「郵便番号が不適切です」を指摘させる
			イベントのキャンセルは、○
		そして
	終わり
	郵便番号欄が検証された時の手順
		郵便番号欄へ無を指摘させる
	終わり
	ふりがな欄が検証する時の手順
		ふりがな欄の内容の文字数が0なら、抜け出す
		正規表現によってふりがな欄の内容が「^[[]あ-を[]]+$」に合致しなければ
			ふりがな欄へ「ふりがなが不適切です」を指摘させる
			イベントのキャンセルは、○
		そして
	終わり
	ふりがな欄が検証された時の手順
		ふりがな欄へ無を指摘させる
	終わり
	
	OKボタンがクリックされた時の手順
		閉じる
	終わり

	キャンセルボタンがクリックされた時の手順
		閉じる
	終わり

終わり","// 入力値の検証(バリデーション) //
---"
2,2,B,枝を利用した模様.rdr,"ーー 枝を利用した模様 ーー
窓というウィンドウを作る
窓の内容は「枝を利用した模様」
窓の背景色は、白

かめさんというカメを作る
かめさんを窓に表示する
かめさんの位置は｛140,130｝

４回、繰り返す
	かめさんが１８０だけ７回３００度、枝
	かめさんを９０だけ右へ回転させる
そして

窓を表示する
待機する","ーー 枝を利用した模様 ーー
窓というウィンドウを作る
窓の内容は「枝を利用した模様」
窓の背景色は、白

かめさんというカメを作る
かめさんを窓に---。
かめさんの位置は｛140,130｝

４回、繰り返す
	かめさんが１８０だけ７回３００度、枝
	かめさんを９０だけ右へ回転させる
そして

窓を---。"
2,2,B,渦巻き.rdr,"ーー 渦巻きを描く ーー

窓としてウィンドウを作る
	その内容は「渦巻きを描く」
	それを表示する

かめさんというカメを作る
	その位置は｛30,220｝
かめさんを窓に表示する
かめさんの向きは0

長さは200

繰り返す
	長さが１０以下なら、繰り返しを抜け出す
	かめさんを前へ長さだけ進める
	かめさんを右へ８９度回転させる
	長さは、長さ－１
そして

待機する","コード:
窓としてウィンドウを作る
    その内容は「---」
    それを表示する

かめさんというカメを作る
    その位置は｛30,220｝
かめさんを窓に表示する
かめさんの向きは0

長さは200

繰り返す
    長さが１０以下なら、繰り返しを抜け出す
    かめさんを前へ長さだけ進める
    かめさんを右へ89度回転させる
    長さは、長さ－１
そして

待機する"
2,2,B,風車.rdr,"﻿//風車//
窓というウィンドウを作る
窓の内容は「かめ」
窓の背景色は「白」
窓を表示する

かめさんというカメを作る
かめさんの位置は｛100,100｝
かめさんを窓に表示する
かめさんの速さは2

//ここにプログラムを書きましょう
かめさんの色は「#80FFFF」
かめさんの太さは5


8回、繰り返す
	かめさんを150度、回転させる
	かめさんを100だけ、進める
	かめさんを150度、回転させる
	かめさんを100だけ、進める
	かめさんを105度、回転させる
	かめさんを45だけ、進める
そして

待機する","assistant

かめさんというカメを作る
かめさんの位置は｛100,100｝
かめさんを窓に表示する
かめさんの速さは2

かめさんの色は「#80FFFF」
かめさんの太さは5

8回、繰り返す
    かめさんを150度、回転させる
    かめさんを100だけ、進める
    かめさんを150度、回転させる
    かめさんを100だけ、進める
    かめさんを105度、回転させる
    かめさんを45だけ、進める
    「---」"
2,3,C,かえるの歌.rdr,"「ド4レミファ　ミレド2
ミ4ファソラ　ソファミ2
ド4休ド休　　ド休ド休
ド8ドレレ　　ミミファファ
ミ4レド2」を演奏する","コード:
「---　---　
---　
---　
---」"
2,3,C,コッホ.rdr,"ーー コッホを描く ーー

窓というウィンドウを作る
	その内容は「コッホを描く」
窓を表示する
ピクチャー１というピクチャーを窓に作る
	その位置と大きさは｛0,0,300,300｝

かめさんというカメを作る
かめさんを窓のピクチャー１に表示する

次数は4
長さは2
かめさんの位置は{150，180}
かめさんの向きは0
３回、数に１からカウントして繰り返す
	（次数）回、長さで、コッホを描く
	かめさんを左へ１２０度回転させる
そして

待機する

【次数】回、【長さ】で、コッホを、描く手順
	次数が０なら
		かめさんを前へ長さだけ進める
	他なら
		次数－１回、長さで、コッホを描く
		かめさんを右へ６０度回転させる
		次数－１回、長さで、コッホを描く
		かめさんを左へ１２０度回転させる
		次数－１回、長さで、コッホを描く
		かめさんを右へ６０度回転させる
		次数－１回、長さで、コッホを描く
	そして
終わり","ーー コッホを描く ーー

窓というウィンドウを作る
    その内容は「コッホを描く」
窓を表示する
ピクチャー１というピクチャーを窓に作る
    その位置と大きさは｛0,0,300,300｝

かめさんというカメを作る
かめさんを窓のピクチャー１に表示する

次数は4
長さは2
かめさんの位置は{150，180}
かめさんの向きは0
---回、数に１からカウントして繰り返す
    ---回、長さで、コッホを描く
    かめさんを左へ１２０度回転させる
そして

待機する

【---】回、【---】で、コッホを、描く手順
    ---が０なら
        かめさんを前へ長さだけ進める
    他なら
        ---－１回、長さで、コッホを描く
        かめさんを右へ６０度回転させる
        ---－１回、長さで、コッホを描く
        かめさんを左へ１２０度回転させる
        ---－１回、長さで、コッホを描く
        かめさんを右へ６０度回転させる
        ---－１回、長さで、コッホを描く
    そして
終わり"
2,3,C,テキスト検索.rdr,"// テキスト検索 //
//フォルダ内のテキストファイルからキーワード検索するプログラム
メイン画面を表示する
待機する

メイン画面とは
ウィンドウを継承する

はじめ手順
	初期化する
	この決定ボタンは、検索ボタン
	フォルダ場所欄の内容は、プログラムのフォルダ
終わり

初期化する手順
//この手順は自動生成されたものです
//編集しないでください
	この内容は「テキスト検索」
	このドラッグドロップは○
	この位置と大きさは｛15，15，506，345｝
	この内部領域大きさは｛498，311｝
	参照ボタンというボタンを作る
		その内容は「...」
		その移動順は7
		その位置と大きさは｛432，15，23，23｝
		その位置固定方向は「右＋上」
	フォルダ場所欄というテキストを作る
		その移動順は6
		その位置と大きさは｛107，19，319，19｝
		その位置固定方向は「右＋左＋上」
	ラベル2というラベルを作る
		その内容は「フォルダの場所(&F)」
		その移動順は5
		その位置と大きさは｛12，22，89，12｝
	リストビュー1というリストビューを作る
		その移動順は4
		その位置と大きさは｛12，91，474，189｝
		そのフォントサイズは11
		その位置固定方向は「右＋左＋下＋上」
		その表示方法は「詳細」
		その全列選択は○
		その見出し一覧は｛「ファイル名」，「場所」，「文字位置」｝
		その見出し幅は｛174，117，106｝
		そのタイルサイズは｛0，0｝
	検索ボタンというボタンを作る
		その内容は「検索」
		その移動順は3
		その位置と大きさは｛380，50，75，23｝
		その位置固定方向は「右＋上」
	キーワード欄というテキストを作る
		その移動順は2
		その位置と大きさは｛73，52，301，19｝
		その位置固定方向は「右＋左＋上」
	ラベル1というラベルを作る
		その内容は「キーワード」
		その移動順は1
		その位置と大きさは｛14，55，53，12｝
	ステータスバー1というステータスバーを作る
		その内容は「ステータスバー1」
		その移動順は8
		その位置と大きさは｛0，289，498，22｝
		状態ラベルという状況ラベル部品をステータスバー1へ作る
			その文字配置は「左」
			その引き伸ばしは○
	この設計スケール比率は｛96,96｝
終わり

検索ボタンがクリックされた時の手順
	対象フォルダは、フォルダ場所欄の内容
	キーワードは、キーワード欄の内容

	検索ボタンの使用可能は×
	状態ラベルの内容は「検索中...」
	0秒待つ
	一覧は、対象フォルダのファイルの全一覧
	リストビュー1を更新開始する
	リストビュー1をすべて消す
	一覧のすべてのファイル名についてそれぞれ繰り返す
		ファイル名の拡張子だけが「exe」なら、繰り返しを続ける
		【内容】は（対象フォルダのフォルダだけ）＆ファイル名から読み込んだもの
		内容が無なら、繰り返しを続ける
		文字位置は、内容:キーワードを探したもの
		文字位置が0でないなら
			項目は、ファイル名のファイル名だけをリストビュー1に加えたもの
			項目の詳細は｛ファイル名のフォルダだけ、文字位置、（対象フォルダのフォルダだけ）＆ファイル名｝
		そして
	そして
	リストビュー1を更新終了する
	検索ボタンの使用可能は○
	リストビュー1の個数が0なら
		状態ラベルの内容は「見つかりません」
	でなければ
		状態ラベルの内容は「[リストビュー1の個数]件、見つかりました」
	そして
終わり

参照ボタンがクリックされた時の手順
	フォルダ選択画面のフォルダ名は、フォルダ場所欄の内容
	フォルダ選択画面を表示する
	フォルダ選択画面のキャンセルなら抜け出す
	フォルダ場所欄の内容は、フォルダ選択画面のフォルダ名
終わり


リストビュー1がダブルクリックされた時の手順
	配列は、リストビュー１の選択項目の詳細
	ファイル名は、配列（4）
	「explorer」を「/select,""［ファイル名］""」として起動する
終わり

終わり

プレビュー画面とは
ウィンドウを継承する

はじめ手順
	初期化する
終わり

初期化する手順
//この手順は自動生成されたものです
//編集しないでください
	この内容は「プレビュー画面」
	このドラッグドロップは○
	この位置と大きさは｛15，15，300，300｝
文章テキスト1という文章テキストを作る
	その位置と大きさは｛0，0，292，266｝
	その文字サイズは14
	そのドッキング方向は「全体」
終わり

[自分]で、[ファイル名]を、開く手順
	【内容】は（ファイル名から読み込んだもの）
	内容は、内容で（13のキャラクタ）を改行へ置き換えたもの
	文章テキスト1の内容は、内容
終わり

終わり","// テキスト検索 //
//フォルダ内のテキストファイルからキーワード検索するプログラム
メイン画面を表示する
待機する

メイン画面とは
ウィンドウを継承する

はじめ手順
    初期化する
    この決定ボタンは、検索ボタン
    フォルダ場所欄の内容は、プログラムのフォルダ
終わり

初期化する手順
//この手順は自動生成されたものです
//編集しないでください
    この内容は「テキスト検索」
    このドラッグドロップは○
    この位置と大きさは｛15，15，506，345｝
    この内部領域大きさは｛498，311｝
    参照ボタンというボタンを作る
        その内容は「...」
        その移動順は7
        その位置と大きさは｛432，15，23，23｝
        その位置固定方向は「右＋上」
    フォルダ場所欄というテキストを作る
        その移動順は6
        その位置と大きさは｛107，19，319，19｝
        その位置固定方向は「右＋左＋上」
    ラベル2というラベルを作る
        その内容は「フォルダの場所(&F)」
        その移動順は5
        その位置と大きさは｛12，22，89，12｝
        その位置固定方向は「右＋左＋上」
    リストビュー1というリストビューを作る
        その移動順は4
        その位置と大きさは｛12，91，474，189｝
        そのフォントサイズは11
        その位置固定方向は「右＋左＋下＋上」
        その表示方法は「詳細」
        その全列選択は○
        その見出し一覧は｛「ファイル名」，「場所」，「文字位置」｝
        その見出し幅は｛174，117，106｝
        そのタイルサイズは｛0，0｝
    検索ボタンというボタンを作る
        その内容"
2,3,C,バイナリファイル.rdr,"ーーバイナリファイルの読み込みと書き込み
ファイル名は「［デスクトップ］データ.bin」

ーーバイナリ操作でファイルを作成する
書き込みデータというバイナリファイルを作る
書き込みデータにファイル名を書き込み専用で開く
書き込みデータへ65を書き込む
書き込みデータへ｛66,66,68｝を一括で書き込む
書き込みデータを閉じる

ーーバイナリ操作でファイルを読み込む
読み込みファイルというバイナリファイルを作る
読み込みファイルへファイル名を読み取り専用で開く
（読み込みファイルから読み取ったもの）を表示する
読み込みファイルを閉じる","---の読み込みと書き込み
ファイル名は「［デスクトップ］データ.bin」

---でファイルを作成する
書き込みデータという---を作る
書き込みデータにファイル名を---で開く
書き込みデータへ65を---する
書き込みデータへ｛66,66,68｝を一括で---する
書き込みデータを---する

---でファイルを読み込む
読み込みファイルという---を作る
読み込みファイルへファイル名を---で開く
（読み込みファイルから読み取ったもの）を---する
読み込みファイルを---する"
2,3,C,マウスイベント手順.rdr,"// マウスイベントの例 //
メイン画面を表示する
色番号は0
待機する

メイン画面とは

ウィンドウを継承する
	はじめ手順
		初期化する
		明るさは0
	終わり

	初期化する手順
	//この手順は自動生成されたものです
	//編集しないでください
	この内容は「マウスイベント手順」
	このドラッグドロップは○
	この内部領域大きさは｛300，300｝
ピクチャー1というピクチャーを作る
	その位置と大きさは｛123，88，39，37｝
	その背景色は「Red」
	この設計スケール比率は｛96,96｝
終わり

マウスカーソルが移動した時の手順
	ピクチャー1の横は、イベントの横座標-(ピクチャー1の幅÷2)
	ピクチャー1の縦は、イベントの縦座標-(ピクチャー1の高さ÷2)
終わり
マウスのホイールが移動した時の手順
	明るさにイベントのホイール移動量÷6を足す
	明るさが255以上なら、明るさは255
	明るさが0以下なら、明るさは0
	ピクチャー1の背景色は、RGB（｛255,明るさ,明るさ｝）
終わり
ピクチャー1がマウスのボタンが押された時の手順
	イベントのボタンが「左ボタン」なら
		ピクチャー1の背景色は「青」
	他でイベントのボタンが「右ボタン」なら
		ピクチャー1の背景色は「緑」
	そして
終わり
終わり","// マウスイベントの例 //
メイン画面を表示する
色番号は0
待機する

メイン画面とは

ウィンドウを継承する
    ---手順
        ---する
        ---は0
        終わり

        ---する手順
        //この手順は自動生成されたものです
        //編集しないでください
        この内容は「マウスイベント手順」
        このドラッグドロップは○
        この内部領域大きさは｛300，300｝
ピクチャー1というピクチャーを作る
    その位置と大きさは｛123，88，39，37｝
    その背景色は「Red」
    この設計スケール比率は｛96,96｝
終わり

マウスカーソルが移動した時の手順
    ピクチャー1の横は、イベントの横座標-(ピクチャー1の幅÷2)
    ピクチャー1の縦は、イベントの縦座標-(ピクチャー1の高さ÷2)
終わり
マウスのホイールが移動した時の手順
    明るさにイベントのホイール移動量÷6を足す
    明るさが255以上なら、明るさは255
    明るさが0以下なら、明るさは0
    ピクチャー1の背景色は、RGB（｛255,明るさ,明るさ｝）
終わり
ピクチャー1がマウスのボタンが押された時の手順
    ---が「左ボタン」なら
        ピクチャー1の背景色は「青」
    ---が「右ボタン」なら
        ピクチャー1の背景色は「緑」
    そして
終わり
終わり"
2,3,C,マクロの実行.rdr,"ーー// エクセルのマクロ実行 //
ーーワークブックに作成されたマクロを実行します
ーーあらかじめVisual Basic Editorなどでワークブックに
ーーマクロを作成する必要があります。

エクセルを起動する
エクセルで「マクロ.xlsm」を開く
対象ブックは、エクセルの選択ブック

ーーマクロを実行させます
対象ブックにある「TestMacro1」をマクロ実行する

ーー引数のマクロを実行させます
対象ブックにある「TestMacro2」を｛「こんにちは!」｝で、マクロ実行する

対象ブックを閉じる
エクセルのワークブック一覧の個数が0なら、エクセルを終了する","以下は、制御構文に関わる語句を「---」に置換したコードです。

ーー// エクセルのマクロ実行 //
---ワークブックに作成されたマクロを実行します
ーーあらかじめVisual Basic Editorなどでワークブックに
---マクロを作成する必要があります。

エクセルを起動する
エクセルで「マクロ.xlsm」を開く
対象ブックは、エクセルの選択ブック

---を実行させます
対象ブックにある「TestMacro1」を---する

---を実行させます
対象ブックにある「TestMacro2」を｛「こんにちは!」｝で、---する

対象ブックを閉じる
エクセルのワークブック一覧の個数が0なら、エクセルを---"
2,3,C,入力値検証.rdr,"// 入力値の検証(バリデーション) //
登録画面を表示する
待機する

登録画面とは
	ウィンドウを継承する

	はじめの手順
		初期化する
	終わり

	初期化する手順
ーー//この手順は自動生成されたものです
ーー//編集しないでください
	この内部領域大きさを｛284、240｝に変える
	この種類を「固定」に変える
	この最大化ボタンを×に変える
	この最小化ボタンを×に変える
	この初期位置を「中央」に変える
	この内容を「登録画面 (値検証のテスト)」に変える
	このドラッグドロップを○に変える
	ラベル4というラベルを作る
		その内容を「名前(ふりがな)」に変える
		その移動順を6に変える
		その位置と大きさを｛24、140、75、12｝に変える
	""ふりがな欄""というテキストを作る
		その内容を「ぷろでる」に変える
		その移動順を7に変える
		その位置と大きさを｛113、137、150、19｝に変える
	ラベル3というラベルを作る
		その内容を「郵便番号(&P)」に変える
		その移動順を4に変える
		その位置と大きさを｛24、105、68、12｝に変える
	""郵便番号欄""というテキストを作る
		その内容を「123-1234」に変える
		その移動順を5に変える
		その位置と大きさを｛113、102、150、19｝に変える
	キャンセルボタンというボタンを作る
		その内容を「キャンセル」に変える
		その移動順を9に変える
		その位置と大きさを｛188、198、75、23｝に変える
	OKボタンというボタンを作る
		その内容を「OK」に変える
		その移動順を8に変える
		その位置と大きさを｛100、198、75、23｝に変える
	ラベル2というラベルを作る
		その内容を「電話番号(&T)」に変える
		その移動順を2に変える
		その位置と大きさを｛24、67、68、12｝に変える
	ラベル1というラベルを作る
		その内容を「メールアドレス(&E)」に変える
		その移動順を3に変える
		その位置と大きさを｛24、33、84、12｝に変える
	""電話番号欄""というテキストを作る
		その内容を「03-1234-1234」に変える
		その移動順を3に変える
		その位置と大きさを｛113、64、150、19｝に変える
	メールアドレス欄というテキストを作る
		その内容を「a@abc.ne.jp」に変える
		その移動順を1に変える
		その位置と大きさを｛113、30、150、19｝に変える
	この決定ボタンをOKボタンに変える
	この取消ボタンをキャンセルボタンに変える
	この設計スケール比率を｛96,96｝に変える
終わり

	メールアドレス欄が検証する時の手順
		メールアドレス欄の内容の文字数が0なら、抜け出す
		正規表現によってメールアドレス欄の内容が「.+@.+\.」に合致しなければ
			メールアドレス欄へ「メールアドレスが不適切です」を指摘させる
			イベントのキャンセルは、○
		そして
	終わり
	メールアドレス欄が検証された時の手順
		メールアドレス欄へ無を指摘させる
	終わり
	電話番号欄が検証する時の手順
		電話番号欄の内容の文字数が0なら、抜け出す
		正規表現によって電話番号欄の内容が「\d+\-\d+\-\d+」に合致しなければ
			電話番号欄へ「電話番号が不適切です」を指摘させる
			イベントのキャンセルは、○
		そして
	終わり
	電話番号欄が検証された時の手順
		電話番号欄へ無を指摘させる
	終わり
	郵便番号欄が検証する時の手順
		郵便番号欄の内容の文字数が0なら、抜け出す
		正規表現によって郵便番号欄の内容が「\d{3}-\d{4}」に合致しなければ
			郵便番号欄へ「郵便番号が不適切です」を指摘させる
			イベントのキャンセルは、○
		そして
	終わり
	郵便番号欄が検証された時の手順
		郵便番号欄へ無を指摘させる
	終わり
	ふりがな欄が検証する時の手順
		ふりがな欄の内容の文字数が0なら、抜け出す
		正規表現によってふりがな欄の内容が「^[[]あ-を[]]+$」に合致しなければ
			ふりがな欄へ「ふりがなが不適切です」を指摘させる
			イベントのキャンセルは、○
		そして
	終わり
	ふりがな欄が検証された時の手順
		ふりがな欄へ無を指摘させる
	終わり
	
	OKボタンがクリックされた時の手順
		閉じる
	終わり

	キャンセルボタンがクリックされた時の手順
		閉じる
	終わり

終わり","// 入力値の検証(バリデーション) //
登録画面を表示する
待機する

登録画面とは
    ---ウィンドウを継承する

    ---の手順
        ---する
    ---の手順
        ---する

    ---する手順
ーー//この手順は自動生成されたものです
ーー//編集しないでください
    ---を｛284、240｝に変える
    ---を「固定」に変える
    ---を×に変える
    ---を×に変える
    ---を「中央」に変える
    ---を「登録画面 (値検証のテスト)」に変える
    ---を○に変える
    ラベル4というラベルを作る
        ---を「名前(ふりがな)」に変える
        ---を6に変える
        ---を｛24、140、75、12｝に変える
    ""ふりがな欄""というテキストを作る
        ---を「ぷろでる」に変える
        ---を7に変える
        ---を｛113、137、150、19｝に変える
    ラベル3というラベルを作る
        ---を「郵便番号(&P)」に変える
        ---を4に変える
        ---を｛24、105、68、12｝に変える
    ""郵便番号欄""というテキストを作る
        ---を「123-1234」に変える
        ---を5に変える
        ---を｛113、102、150、19｝に変える
    キャンセルボタンというボタンを作る
        ---を「キャンセル」に変える
        ---を9に変える
        ---を｛188、198、75、23｝に変える
    OKボタンというボタンを作る
        ---を「OK」に変える
        ---を8に変える
        ---を｛100、198、75、23｝に変える
    ラベル2というラベルを作る
        ---を「電話番号(&T)」に変える"
2,3,C,枝を利用した模様.rdr,"ーー 枝を利用した模様 ーー
窓というウィンドウを作る
窓の内容は「枝を利用した模様」
窓の背景色は、白

かめさんというカメを作る
かめさんを窓に表示する
かめさんの位置は｛140,130｝

４回、繰り返す
	かめさんが１８０だけ７回３００度、枝
	かめさんを９０だけ右へ回転させる
そして

窓を表示する
待機する","ーー 枝を利用した模様 ーー
窓というウィンドウを作る
窓の内容は「枝を利用した模様」
窓の背景色は、白

かめさんというカメを作る
かめさんを窓に表示する
かめさんの位置は｛140,130｝

---回、繰り返す
    ---さんを１８０だけ７回３００度、---
    かめさんを９０だけ右へ回転させる
そして

窓を表示する
待機する"
2,3,C,渦巻き.rdr,"ーー 渦巻きを描く ーー

窓としてウィンドウを作る
	その内容は「渦巻きを描く」
	それを表示する

かめさんというカメを作る
	その位置は｛30,220｝
かめさんを窓に表示する
かめさんの向きは0

長さは200

繰り返す
	長さが１０以下なら、繰り返しを抜け出す
	かめさんを前へ長さだけ進める
	かめさんを右へ８９度回転させる
	長さは、長さ－１
そして

待機する","ーー 渦巻きを描く ーー

窓としてウィンドウを作る
    その内容は「---」
    それを表示する

かめさんというカメを作る
    その位置は｛30,220｝
かめさんを窓に表示する
かめさんの向きは0

長さは200

--- 
    長さが１０以下なら、---を抜け出す
    かめさんを前へ長さだけ進める
    かめさんを右へ８９度回転させる
    長さは、長さ－１
そして"
2,3,C,風車.rdr,"﻿//風車//
窓というウィンドウを作る
窓の内容は「かめ」
窓の背景色は「白」
窓を表示する

かめさんというカメを作る
かめさんの位置は｛100,100｝
かめさんを窓に表示する
かめさんの速さは2

//ここにプログラムを書きましょう
かめさんの色は「#80FFFF」
かめさんの太さは5


8回、繰り返す
	かめさんを150度、回転させる
	かめさんを100だけ、進める
	かめさんを150度、回転させる
	かめさんを100だけ、進める
	かめさんを105度、回転させる
	かめさんを45だけ、進める
そして

待機する","assistant

//風車//
窓というウィンドウを作る
窓の内容は「かめ」
窓の背景色は「白」
窓を表示する

かめさんというカメを作る
かめさんの位置は｛100,100｝
かめさんを窓に表示する
かめさんの速さは2

//ここにプログラムを書きましょう
かめさんの色は「#80FFFF」
かめさんの太さは5

---で、かめさんを150度、回転させる
---で、かめさんを100だけ、進める
---で、かめさんを150度、回転させる
---で、かめさんを100だけ、進める
---で、かめさんを105度、回転させる
---で、かめさんを45だけ、進める
そして

---"
2,4,D,かえるの歌.rdr,"「ド4レミファ　ミレド2
ミ4ファソラ　ソファミ2
ド4休ド休　　ド休ド休
ド8ドレレ　　ミミファファ
ミ4レド2」を演奏する","コード:
「ド4---　ミレド2
ミ4---　ソファミ2
ド4---　　ド休ド休
ド8ドレレ　　ミミファファ
ミ4レド2」を演奏する"
2,4,D,コッホ.rdr,"ーー コッホを描く ーー

窓というウィンドウを作る
	その内容は「コッホを描く」
窓を表示する
ピクチャー１というピクチャーを窓に作る
	その位置と大きさは｛0,0,300,300｝

かめさんというカメを作る
かめさんを窓のピクチャー１に表示する

次数は4
長さは2
かめさんの位置は{150，180}
かめさんの向きは0
３回、数に１からカウントして繰り返す
	（次数）回、長さで、コッホを描く
	かめさんを左へ１２０度回転させる
そして

待機する

【次数】回、【長さ】で、コッホを、描く手順
	次数が０なら
		かめさんを前へ長さだけ進める
	他なら
		次数－１回、長さで、コッホを描く
		かめさんを右へ６０度回転させる
		次数－１回、長さで、コッホを描く
		かめさんを左へ１２０度回転させる
		次数－１回、長さで、コッホを描く
		かめさんを右へ６０度回転させる
		次数－１回、長さで、コッホを描く
	そして
終わり","ーー コッホを描く ーー

窓というウィンドウを作る
　その内容は「---を描く」
窓を表示する
ピクチャー１というピクチャーを窓に作る
　その位置と大きさは｛0,0,300,300｝

かめさんというカメを作る
かめさんを窓のピクチャー１に表示する

次数は4
長さは2
かめさんの位置は{150，180}
かめさんの向きは0
３回、数に１からカウントして繰り返す
　（次数）回、長さで、---を描く
　かめさんを左へ１２０度回転させる
そして

待機する

【次数】回、【長さ】で、---を、描く手順
　次数が０なら
　　　かめさんを前へ長さだけ進める
　他なら
　　　次数－１回、長さで、---を描く
　　　かめさんを右へ６０度回転させる
　　　次数－１回、長さで、---を描く
　　　かめさんを左へ１２０度回転させる
　　　次数－１回、長さで、---を描く
　　　かめさんを右へ６０度回転させる
　　　次数－１回、長さで、---を描く
　そして
終わり"
2,4,D,テキスト検索.rdr,"// テキスト検索 //
//フォルダ内のテキストファイルからキーワード検索するプログラム
メイン画面を表示する
待機する

メイン画面とは
ウィンドウを継承する

はじめ手順
	初期化する
	この決定ボタンは、検索ボタン
	フォルダ場所欄の内容は、プログラムのフォルダ
終わり

初期化する手順
//この手順は自動生成されたものです
//編集しないでください
	この内容は「テキスト検索」
	このドラッグドロップは○
	この位置と大きさは｛15，15，506，345｝
	この内部領域大きさは｛498，311｝
	参照ボタンというボタンを作る
		その内容は「...」
		その移動順は7
		その位置と大きさは｛432，15，23，23｝
		その位置固定方向は「右＋上」
	フォルダ場所欄というテキストを作る
		その移動順は6
		その位置と大きさは｛107，19，319，19｝
		その位置固定方向は「右＋左＋上」
	ラベル2というラベルを作る
		その内容は「フォルダの場所(&F)」
		その移動順は5
		その位置と大きさは｛12，22，89，12｝
	リストビュー1というリストビューを作る
		その移動順は4
		その位置と大きさは｛12，91，474，189｝
		そのフォントサイズは11
		その位置固定方向は「右＋左＋下＋上」
		その表示方法は「詳細」
		その全列選択は○
		その見出し一覧は｛「ファイル名」，「場所」，「文字位置」｝
		その見出し幅は｛174，117，106｝
		そのタイルサイズは｛0，0｝
	検索ボタンというボタンを作る
		その内容は「検索」
		その移動順は3
		その位置と大きさは｛380，50，75，23｝
		その位置固定方向は「右＋上」
	キーワード欄というテキストを作る
		その移動順は2
		その位置と大きさは｛73，52，301，19｝
		その位置固定方向は「右＋左＋上」
	ラベル1というラベルを作る
		その内容は「キーワード」
		その移動順は1
		その位置と大きさは｛14，55，53，12｝
	ステータスバー1というステータスバーを作る
		その内容は「ステータスバー1」
		その移動順は8
		その位置と大きさは｛0，289，498，22｝
		状態ラベルという状況ラベル部品をステータスバー1へ作る
			その文字配置は「左」
			その引き伸ばしは○
	この設計スケール比率は｛96,96｝
終わり

検索ボタンがクリックされた時の手順
	対象フォルダは、フォルダ場所欄の内容
	キーワードは、キーワード欄の内容

	検索ボタンの使用可能は×
	状態ラベルの内容は「検索中...」
	0秒待つ
	一覧は、対象フォルダのファイルの全一覧
	リストビュー1を更新開始する
	リストビュー1をすべて消す
	一覧のすべてのファイル名についてそれぞれ繰り返す
		ファイル名の拡張子だけが「exe」なら、繰り返しを続ける
		【内容】は（対象フォルダのフォルダだけ）＆ファイル名から読み込んだもの
		内容が無なら、繰り返しを続ける
		文字位置は、内容:キーワードを探したもの
		文字位置が0でないなら
			項目は、ファイル名のファイル名だけをリストビュー1に加えたもの
			項目の詳細は｛ファイル名のフォルダだけ、文字位置、（対象フォルダのフォルダだけ）＆ファイル名｝
		そして
	そして
	リストビュー1を更新終了する
	検索ボタンの使用可能は○
	リストビュー1の個数が0なら
		状態ラベルの内容は「見つかりません」
	でなければ
		状態ラベルの内容は「[リストビュー1の個数]件、見つかりました」
	そして
終わり

参照ボタンがクリックされた時の手順
	フォルダ選択画面のフォルダ名は、フォルダ場所欄の内容
	フォルダ選択画面を表示する
	フォルダ選択画面のキャンセルなら抜け出す
	フォルダ場所欄の内容は、フォルダ選択画面のフォルダ名
終わり


リストビュー1がダブルクリックされた時の手順
	配列は、リストビュー１の選択項目の詳細
	ファイル名は、配列（4）
	「explorer」を「/select,""［ファイル名］""」として起動する
終わり

終わり

プレビュー画面とは
ウィンドウを継承する

はじめ手順
	初期化する
終わり

初期化する手順
//この手順は自動生成されたものです
//編集しないでください
	この内容は「プレビュー画面」
	このドラッグドロップは○
	この位置と大きさは｛15，15，300，300｝
文章テキスト1という文章テキストを作る
	その位置と大きさは｛0，0，292，266｝
	その文字サイズは14
	そのドッキング方向は「全体」
終わり

[自分]で、[ファイル名]を、開く手順
	【内容】は（ファイル名から読み込んだもの）
	内容は、内容で（13のキャラクタ）を改行へ置き換えたもの
	文章テキスト1の内容は、内容
終わり

終わり","【タスク: カテゴリD（応用・データ操作）に基づく空欄化】
以下の高度なデータ操作に関わる語句を「---」に置換してください。それ以外は変更しないでください。

1. 配列・辞書操作
2. 数値・データ保存（乱数、保存など）
3. その他: 関数、それ、対象、JSON、CSV"
2,4,D,バイナリファイル.rdr,"ーーバイナリファイルの読み込みと書き込み
ファイル名は「［デスクトップ］データ.bin」

ーーバイナリ操作でファイルを作成する
書き込みデータというバイナリファイルを作る
書き込みデータにファイル名を書き込み専用で開く
書き込みデータへ65を書き込む
書き込みデータへ｛66,66,68｝を一括で書き込む
書き込みデータを閉じる

ーーバイナリ操作でファイルを読み込む
読み込みファイルというバイナリファイルを作る
読み込みファイルへファイル名を読み取り専用で開く
（読み込みファイルから読み取ったもの）を表示する
読み込みファイルを閉じる","ーーバイナリファイルの読み込みと書き込み
ファイル名は「［デスクトップ］---.bin」

ーーバイナリ操作でファイルを作成する
書き込みデータというバイナリファイルを作る
書き込みデータにファイル名を書き込み専用で開く
書き込みデータへ65を書き込む
書き込みデータへ｛66,66,68｝を一括で書き込む
書き込みデータを閉じる

ーーバイナリ操作でファイルを読み込む
読み込みファイルというバイナリファイルを作る
読み込みファイルへファイル名を読み取り専用で開く
（読み込みファイルから読み取ったもの）を表示する
読み込みファイルを閉じる"
2,4,D,マウスイベント手順.rdr,"// マウスイベントの例 //
メイン画面を表示する
色番号は0
待機する

メイン画面とは

ウィンドウを継承する
	はじめ手順
		初期化する
		明るさは0
	終わり

	初期化する手順
	//この手順は自動生成されたものです
	//編集しないでください
	この内容は「マウスイベント手順」
	このドラッグドロップは○
	この内部領域大きさは｛300，300｝
ピクチャー1というピクチャーを作る
	その位置と大きさは｛123，88，39，37｝
	その背景色は「Red」
	この設計スケール比率は｛96,96｝
終わり

マウスカーソルが移動した時の手順
	ピクチャー1の横は、イベントの横座標-(ピクチャー1の幅÷2)
	ピクチャー1の縦は、イベントの縦座標-(ピクチャー1の高さ÷2)
終わり
マウスのホイールが移動した時の手順
	明るさにイベントのホイール移動量÷6を足す
	明るさが255以上なら、明るさは255
	明るさが0以下なら、明るさは0
	ピクチャー1の背景色は、RGB（｛255,明るさ,明るさ｝）
終わり
ピクチャー1がマウスのボタンが押された時の手順
	イベントのボタンが「左ボタン」なら
		ピクチャー1の背景色は「青」
	他でイベントのボタンが「右ボタン」なら
		ピクチャー1の背景色は「緑」
	そして
終わり
終わり","// マウスイベントの例 //
メイン画面を表示する
色番号は0
待機する

メイン画面とは

ウィンドウを継承する
    はじめ手順
        初期化する
        明るさは0
        終わり

        初期化する手順
        //この手順は自動生成されたものです
        //編集しないでください
        この内容は「マウスイベント手順」
        このドラッグドロップは○
        この内部領域大きさは｛300，300｝
ピクチャー1というピクチャーを作る
        その位置と大きさは｛123，88，39，37｝
        その背景色は「Red」
        この設計スケール比率は｛96,96｝
終わり

マウスカーソルが移動した時の手順
        ピクチャー1の横は、イベントの横座標-(ピクチャー1の幅÷2)
        ピクチャー1の縦は、イベントの縦座標-(ピクチャー1の高さ÷2)
終わり
マウスのホイールが移動した時の手順
        明るさにイベントのホイール移動量÷6を足す
        明るさが255以上なら、明るさは255
        明るさが0以下なら、明るさは0
        ピクチャー1の背景色は、RGB（｛255,明るさ,明るさ｝）
終わり
ピクチャー1がマウスのボタンが押された時の手順
        イベントのボタンが「左ボタン」なら
            ピクチャー1の背景色は「青」
        他でイベントのボタンが「右ボタン」なら
            ピクチャー1の背景色は「緑」
        そして"
2,4,D,マクロの実行.rdr,"ーー// エクセルのマクロ実行 //
ーーワークブックに作成されたマクロを実行します
ーーあらかじめVisual Basic Editorなどでワークブックに
ーーマクロを作成する必要があります。

エクセルを起動する
エクセルで「マクロ.xlsm」を開く
対象ブックは、エクセルの選択ブック

ーーマクロを実行させます
対象ブックにある「TestMacro1」をマクロ実行する

ーー引数のマクロを実行させます
対象ブックにある「TestMacro2」を｛「こんにちは!」｝で、マクロ実行する

対象ブックを閉じる
エクセルのワークブック一覧の個数が0なら、エクセルを終了する","ーー// エクセルのマクロ実行 //
ーーワークブックに作成されたマクロを実行します
ーーあらかじめVisual Basic Editorなどでワークブックに
ーーマクロを作成する必要があります。

エクセルを起動する
エクセルで「---.xlsm」を開く
対象ブックは、エクセルの選択ブック

ーーマクロを実行させます
対象ブックにある「---」をマクロ実行する

ーー引数のマクロを実行させます
対象ブックにある「---」を｛「こんにちは!」｝で、マクロ実行する

対象ブックを閉じる
エクセルのワークブック一覧の個数が0なら、エクセルを終了する"
2,4,D,入力値検証.rdr,"// 入力値の検証(バリデーション) //
登録画面を表示する
待機する

登録画面とは
	ウィンドウを継承する

	はじめの手順
		初期化する
	終わり

	初期化する手順
ーー//この手順は自動生成されたものです
ーー//編集しないでください
	この内部領域大きさを｛284、240｝に変える
	この種類を「固定」に変える
	この最大化ボタンを×に変える
	この最小化ボタンを×に変える
	この初期位置を「中央」に変える
	この内容を「登録画面 (値検証のテスト)」に変える
	このドラッグドロップを○に変える
	ラベル4というラベルを作る
		その内容を「名前(ふりがな)」に変える
		その移動順を6に変える
		その位置と大きさを｛24、140、75、12｝に変える
	""ふりがな欄""というテキストを作る
		その内容を「ぷろでる」に変える
		その移動順を7に変える
		その位置と大きさを｛113、137、150、19｝に変える
	ラベル3というラベルを作る
		その内容を「郵便番号(&P)」に変える
		その移動順を4に変える
		その位置と大きさを｛24、105、68、12｝に変える
	""郵便番号欄""というテキストを作る
		その内容を「123-1234」に変える
		その移動順を5に変える
		その位置と大きさを｛113、102、150、19｝に変える
	キャンセルボタンというボタンを作る
		その内容を「キャンセル」に変える
		その移動順を9に変える
		その位置と大きさを｛188、198、75、23｝に変える
	OKボタンというボタンを作る
		その内容を「OK」に変える
		その移動順を8に変える
		その位置と大きさを｛100、198、75、23｝に変える
	ラベル2というラベルを作る
		その内容を「電話番号(&T)」に変える
		その移動順を2に変える
		その位置と大きさを｛24、67、68、12｝に変える
	ラベル1というラベルを作る
		その内容を「メールアドレス(&E)」に変える
		その移動順を3に変える
		その位置と大きさを｛24、33、84、12｝に変える
	""電話番号欄""というテキストを作る
		その内容を「03-1234-1234」に変える
		その移動順を3に変える
		その位置と大きさを｛113、64、150、19｝に変える
	メールアドレス欄というテキストを作る
		その内容を「a@abc.ne.jp」に変える
		その移動順を1に変える
		その位置と大きさを｛113、30、150、19｝に変える
	この決定ボタンをOKボタンに変える
	この取消ボタンをキャンセルボタンに変える
	この設計スケール比率を｛96,96｝に変える
終わり

	メールアドレス欄が検証する時の手順
		メールアドレス欄の内容の文字数が0なら、抜け出す
		正規表現によってメールアドレス欄の内容が「.+@.+\.」に合致しなければ
			メールアドレス欄へ「メールアドレスが不適切です」を指摘させる
			イベントのキャンセルは、○
		そして
	終わり
	メールアドレス欄が検証された時の手順
		メールアドレス欄へ無を指摘させる
	終わり
	電話番号欄が検証する時の手順
		電話番号欄の内容の文字数が0なら、抜け出す
		正規表現によって電話番号欄の内容が「\d+\-\d+\-\d+」に合致しなければ
			電話番号欄へ「電話番号が不適切です」を指摘させる
			イベントのキャンセルは、○
		そして
	終わり
	電話番号欄が検証された時の手順
		電話番号欄へ無を指摘させる
	終わり
	郵便番号欄が検証する時の手順
		郵便番号欄の内容の文字数が0なら、抜け出す
		正規表現によって郵便番号欄の内容が「\d{3}-\d{4}」に合致しなければ
			郵便番号欄へ「郵便番号が不適切です」を指摘させる
			イベントのキャンセルは、○
		そして
	終わり
	郵便番号欄が検証された時の手順
		郵便番号欄へ無を指摘させる
	終わり
	ふりがな欄が検証する時の手順
		ふりがな欄の内容の文字数が0なら、抜け出す
		正規表現によってふりがな欄の内容が「^[[]あ-を[]]+$」に合致しなければ
			ふりがな欄へ「ふりがなが不適切です」を指摘させる
			イベントのキャンセルは、○
		そして
	終わり
	ふりがな欄が検証された時の手順
		ふりがな欄へ無を指摘させる
	終わり
	
	OKボタンがクリックされた時の手順
		閉じる
	終わり

	キャンセルボタンがクリックされた時の手順
		閉じる
	終わり

終わり","// 入力値の検証(バリデーション) //
登録画面を表示する
待機する

登録画面とは
    ---を継承する

    はじめの手順
        ---する
    終わり

    ---する手順
ーー//この手順は自動生成されたものです
ーー//編集しないでください
    この内部領域大きさを｛284、240｝に変える
    この種類を「固定」に変える
    この最大化ボタンを×に変える
    この最小化ボタンを×に変える
    この初期位置を「中央」に変える
    この内容を「登録画面 (値検証のテスト)」に変える
    このドラッグドロップを○に変える
    ラベル4というラベルを作る
        その内容を「名前(ふりがな)」に変える
        その移動順を6に変える
        その位置と大きさを｛24、140、75、12｝に変える
    ""ふりがな欄""というテキストを作る
        その内容を「ぷろでる」に変える
        その移動順を7に変える
        その位置と大きさを｛113、137、150、19｝に変える
    ラベル3というラベルを作る
        その内容を「郵便番号(&P)」に変える
        その移動順を4に変える
        その位置と大きさを｛24、105、68、12｝に変える
    ""郵便番号欄""というテキストを作る
        その内容を「123-1234」に変える
        その移動順を5に変える
        その位置と大きさを｛113、102、150、19｝に変える
    キャンセルボタンというボタンを作る
        その内容を「キャンセル」に変える
        その移動順を9に変える
        その位置と大きさを｛188、198、75、23｝に変える
    OKボタンというボタンを作る
        その内容を"
2,4,D,枝を利用した模様.rdr,"ーー 枝を利用した模様 ーー
窓というウィンドウを作る
窓の内容は「枝を利用した模様」
窓の背景色は、白

かめさんというカメを作る
かめさんを窓に表示する
かめさんの位置は｛140,130｝

４回、繰り返す
	かめさんが１８０だけ７回３００度、枝
	かめさんを９０だけ右へ回転させる
そして

窓を表示する
待機する","ーー 枝を利用した模様 ーー
窓というウィンドウを作る
窓の内容は「---」
窓の背景色は、白

かめさんというカメを作る
かめさんを窓に表示する
かめさんの位置は｛140,130｝

４回、繰り返す
	かめさんが１８０だけ７回３００度、---
	かめさんを９０だけ右へ回転させる
そして

窓を表示する
待機する"
2,4,D,渦巻き.rdr,"ーー 渦巻きを描く ーー

窓としてウィンドウを作る
	その内容は「渦巻きを描く」
	それを表示する

かめさんというカメを作る
	その位置は｛30,220｝
かめさんを窓に表示する
かめさんの向きは0

長さは200

繰り返す
	長さが１０以下なら、繰り返しを抜け出す
	かめさんを前へ長さだけ進める
	かめさんを右へ８９度回転させる
	長さは、長さ－１
そして

待機する","ーー 渦巻きを描く ーー

窓としてウィンドウを作る
    その内容は「---」
    それを表示する

かめさんというカメを作る
    その位置は｛30,220｝
かめさんを窓に表示する
かめさんの向きは0

長さは200

繰り返す
    長さが１０以下なら、繰り返しを抜け出す
    かめさんを前へ長さだけ進める
    かめさんを右へ89度回転させる
    長さは、長さ－1
そして"
2,4,D,風車.rdr,"﻿//風車//
窓というウィンドウを作る
窓の内容は「かめ」
窓の背景色は「白」
窓を表示する

かめさんというカメを作る
かめさんの位置は｛100,100｝
かめさんを窓に表示する
かめさんの速さは2

//ここにプログラムを書きましょう
かめさんの色は「#80FFFF」
かめさんの太さは5


8回、繰り返す
	かめさんを150度、回転させる
	かめさんを100だけ、進める
	かめさんを150度、回転させる
	かめさんを100だけ、進める
	かめさんを105度、回転させる
	かめさんを45だけ、進める
そして

待機する","assistant

【タスク: カテゴリD（応用・データ操作）に基づく空欄化】
以下の高度なデータ操作に関わる語句を「---」に置換してください。それ以外は変更しないでください。
1. 配列・辞書操作
2. 数値・データ保存（乱数、保存など）
3. その他: 関数、それ、対象、JSON、CSV
コード:
assistant

以下の高度なデータ操作に関わる語句を「---」に置換してください。

1. 配列・辞書操作
2. 数値・データ保存（乱数、保存など）
3. その他: 関数、それ、対象、JSON、CSV"
2,5,E,かえるの歌.rdr,"「ド4レミファ　ミレド2
ミ4ファソラ　ソファミ2
ド4休ド休　　ド休ド休
ド8ドレレ　　ミミファファ
ミ4レド2」を演奏する","「ド4レミファ　ミレド2
ミ4ファソラ　ソファミ2
ド4休ド休　　ド休ド休
ド8ドレレ　　ミミファファ
ミ4レド2」"
2,5,E,コッホ.rdr,"ーー コッホを描く ーー

窓というウィンドウを作る
	その内容は「コッホを描く」
窓を表示する
ピクチャー１というピクチャーを窓に作る
	その位置と大きさは｛0,0,300,300｝

かめさんというカメを作る
かめさんを窓のピクチャー１に表示する

次数は4
長さは2
かめさんの位置は{150，180}
かめさんの向きは0
３回、数に１からカウントして繰り返す
	（次数）回、長さで、コッホを描く
	かめさんを左へ１２０度回転させる
そして

待機する

【次数】回、【長さ】で、コッホを、描く手順
	次数が０なら
		かめさんを前へ長さだけ進める
	他なら
		次数－１回、長さで、コッホを描く
		かめさんを右へ６０度回転させる
		次数－１回、長さで、コッホを描く
		かめさんを左へ１２０度回転させる
		次数－１回、長さで、コッホを描く
		かめさんを右へ６０度回転させる
		次数－１回、長さで、コッホを描く
	そして
終わり","ーー コッホを描く ーー

窓というウィンドウを作る
　その内容は「コッホを描く」
窓を表示する
ピクチャー１というピクチャーを窓に作る
　その位置と大きさは｛0,0,300,300｝

かめさんというカメを作る
かめさんを窓のピクチャー１に表示する

次数は4
長さは2
かめさんの位置は{150，180}
かめさんの向きは0
３回、数に１からカウントして繰り返す
　（次数）回、長さで、---を描く
　かめさんを左へ１２０度回転させる

待機する

【次数】回、【長さ】で、---を、描く手順
　次数が０なら
　　　かめさんを前へ長さだけ進める
　他なら
　　　次数－１回、長さで、---を描く
　　　かめさんを右へ６０度回転させる
　　　次数－１回、長さで、---を描く
　　　かめさんを左へ１２０度回転させる
　　　次数－１回、長さで、---を描く
　　　かめさんを右へ６０度回転させる
　　　次数－１回、長さで、---を描く
　そして
終わり"
2,5,E,テキスト検索.rdr,"// テキスト検索 //
//フォルダ内のテキストファイルからキーワード検索するプログラム
メイン画面を表示する
待機する

メイン画面とは
ウィンドウを継承する

はじめ手順
	初期化する
	この決定ボタンは、検索ボタン
	フォルダ場所欄の内容は、プログラムのフォルダ
終わり

初期化する手順
//この手順は自動生成されたものです
//編集しないでください
	この内容は「テキスト検索」
	このドラッグドロップは○
	この位置と大きさは｛15，15，506，345｝
	この内部領域大きさは｛498，311｝
	参照ボタンというボタンを作る
		その内容は「...」
		その移動順は7
		その位置と大きさは｛432，15，23，23｝
		その位置固定方向は「右＋上」
	フォルダ場所欄というテキストを作る
		その移動順は6
		その位置と大きさは｛107，19，319，19｝
		その位置固定方向は「右＋左＋上」
	ラベル2というラベルを作る
		その内容は「フォルダの場所(&F)」
		その移動順は5
		その位置と大きさは｛12，22，89，12｝
	リストビュー1というリストビューを作る
		その移動順は4
		その位置と大きさは｛12，91，474，189｝
		そのフォントサイズは11
		その位置固定方向は「右＋左＋下＋上」
		その表示方法は「詳細」
		その全列選択は○
		その見出し一覧は｛「ファイル名」，「場所」，「文字位置」｝
		その見出し幅は｛174，117，106｝
		そのタイルサイズは｛0，0｝
	検索ボタンというボタンを作る
		その内容は「検索」
		その移動順は3
		その位置と大きさは｛380，50，75，23｝
		その位置固定方向は「右＋上」
	キーワード欄というテキストを作る
		その移動順は2
		その位置と大きさは｛73，52，301，19｝
		その位置固定方向は「右＋左＋上」
	ラベル1というラベルを作る
		その内容は「キーワード」
		その移動順は1
		その位置と大きさは｛14，55，53，12｝
	ステータスバー1というステータスバーを作る
		その内容は「ステータスバー1」
		その移動順は8
		その位置と大きさは｛0，289，498，22｝
		状態ラベルという状況ラベル部品をステータスバー1へ作る
			その文字配置は「左」
			その引き伸ばしは○
	この設計スケール比率は｛96,96｝
終わり

検索ボタンがクリックされた時の手順
	対象フォルダは、フォルダ場所欄の内容
	キーワードは、キーワード欄の内容

	検索ボタンの使用可能は×
	状態ラベルの内容は「検索中...」
	0秒待つ
	一覧は、対象フォルダのファイルの全一覧
	リストビュー1を更新開始する
	リストビュー1をすべて消す
	一覧のすべてのファイル名についてそれぞれ繰り返す
		ファイル名の拡張子だけが「exe」なら、繰り返しを続ける
		【内容】は（対象フォルダのフォルダだけ）＆ファイル名から読み込んだもの
		内容が無なら、繰り返しを続ける
		文字位置は、内容:キーワードを探したもの
		文字位置が0でないなら
			項目は、ファイル名のファイル名だけをリストビュー1に加えたもの
			項目の詳細は｛ファイル名のフォルダだけ、文字位置、（対象フォルダのフォルダだけ）＆ファイル名｝
		そして
	そして
	リストビュー1を更新終了する
	検索ボタンの使用可能は○
	リストビュー1の個数が0なら
		状態ラベルの内容は「見つかりません」
	でなければ
		状態ラベルの内容は「[リストビュー1の個数]件、見つかりました」
	そして
終わり

参照ボタンがクリックされた時の手順
	フォルダ選択画面のフォルダ名は、フォルダ場所欄の内容
	フォルダ選択画面を表示する
	フォルダ選択画面のキャンセルなら抜け出す
	フォルダ場所欄の内容は、フォルダ選択画面のフォルダ名
終わり


リストビュー1がダブルクリックされた時の手順
	配列は、リストビュー１の選択項目の詳細
	ファイル名は、配列（4）
	「explorer」を「/select,""［ファイル名］""」として起動する
終わり

終わり

プレビュー画面とは
ウィンドウを継承する

はじめ手順
	初期化する
終わり

初期化する手順
//この手順は自動生成されたものです
//編集しないでください
	この内容は「プレビュー画面」
	このドラッグドロップは○
	この位置と大きさは｛15，15，300，300｝
文章テキスト1という文章テキストを作る
	その位置と大きさは｛0，0，292，266｝
	その文字サイズは14
	そのドッキング方向は「全体」
終わり

[自分]で、[ファイル名]を、開く手順
	【内容】は（ファイル名から読み込んだもの）
	内容は、内容で（13のキャラクタ）を改行へ置き換えたもの
	文章テキスト1の内容は、内容
終わり

終わり","// テキスト検索 //
//フォルダ内のテキストファイルからキーワード検索するプログラム
メイン画面を表示する
待機する

メイン画面とは
ウィンドウを継承する

はじめ手順
初期化する
この決定ボタンは、検索ボタン
フォルダ場所欄の内容は、プログラムのフォルダ
終わり

初期化する手順
//この手順は自動生成されたものです
//編集しないでください
この内容は「テキスト検索」
このドラッグドロップは○
この位置と大きさは｛15，15，506，345｝
この内部領域大きさは｛498，311｝
参照ボタンというボタンを作る
    その内容は「---」
    その移動順は7
    その位置と大きさは｛432，15，23，23｝
    その位置固定方向は「右＋上」
フォルダ場所欄というテキストを作る
    その移動順は6
    その位置と大きさは｛107，19，319，19｝
    その位置固定方向は「右＋左＋上」
ラベル2というラベルを作る
    その内容は「フォルダの場所(&F)」
    その移動順は5
    その位置と大きさは｛12，22，89，12｝
    その位置固定方向は「右＋左＋上」
リストビュー1というリストビューを作る
    その移動順は4
    その位置と大きさは｛12，91，474，189｝
    そのフォントサイズは11
    その位置固定方向は「右＋左＋下＋上」
    その表示方法は「詳細」
    その全列選択は○
    その見出し一覧は｛「ファイル名」，「場所」，「文字位置」｝
    その見出し幅は｛174，117，106｝
    そのタイルサイズは｛0，0｝
検索ボタンというボタンを作る
    その内容は「---」
    その移動順は3
    その位置と"
2,5,E,バイナリファイル.rdr,"ーーバイナリファイルの読み込みと書き込み
ファイル名は「［デスクトップ］データ.bin」

ーーバイナリ操作でファイルを作成する
書き込みデータというバイナリファイルを作る
書き込みデータにファイル名を書き込み専用で開く
書き込みデータへ65を書き込む
書き込みデータへ｛66,66,68｝を一括で書き込む
書き込みデータを閉じる

ーーバイナリ操作でファイルを読み込む
読み込みファイルというバイナリファイルを作る
読み込みファイルへファイル名を読み取り専用で開く
（読み込みファイルから読み取ったもの）を表示する
読み込みファイルを閉じる","以下は、指定された特定用途向け命令を「---」に置換したコードです。

コード:
ーーバイナリファイルの読み込みと書き込み
ファイル名は「［デスクトップ］データ.bin」

ーーバイナリ操作でファイルを作成する
書き込みデータというバイナリファイルを作る
書き込みデータにファイル名を書き込み専用で開く
書き込みデータへ65を書き込む
書き込みデータへ｛66,66,68｝を一括で書き込む
書き込みデータを閉じる

ーーバイナリ操作でファイルを読み込む
読み込みファイルというバイナリファイルを作る
読み込みファイルへファイル名を読み取り専用で開く
（---）を表示する
読み込みファイルを閉じる"
2,5,E,マウスイベント手順.rdr,"// マウスイベントの例 //
メイン画面を表示する
色番号は0
待機する

メイン画面とは

ウィンドウを継承する
	はじめ手順
		初期化する
		明るさは0
	終わり

	初期化する手順
	//この手順は自動生成されたものです
	//編集しないでください
	この内容は「マウスイベント手順」
	このドラッグドロップは○
	この内部領域大きさは｛300，300｝
ピクチャー1というピクチャーを作る
	その位置と大きさは｛123，88，39，37｝
	その背景色は「Red」
	この設計スケール比率は｛96,96｝
終わり

マウスカーソルが移動した時の手順
	ピクチャー1の横は、イベントの横座標-(ピクチャー1の幅÷2)
	ピクチャー1の縦は、イベントの縦座標-(ピクチャー1の高さ÷2)
終わり
マウスのホイールが移動した時の手順
	明るさにイベントのホイール移動量÷6を足す
	明るさが255以上なら、明るさは255
	明るさが0以下なら、明るさは0
	ピクチャー1の背景色は、RGB（｛255,明るさ,明るさ｝）
終わり
ピクチャー1がマウスのボタンが押された時の手順
	イベントのボタンが「左ボタン」なら
		ピクチャー1の背景色は「青」
	他でイベントのボタンが「右ボタン」なら
		ピクチャー1の背景色は「緑」
	そして
終わり
終わり","// マウスイベントの例 //
メイン画面を表示する
色番号は0
待機する

メイン画面とは

ウィンドウを継承する
    はじめ手順
        初期化する
        明るさは0
        終わり

        初期化する手順
        //この手順は自動生成されたものです
        //編集しないでください
        この内容は「マウスイベント手順」
        このドラッグドロップは---
        この内部領域大きさは｛300，300｝
ピクチャー1というピクチャーを作る
        その位置と大きさは｛123，88，39，37｝
        その背景色は「Red」
        この設計スケール比率は｛96,96｝
終わり

マウスカーソルが移動した時の手順
        ピクチャー1の横は、イベントの横座標-(ピクチャー1の幅÷2)
        ピクチャー1の縦は、イベントの縦座標-(ピクチャー1の高さ÷2)
終わり
マウスのホイールが移動した時の手順
        明るさにイベントのホイール移動量÷6を足す
        明るさが255以上なら、明るさは255
        明るさが0以下なら、明るさは0
        ピクチャー1の背景色は、RGB（｛255,明るさ,明るさ｝）
終わり
ピクチャー1がマウスのボタンが押された時の手順
        イベントのボタンが「左ボタン」なら
            ピクチャー1の背景色は「青」
        他でイベントのボタンが「右ボタン」なら
            ピクチャー1の背景色は「緑」
        そして
終わり
終わり"
2,5,E,マクロの実行.rdr,"ーー// エクセルのマクロ実行 //
ーーワークブックに作成されたマクロを実行します
ーーあらかじめVisual Basic Editorなどでワークブックに
ーーマクロを作成する必要があります。

エクセルを起動する
エクセルで「マクロ.xlsm」を開く
対象ブックは、エクセルの選択ブック

ーーマクロを実行させます
対象ブックにある「TestMacro1」をマクロ実行する

ーー引数のマクロを実行させます
対象ブックにある「TestMacro2」を｛「こんにちは!」｝で、マクロ実行する

対象ブックを閉じる
エクセルのワークブック一覧の個数が0なら、エクセルを終了する","ーー// エクセルのマクロ実行 //
ーーワークブックに作成されたマクロを実行します
ーーあらかじめVisual Basic Editorなどでワークブックに
ーーマクロを作成する必要があります。

エクセルを起動する
エクセルで「---」を開く
対象ブックは、エクセルの選択ブック

ーーマクロを実行させます
対象ブックにある「---」を---で、マクロ実行する

対象ブックを閉じる
エクセルのワークブック一覧の個数が0なら、エクセルを終了する"
2,5,E,入力値検証.rdr,"// 入力値の検証(バリデーション) //
登録画面を表示する
待機する

登録画面とは
	ウィンドウを継承する

	はじめの手順
		初期化する
	終わり

	初期化する手順
ーー//この手順は自動生成されたものです
ーー//編集しないでください
	この内部領域大きさを｛284、240｝に変える
	この種類を「固定」に変える
	この最大化ボタンを×に変える
	この最小化ボタンを×に変える
	この初期位置を「中央」に変える
	この内容を「登録画面 (値検証のテスト)」に変える
	このドラッグドロップを○に変える
	ラベル4というラベルを作る
		その内容を「名前(ふりがな)」に変える
		その移動順を6に変える
		その位置と大きさを｛24、140、75、12｝に変える
	""ふりがな欄""というテキストを作る
		その内容を「ぷろでる」に変える
		その移動順を7に変える
		その位置と大きさを｛113、137、150、19｝に変える
	ラベル3というラベルを作る
		その内容を「郵便番号(&P)」に変える
		その移動順を4に変える
		その位置と大きさを｛24、105、68、12｝に変える
	""郵便番号欄""というテキストを作る
		その内容を「123-1234」に変える
		その移動順を5に変える
		その位置と大きさを｛113、102、150、19｝に変える
	キャンセルボタンというボタンを作る
		その内容を「キャンセル」に変える
		その移動順を9に変える
		その位置と大きさを｛188、198、75、23｝に変える
	OKボタンというボタンを作る
		その内容を「OK」に変える
		その移動順を8に変える
		その位置と大きさを｛100、198、75、23｝に変える
	ラベル2というラベルを作る
		その内容を「電話番号(&T)」に変える
		その移動順を2に変える
		その位置と大きさを｛24、67、68、12｝に変える
	ラベル1というラベルを作る
		その内容を「メールアドレス(&E)」に変える
		その移動順を3に変える
		その位置と大きさを｛24、33、84、12｝に変える
	""電話番号欄""というテキストを作る
		その内容を「03-1234-1234」に変える
		その移動順を3に変える
		その位置と大きさを｛113、64、150、19｝に変える
	メールアドレス欄というテキストを作る
		その内容を「a@abc.ne.jp」に変える
		その移動順を1に変える
		その位置と大きさを｛113、30、150、19｝に変える
	この決定ボタンをOKボタンに変える
	この取消ボタンをキャンセルボタンに変える
	この設計スケール比率を｛96,96｝に変える
終わり

	メールアドレス欄が検証する時の手順
		メールアドレス欄の内容の文字数が0なら、抜け出す
		正規表現によってメールアドレス欄の内容が「.+@.+\.」に合致しなければ
			メールアドレス欄へ「メールアドレスが不適切です」を指摘させる
			イベントのキャンセルは、○
		そして
	終わり
	メールアドレス欄が検証された時の手順
		メールアドレス欄へ無を指摘させる
	終わり
	電話番号欄が検証する時の手順
		電話番号欄の内容の文字数が0なら、抜け出す
		正規表現によって電話番号欄の内容が「\d+\-\d+\-\d+」に合致しなければ
			電話番号欄へ「電話番号が不適切です」を指摘させる
			イベントのキャンセルは、○
		そして
	終わり
	電話番号欄が検証された時の手順
		電話番号欄へ無を指摘させる
	終わり
	郵便番号欄が検証する時の手順
		郵便番号欄の内容の文字数が0なら、抜け出す
		正規表現によって郵便番号欄の内容が「\d{3}-\d{4}」に合致しなければ
			郵便番号欄へ「郵便番号が不適切です」を指摘させる
			イベントのキャンセルは、○
		そして
	終わり
	郵便番号欄が検証された時の手順
		郵便番号欄へ無を指摘させる
	終わり
	ふりがな欄が検証する時の手順
		ふりがな欄の内容の文字数が0なら、抜け出す
		正規表現によってふりがな欄の内容が「^[[]あ-を[]]+$」に合致しなければ
			ふりがな欄へ「ふりがなが不適切です」を指摘させる
			イベントのキャンセルは、○
		そして
	終わり
	ふりがな欄が検証された時の手順
		ふりがな欄へ無を指摘させる
	終わり
	
	OKボタンがクリックされた時の手順
		閉じる
	終わり

	キャンセルボタンがクリックされた時の手順
		閉じる
	終わり

終わり","以下の特定用途向け命令を「---」に置換しました。

1. 描画・GUI: ---、描画、ボタン
2. インタラクション: ---
3. 通信・その他: ---、グラフ、Ajax"
2,5,E,枝を利用した模様.rdr,"ーー 枝を利用した模様 ーー
窓というウィンドウを作る
窓の内容は「枝を利用した模様」
窓の背景色は、白

かめさんというカメを作る
かめさんを窓に表示する
かめさんの位置は｛140,130｝

４回、繰り返す
	かめさんが１８０だけ７回３００度、枝
	かめさんを９０だけ右へ回転させる
そして

窓を表示する
待機する","ーー。
窓というウィンドウを作る
窓の内容は「---」
窓の背景色は、白

かめさんというカメを作る
かめさんを窓に表示する
かめさんの位置は｛140,130｝

４回、繰り返す
    かめさんが１８０だけ７回---、---
    かめさんを９０だけ右へ---
そして

窓を表示する
待機する"
2,5,E,渦巻き.rdr,"ーー 渦巻きを描く ーー

窓としてウィンドウを作る
	その内容は「渦巻きを描く」
	それを表示する

かめさんというカメを作る
	その位置は｛30,220｝
かめさんを窓に表示する
かめさんの向きは0

長さは200

繰り返す
	長さが１０以下なら、繰り返しを抜け出す
	かめさんを前へ長さだけ進める
	かめさんを右へ８９度回転させる
	長さは、長さ－１
そして

待機する","窓としてウィンドウを作る
    その内容は「---」
    それを表示する"
2,5,E,風車.rdr,"﻿//風車//
窓というウィンドウを作る
窓の内容は「かめ」
窓の背景色は「白」
窓を表示する

かめさんというカメを作る
かめさんの位置は｛100,100｝
かめさんを窓に表示する
かめさんの速さは2

//ここにプログラムを書きましょう
かめさんの色は「#80FFFF」
かめさんの太さは5


8回、繰り返す
	かめさんを150度、回転させる
	かめさんを100だけ、進める
	かめさんを150度、回転させる
	かめさんを100だけ、進める
	かめさんを105度、回転させる
	かめさんを45だけ、進める
そして

待機する","assistant

以下は、指定されたコードに「---」を挿入したものです。"
4,1,A,かえるの歌.rdr,"「ド4レミファ　ミレド2
ミ4ファソラ　ソファミ2
ド4休ド休　　ド休ド休
ド8ドレレ　　ミミファファ
ミ4レド2」を演奏する",「---」
4,1,A,コッホ.rdr,"ーー コッホを描く ーー

窓というウィンドウを作る
	その内容は「コッホを描く」
窓を表示する
ピクチャー１というピクチャーを窓に作る
	その位置と大きさは｛0,0,300,300｝

かめさんというカメを作る
かめさんを窓のピクチャー１に表示する

次数は4
長さは2
かめさんの位置は{150，180}
かめさんの向きは0
３回、数に１からカウントして繰り返す
	（次数）回、長さで、コッホを描く
	かめさんを左へ１２０度回転させる
そして

待機する

【次数】回、【長さ】で、コッホを、描く手順
	次数が０なら
		かめさんを前へ長さだけ進める
	他なら
		次数－１回、長さで、コッホを描く
		かめさんを右へ６０度回転させる
		次数－１回、長さで、コッホを描く
		かめさんを左へ１２０度回転させる
		次数－１回、長さで、コッホを描く
		かめさんを右へ６０度回転させる
		次数－１回、長さで、コッホを描く
	そして
終わり","ーー コッホを描く ーー

窓というウィンドウを作る
　その内容は「コッホを描く」
窓を表示する
ピクチャー１というピクチャーを窓に作る
　その位置と大きさは｛0,0,300,300｝

かめさんというカメを作る
かめさんを窓のピクチャー１に表示する

次数は---
長さは---
かめさんの位置は{150，180}
かめさんの向きは0
３回、数に１からカウントして繰り返す
　（次数）回、長さで、コッホを描く
　かめさんを左へ120度回転させる
そして

待機する

【次数】回、【長さ】で、コッホを、描く手順
　次数が0なら
　　　かめさんを前へ長さだけ進める
　他なら
　　　次数－１回、長さで、コッホを描く
　　　かめさんを右へ60度回転させる
　　　次数－１回、長さで、コッホを描く
　　　かめさんを左へ120度回転させる
　　　次数－１回、長さで、コッホを描く
　　　かめさんを右へ60度回転させる
　　　次数－１回、長さで、コッホを描く
　そして
終わり"
4,1,A,テキスト検索.rdr,"// テキスト検索 //
//フォルダ内のテキストファイルからキーワード検索するプログラム
メイン画面を表示する
待機する

メイン画面とは
ウィンドウを継承する

はじめ手順
	初期化する
	この決定ボタンは、検索ボタン
	フォルダ場所欄の内容は、プログラムのフォルダ
終わり

初期化する手順
//この手順は自動生成されたものです
//編集しないでください
	この内容は「テキスト検索」
	このドラッグドロップは○
	この位置と大きさは｛15，15，506，345｝
	この内部領域大きさは｛498，311｝
	参照ボタンというボタンを作る
		その内容は「...」
		その移動順は7
		その位置と大きさは｛432，15，23，23｝
		その位置固定方向は「右＋上」
	フォルダ場所欄というテキストを作る
		その移動順は6
		その位置と大きさは｛107，19，319，19｝
		その位置固定方向は「右＋左＋上」
	ラベル2というラベルを作る
		その内容は「フォルダの場所(&F)」
		その移動順は5
		その位置と大きさは｛12，22，89，12｝
	リストビュー1というリストビューを作る
		その移動順は4
		その位置と大きさは｛12，91，474，189｝
		そのフォントサイズは11
		その位置固定方向は「右＋左＋下＋上」
		その表示方法は「詳細」
		その全列選択は○
		その見出し一覧は｛「ファイル名」，「場所」，「文字位置」｝
		その見出し幅は｛174，117，106｝
		そのタイルサイズは｛0，0｝
	検索ボタンというボタンを作る
		その内容は「検索」
		その移動順は3
		その位置と大きさは｛380，50，75，23｝
		その位置固定方向は「右＋上」
	キーワード欄というテキストを作る
		その移動順は2
		その位置と大きさは｛73，52，301，19｝
		その位置固定方向は「右＋左＋上」
	ラベル1というラベルを作る
		その内容は「キーワード」
		その移動順は1
		その位置と大きさは｛14，55，53，12｝
	ステータスバー1というステータスバーを作る
		その内容は「ステータスバー1」
		その移動順は8
		その位置と大きさは｛0，289，498，22｝
		状態ラベルという状況ラベル部品をステータスバー1へ作る
			その文字配置は「左」
			その引き伸ばしは○
	この設計スケール比率は｛96,96｝
終わり

検索ボタンがクリックされた時の手順
	対象フォルダは、フォルダ場所欄の内容
	キーワードは、キーワード欄の内容

	検索ボタンの使用可能は×
	状態ラベルの内容は「検索中...」
	0秒待つ
	一覧は、対象フォルダのファイルの全一覧
	リストビュー1を更新開始する
	リストビュー1をすべて消す
	一覧のすべてのファイル名についてそれぞれ繰り返す
		ファイル名の拡張子だけが「exe」なら、繰り返しを続ける
		【内容】は（対象フォルダのフォルダだけ）＆ファイル名から読み込んだもの
		内容が無なら、繰り返しを続ける
		文字位置は、内容:キーワードを探したもの
		文字位置が0でないなら
			項目は、ファイル名のファイル名だけをリストビュー1に加えたもの
			項目の詳細は｛ファイル名のフォルダだけ、文字位置、（対象フォルダのフォルダだけ）＆ファイル名｝
		そして
	そして
	リストビュー1を更新終了する
	検索ボタンの使用可能は○
	リストビュー1の個数が0なら
		状態ラベルの内容は「見つかりません」
	でなければ
		状態ラベルの内容は「[リストビュー1の個数]件、見つかりました」
	そして
終わり

参照ボタンがクリックされた時の手順
	フォルダ選択画面のフォルダ名は、フォルダ場所欄の内容
	フォルダ選択画面を表示する
	フォルダ選択画面のキャンセルなら抜け出す
	フォルダ場所欄の内容は、フォルダ選択画面のフォルダ名
終わり


リストビュー1がダブルクリックされた時の手順
	配列は、リストビュー１の選択項目の詳細
	ファイル名は、配列（4）
	「explorer」を「/select,""［ファイル名］""」として起動する
終わり

終わり

プレビュー画面とは
ウィンドウを継承する

はじめ手順
	初期化する
終わり

初期化する手順
//この手順は自動生成されたものです
//編集しないでください
	この内容は「プレビュー画面」
	このドラッグドロップは○
	この位置と大きさは｛15，15，300，300｝
文章テキスト1という文章テキストを作る
	その位置と大きさは｛0，0，292，266｝
	その文字サイズは14
	そのドッキング方向は「全体」
終わり

[自分]で、[ファイル名]を、開く手順
	【内容】は（ファイル名から読み込んだもの）
	内容は、内容で（13のキャラクタ）を改行へ置き換えたもの
	文章テキスト1の内容は、内容
終わり

終わり","以下の要素を「---」に置換しました。

コード:
// テキスト検索 //
//フォルダ内のテキストファイルからキーワード検索するプログラム
メイン画面を表示する
待機する

メイン画面とは
ウィンドウを継承する

はじめ手順
	初期化する
この決定ボタンは、検索ボタン
フォルダ場所欄の内容は、プログラムのフォルダ
終わり

初期化する手順
//この手順は自動生成されたものです
//編集しないでください
	この内容は「テキスト検索」
	このドラッグドロップは---
	この位置と大きさは｛---，---，---，---｝
	参照ボタンというボタンを作る
		その内容は「---」
		その移動順は---
		その位置と大きさは｛---，---，---，---｝
	フォルダ場所欄というテキストを作る
		その移動順は---
		その位置と大きさは｛---，---，---，---｝
	ラベル2というラベルを作る
		その内容は「フォルダの場所(&F)」
		その移動順は---
		その位置と大きさは｛---，---，---，---｝
	リストビュー1というリストビューを作る
		その移動順は---
		その位置と大きさは｛---，---，---，---｝
		そのフォントサイズは---
		その位置固定方向は「---」
		その表示方法は「---」
		その全列選択は---
		その見出し一覧は｛---｝
		その見出し幅は｛---｝
		そのタイルサイズは｛---｝
	検索ボタンというボタンを作る
		その内容は「検索」
		その移動順は---
		その位置と大きさは｛---，---，---，---｝
		その位置固定方向は「---」
	キーワード欄というテキストを作る
		その移動順は---
		その位置と大きさは｛---，---，---，---｝"
4,1,A,バイナリファイル.rdr,"ーーバイナリファイルの読み込みと書き込み
ファイル名は「［デスクトップ］データ.bin」

ーーバイナリ操作でファイルを作成する
書き込みデータというバイナリファイルを作る
書き込みデータにファイル名を書き込み専用で開く
書き込みデータへ65を書き込む
書き込みデータへ｛66,66,68｝を一括で書き込む
書き込みデータを閉じる

ーーバイナリ操作でファイルを読み込む
読み込みファイルというバイナリファイルを作る
読み込みファイルへファイル名を読み取り専用で開く
（読み込みファイルから読み取ったもの）を表示する
読み込みファイルを閉じる","---の読み込みと書き込み
ファイル名は「［デスクトップ］---.bin」

---でファイルを作成する
書き込みデータという---を作る
書き込みデータにファイル名を書き込み専用で開く
書き込みデータへ---を書き込む
書き込みデータへ｛---,---,---｝を一括で書き込む
書き込みデータを閉じる

---でファイルを読み込む
読み込みファイルという---を作る
読み込みファイルへファイル名を読み取り専用で開く
（読み込みファイルから読み取ったもの）を表示する
読み込みファイルを閉じる"
4,1,A,マウスイベント手順.rdr,"// マウスイベントの例 //
メイン画面を表示する
色番号は0
待機する

メイン画面とは

ウィンドウを継承する
	はじめ手順
		初期化する
		明るさは0
	終わり

	初期化する手順
	//この手順は自動生成されたものです
	//編集しないでください
	この内容は「マウスイベント手順」
	このドラッグドロップは○
	この内部領域大きさは｛300，300｝
ピクチャー1というピクチャーを作る
	その位置と大きさは｛123，88，39，37｝
	その背景色は「Red」
	この設計スケール比率は｛96,96｝
終わり

マウスカーソルが移動した時の手順
	ピクチャー1の横は、イベントの横座標-(ピクチャー1の幅÷2)
	ピクチャー1の縦は、イベントの縦座標-(ピクチャー1の高さ÷2)
終わり
マウスのホイールが移動した時の手順
	明るさにイベントのホイール移動量÷6を足す
	明るさが255以上なら、明るさは255
	明るさが0以下なら、明るさは0
	ピクチャー1の背景色は、RGB（｛255,明るさ,明るさ｝）
終わり
ピクチャー1がマウスのボタンが押された時の手順
	イベントのボタンが「左ボタン」なら
		ピクチャー1の背景色は「青」
	他でイベントのボタンが「右ボタン」なら
		ピクチャー1の背景色は「緑」
	そして
終わり
終わり","// マウスイベントの例 //
メイン画面を表示する
色番号は---
待機する

メイン画面とは

ウィンドウを継承する
	はじめ手順
		初期化する
		明るさは---
	終わり

	初期化する手順
	//この手順は自動生成されたものです
	//編集しないでください
	この内容は「マウスイベント手順」
	このドラッグドロップは---
	この内部領域大きさは｛---，---｝
ピクチャー1というピクチャーを作る
	その位置と大きさは｛---，---，---，---｝
	その背景色は「---」
	この設計スケール比率は｛---,---｝
終わり

マウスカーソルが移動した時の手順
	ピクチャー1の横は、イベントの横座標-（ピクチャー1の幅÷2）
	ピクチャー1の縦は、イベントの縦座標-（ピクチャー1の高さ÷2）
終わり
マウスのホイールが移動した時の手順
	明るさにイベントのホイール移動量÷6を足す
	明るさが255以上なら、明るさは255
	明るさが0以下なら、明るさは0
	ピクチャー1の背景色は、RGB（｛255,---,---｝）
終わり
ピクチャー1がマウスのボタンが押された時の手順
	イベントのボタンが「左ボタン」なら
		ピクチャー1の背景色は「---」
	他でイベントのボタンが「右ボタン」なら
		ピクチャー1の背景色は「---」
	そして
終わり
終わり"
4,1,A,マクロの実行.rdr,"ーー// エクセルのマクロ実行 //
ーーワークブックに作成されたマクロを実行します
ーーあらかじめVisual Basic Editorなどでワークブックに
ーーマクロを作成する必要があります。

エクセルを起動する
エクセルで「マクロ.xlsm」を開く
対象ブックは、エクセルの選択ブック

ーーマクロを実行させます
対象ブックにある「TestMacro1」をマクロ実行する

ーー引数のマクロを実行させます
対象ブックにある「TestMacro2」を｛「こんにちは!」｝で、マクロ実行する

対象ブックを閉じる
エクセルのワークブック一覧の個数が0なら、エクセルを終了する","ーー// エクセルのマクロ実行 //
ーー---に作成されたマクロを実行します
ーーあらかじめVisual Basic Editorなどで---に
ーーマクロを作成する必要があります。

エクセルを起動する
エクセルで「---」を開く
対象ブックは、エクセルの選択ブック

ーーマクロを実行させます
対象ブックにある「---」を---で、マクロ実行する

ーー引数のマクロを実行させます
対象ブックにある「---」を---で、マクロ実行する

対象ブックを閉じる
エクセルのワークブック一覧の個数が0なら、エクセルを終了する"
4,1,A,入力値検証.rdr,"// 入力値の検証(バリデーション) //
登録画面を表示する
待機する

登録画面とは
	ウィンドウを継承する

	はじめの手順
		初期化する
	終わり

	初期化する手順
ーー//この手順は自動生成されたものです
ーー//編集しないでください
	この内部領域大きさを｛284、240｝に変える
	この種類を「固定」に変える
	この最大化ボタンを×に変える
	この最小化ボタンを×に変える
	この初期位置を「中央」に変える
	この内容を「登録画面 (値検証のテスト)」に変える
	このドラッグドロップを○に変える
	ラベル4というラベルを作る
		その内容を「名前(ふりがな)」に変える
		その移動順を6に変える
		その位置と大きさを｛24、140、75、12｝に変える
	""ふりがな欄""というテキストを作る
		その内容を「ぷろでる」に変える
		その移動順を7に変える
		その位置と大きさを｛113、137、150、19｝に変える
	ラベル3というラベルを作る
		その内容を「郵便番号(&P)」に変える
		その移動順を4に変える
		その位置と大きさを｛24、105、68、12｝に変える
	""郵便番号欄""というテキストを作る
		その内容を「123-1234」に変える
		その移動順を5に変える
		その位置と大きさを｛113、102、150、19｝に変える
	キャンセルボタンというボタンを作る
		その内容を「キャンセル」に変える
		その移動順を9に変える
		その位置と大きさを｛188、198、75、23｝に変える
	OKボタンというボタンを作る
		その内容を「OK」に変える
		その移動順を8に変える
		その位置と大きさを｛100、198、75、23｝に変える
	ラベル2というラベルを作る
		その内容を「電話番号(&T)」に変える
		その移動順を2に変える
		その位置と大きさを｛24、67、68、12｝に変える
	ラベル1というラベルを作る
		その内容を「メールアドレス(&E)」に変える
		その移動順を3に変える
		その位置と大きさを｛24、33、84、12｝に変える
	""電話番号欄""というテキストを作る
		その内容を「03-1234-1234」に変える
		その移動順を3に変える
		その位置と大きさを｛113、64、150、19｝に変える
	メールアドレス欄というテキストを作る
		その内容を「a@abc.ne.jp」に変える
		その移動順を1に変える
		その位置と大きさを｛113、30、150、19｝に変える
	この決定ボタンをOKボタンに変える
	この取消ボタンをキャンセルボタンに変える
	この設計スケール比率を｛96,96｝に変える
終わり

	メールアドレス欄が検証する時の手順
		メールアドレス欄の内容の文字数が0なら、抜け出す
		正規表現によってメールアドレス欄の内容が「.+@.+\.」に合致しなければ
			メールアドレス欄へ「メールアドレスが不適切です」を指摘させる
			イベントのキャンセルは、○
		そして
	終わり
	メールアドレス欄が検証された時の手順
		メールアドレス欄へ無を指摘させる
	終わり
	電話番号欄が検証する時の手順
		電話番号欄の内容の文字数が0なら、抜け出す
		正規表現によって電話番号欄の内容が「\d+\-\d+\-\d+」に合致しなければ
			電話番号欄へ「電話番号が不適切です」を指摘させる
			イベントのキャンセルは、○
		そして
	終わり
	電話番号欄が検証された時の手順
		電話番号欄へ無を指摘させる
	終わり
	郵便番号欄が検証する時の手順
		郵便番号欄の内容の文字数が0なら、抜け出す
		正規表現によって郵便番号欄の内容が「\d{3}-\d{4}」に合致しなければ
			郵便番号欄へ「郵便番号が不適切です」を指摘させる
			イベントのキャンセルは、○
		そして
	終わり
	郵便番号欄が検証された時の手順
		郵便番号欄へ無を指摘させる
	終わり
	ふりがな欄が検証する時の手順
		ふりがな欄の内容の文字数が0なら、抜け出す
		正規表現によってふりがな欄の内容が「^[[]あ-を[]]+$」に合致しなければ
			ふりがな欄へ「ふりがなが不適切です」を指摘させる
			イベントのキャンセルは、○
		そして
	終わり
	ふりがな欄が検証された時の手順
		ふりがな欄へ無を指摘させる
	終わり
	
	OKボタンがクリックされた時の手順
		閉じる
	終わり

	キャンセルボタンがクリックされた時の手順
		閉じる
	終わり

終わり","// 入力値の検証(バリデーション) //
登録画面を表示する
待機する"
4,1,A,枝を利用した模様.rdr,"ーー 枝を利用した模様 ーー
窓というウィンドウを作る
窓の内容は「枝を利用した模様」
窓の背景色は、白

かめさんというカメを作る
かめさんを窓に表示する
かめさんの位置は｛140,130｝

４回、繰り返す
	かめさんが１８０だけ７回３００度、枝
	かめさんを９０だけ右へ回転させる
そして

窓を表示する
待機する","ーー 枝を利用した模様 ーー
窓というウィンドウを作る
窓の内容は「---」
窓の背景色は、白

かめさんというカメを作る
かめさんを窓に表示する
かめさんの位置は｛---，---｝

---回、繰り返す
    かめさんが-----だけ-----、---
    かめさんを-----だけ右へ回転させる
そして

窓を表示する
待機する"
4,1,A,渦巻き.rdr,"ーー 渦巻きを描く ーー

窓としてウィンドウを作る
	その内容は「渦巻きを描く」
	それを表示する

かめさんというカメを作る
	その位置は｛30,220｝
かめさんを窓に表示する
かめさんの向きは0

長さは200

繰り返す
	長さが１０以下なら、繰り返しを抜け出す
	かめさんを前へ長さだけ進める
	かめさんを右へ８９度回転させる
	長さは、長さ－１
そして

待機する","ーー --- を描く ーー

窓としてウィンドウを作る
    その内容は「--- を描く」
    それを表示する

かめさんというカメを作る
    その位置は｛---,---｝
かめさんを窓に表示する
かめさんの向きは0

長さは---

繰り返す
    長さが１０以下なら、繰り返しを抜け出す
    かめさんを前へ---だけ進める
    かめさんを右へ89度回転させる
    長さは、長さ－1
そして"
4,1,A,風車.rdr,"﻿//風車//
窓というウィンドウを作る
窓の内容は「かめ」
窓の背景色は「白」
窓を表示する

かめさんというカメを作る
かめさんの位置は｛100,100｝
かめさんを窓に表示する
かめさんの速さは2

//ここにプログラムを書きましょう
かめさんの色は「#80FFFF」
かめさんの太さは5


8回、繰り返す
	かめさんを150度、回転させる
	かめさんを100だけ、進める
	かめさんを150度、回転させる
	かめさんを100だけ、進める
	かめさんを105度、回転させる
	かめさんを45だけ、進める
そして

待機する","assistant

assistant

//風車//
窓というウィンドウを作る
窓の内容は「---」
窓の背景色は「---」
窓を表示する

かめさんというカメを作る
かめさんの位置は｛---,---｝
かめさんを窓に表示する
かめさんの速さは---

//ここにプログラムを書きましょう
かめさんの色は「---」
かめさんの太さは---

8回、繰り返す
	かめさんを---度、回転させる
	かめさんを---だけ、進める
	かめさんを---度、回転させる
	かめさんを---だけ、進める
	かめさんを---度、回転させる
	かめさんを---だけ、進める
そして"
4,2,B,かえるの歌.rdr,"「ド4レミファ　ミレド2
ミ4ファソラ　ソファミ2
ド4休ド休　　ド休ド休
ド8ドレレ　　ミミファファ
ミ4レド2」を演奏する",「---」を演奏する
4,2,B,コッホ.rdr,"ーー コッホを描く ーー

窓というウィンドウを作る
	その内容は「コッホを描く」
窓を表示する
ピクチャー１というピクチャーを窓に作る
	その位置と大きさは｛0,0,300,300｝

かめさんというカメを作る
かめさんを窓のピクチャー１に表示する

次数は4
長さは2
かめさんの位置は{150，180}
かめさんの向きは0
３回、数に１からカウントして繰り返す
	（次数）回、長さで、コッホを描く
	かめさんを左へ１２０度回転させる
そして

待機する

【次数】回、【長さ】で、コッホを、描く手順
	次数が０なら
		かめさんを前へ長さだけ進める
	他なら
		次数－１回、長さで、コッホを描く
		かめさんを右へ６０度回転させる
		次数－１回、長さで、コッホを描く
		かめさんを左へ１２０度回転させる
		次数－１回、長さで、コッホを描く
		かめさんを右へ６０度回転させる
		次数－１回、長さで、コッホを描く
	そして
終わり","ーー コッホを描く ーー

窓というウィンドウを作る
	その内容は「コッホを描く」
窓を---。

ピクチャー１というピクチャーを窓に作る
	その位置と大きさは｛0,0,300,300｝

かめさんというカメを作る
かめさんを窓のピクチャー１に---。

次数は4
長さは2
かめさんの位置は{150，180}
かめさんの向きは0
３回、数に１からカウントして繰り返す
	（次数）回、長さで、コッホを描く
かめさんを左へ１２０度回転させる
そして

待機する

【次数】回、【長さ】で、コッホを、描く手順
	次数が０なら
		かめさんを前へ長さだけ進める
	他なら
		次数－１回、長さで、コッホを描く
		かめさんを右へ６０度回転させる
		次数－１回、長さで、コッホを描く
		かめさんを左へ１２０度回転させる
		次数－１回、長さで、コッホを描く
		かめさんを右へ６０度回転させる
		次数－１回、長さで、コッホを描く
	そして
終わり"
4,2,B,テキスト検索.rdr,"// テキスト検索 //
//フォルダ内のテキストファイルからキーワード検索するプログラム
メイン画面を表示する
待機する

メイン画面とは
ウィンドウを継承する

はじめ手順
	初期化する
	この決定ボタンは、検索ボタン
	フォルダ場所欄の内容は、プログラムのフォルダ
終わり

初期化する手順
//この手順は自動生成されたものです
//編集しないでください
	この内容は「テキスト検索」
	このドラッグドロップは○
	この位置と大きさは｛15，15，506，345｝
	この内部領域大きさは｛498，311｝
	参照ボタンというボタンを作る
		その内容は「...」
		その移動順は7
		その位置と大きさは｛432，15，23，23｝
		その位置固定方向は「右＋上」
	フォルダ場所欄というテキストを作る
		その移動順は6
		その位置と大きさは｛107，19，319，19｝
		その位置固定方向は「右＋左＋上」
	ラベル2というラベルを作る
		その内容は「フォルダの場所(&F)」
		その移動順は5
		その位置と大きさは｛12，22，89，12｝
	リストビュー1というリストビューを作る
		その移動順は4
		その位置と大きさは｛12，91，474，189｝
		そのフォントサイズは11
		その位置固定方向は「右＋左＋下＋上」
		その表示方法は「詳細」
		その全列選択は○
		その見出し一覧は｛「ファイル名」，「場所」，「文字位置」｝
		その見出し幅は｛174，117，106｝
		そのタイルサイズは｛0，0｝
	検索ボタンというボタンを作る
		その内容は「検索」
		その移動順は3
		その位置と大きさは｛380，50，75，23｝
		その位置固定方向は「右＋上」
	キーワード欄というテキストを作る
		その移動順は2
		その位置と大きさは｛73，52，301，19｝
		その位置固定方向は「右＋左＋上」
	ラベル1というラベルを作る
		その内容は「キーワード」
		その移動順は1
		その位置と大きさは｛14，55，53，12｝
	ステータスバー1というステータスバーを作る
		その内容は「ステータスバー1」
		その移動順は8
		その位置と大きさは｛0，289，498，22｝
		状態ラベルという状況ラベル部品をステータスバー1へ作る
			その文字配置は「左」
			その引き伸ばしは○
	この設計スケール比率は｛96,96｝
終わり

検索ボタンがクリックされた時の手順
	対象フォルダは、フォルダ場所欄の内容
	キーワードは、キーワード欄の内容

	検索ボタンの使用可能は×
	状態ラベルの内容は「検索中...」
	0秒待つ
	一覧は、対象フォルダのファイルの全一覧
	リストビュー1を更新開始する
	リストビュー1をすべて消す
	一覧のすべてのファイル名についてそれぞれ繰り返す
		ファイル名の拡張子だけが「exe」なら、繰り返しを続ける
		【内容】は（対象フォルダのフォルダだけ）＆ファイル名から読み込んだもの
		内容が無なら、繰り返しを続ける
		文字位置は、内容:キーワードを探したもの
		文字位置が0でないなら
			項目は、ファイル名のファイル名だけをリストビュー1に加えたもの
			項目の詳細は｛ファイル名のフォルダだけ、文字位置、（対象フォルダのフォルダだけ）＆ファイル名｝
		そして
	そして
	リストビュー1を更新終了する
	検索ボタンの使用可能は○
	リストビュー1の個数が0なら
		状態ラベルの内容は「見つかりません」
	でなければ
		状態ラベルの内容は「[リストビュー1の個数]件、見つかりました」
	そして
終わり

参照ボタンがクリックされた時の手順
	フォルダ選択画面のフォルダ名は、フォルダ場所欄の内容
	フォルダ選択画面を表示する
	フォルダ選択画面のキャンセルなら抜け出す
	フォルダ場所欄の内容は、フォルダ選択画面のフォルダ名
終わり


リストビュー1がダブルクリックされた時の手順
	配列は、リストビュー１の選択項目の詳細
	ファイル名は、配列（4）
	「explorer」を「/select,""［ファイル名］""」として起動する
終わり

終わり

プレビュー画面とは
ウィンドウを継承する

はじめ手順
	初期化する
終わり

初期化する手順
//この手順は自動生成されたものです
//編集しないでください
	この内容は「プレビュー画面」
	このドラッグドロップは○
	この位置と大きさは｛15，15，300，300｝
文章テキスト1という文章テキストを作る
	その位置と大きさは｛0，0，292，266｝
	その文字サイズは14
	そのドッキング方向は「全体」
終わり

[自分]で、[ファイル名]を、開く手順
	【内容】は（ファイル名から読み込んだもの）
	内容は、内容で（13のキャラクタ）を改行へ置き換えたもの
	文章テキスト1の内容は、内容
終わり

終わり","【タスク: カテゴリB（基本命令）に基づく空欄化】
以下の要素を「---」に置換してください。それ以外は変更しないでください。
1. 入出力命令: 表示、言う、尋ねる など
2. 変数操作: 代入"
4,2,B,バイナリファイル.rdr,"ーーバイナリファイルの読み込みと書き込み
ファイル名は「［デスクトップ］データ.bin」

ーーバイナリ操作でファイルを作成する
書き込みデータというバイナリファイルを作る
書き込みデータにファイル名を書き込み専用で開く
書き込みデータへ65を書き込む
書き込みデータへ｛66,66,68｝を一括で書き込む
書き込みデータを閉じる

ーーバイナリ操作でファイルを読み込む
読み込みファイルというバイナリファイルを作る
読み込みファイルへファイル名を読み取り専用で開く
（読み込みファイルから読み取ったもの）を表示する
読み込みファイルを閉じる","ーーバイナリファイルの読み込みと書き込み
ファイル名は「［デスクトップ］データ.bin」

ーーバイナリ操作でファイルを作成する
書き込みデータというバイナリファイルを作る
書き込みデータにファイル名を---で開く
書き込みデータへ65を---。
書き込みデータへ｛66,66,68｝を一括で---。
書き込みデータを---。

ーーバイナリ操作でファイルを読み込む
読み込みファイルというバイナリファイルを作る
読み込みファイルへファイル名を---で開く
（読み込みファイルから読み取ったもの）を---。
読み込みファイルを---。"
4,2,B,マウスイベント手順.rdr,"// マウスイベントの例 //
メイン画面を表示する
色番号は0
待機する

メイン画面とは

ウィンドウを継承する
	はじめ手順
		初期化する
		明るさは0
	終わり

	初期化する手順
	//この手順は自動生成されたものです
	//編集しないでください
	この内容は「マウスイベント手順」
	このドラッグドロップは○
	この内部領域大きさは｛300，300｝
ピクチャー1というピクチャーを作る
	その位置と大きさは｛123，88，39，37｝
	その背景色は「Red」
	この設計スケール比率は｛96,96｝
終わり

マウスカーソルが移動した時の手順
	ピクチャー1の横は、イベントの横座標-(ピクチャー1の幅÷2)
	ピクチャー1の縦は、イベントの縦座標-(ピクチャー1の高さ÷2)
終わり
マウスのホイールが移動した時の手順
	明るさにイベントのホイール移動量÷6を足す
	明るさが255以上なら、明るさは255
	明るさが0以下なら、明るさは0
	ピクチャー1の背景色は、RGB（｛255,明るさ,明るさ｝）
終わり
ピクチャー1がマウスのボタンが押された時の手順
	イベントのボタンが「左ボタン」なら
		ピクチャー1の背景色は「青」
	他でイベントのボタンが「右ボタン」なら
		ピクチャー1の背景色は「緑」
	そして
終わり
終わり","// マウスイベントの例 //
メイン画面を---
色番号は0
待機する"
4,2,B,マクロの実行.rdr,"ーー// エクセルのマクロ実行 //
ーーワークブックに作成されたマクロを実行します
ーーあらかじめVisual Basic Editorなどでワークブックに
ーーマクロを作成する必要があります。

エクセルを起動する
エクセルで「マクロ.xlsm」を開く
対象ブックは、エクセルの選択ブック

ーーマクロを実行させます
対象ブックにある「TestMacro1」をマクロ実行する

ーー引数のマクロを実行させます
対象ブックにある「TestMacro2」を｛「こんにちは!」｝で、マクロ実行する

対象ブックを閉じる
エクセルのワークブック一覧の個数が0なら、エクセルを終了する","ーー// エクセルのマクロ実行 //
ーーワークブックに作成されたマクロを実行します
ーーあらかじめVisual Basic Editorなどでワークブックに
ーーマクロを作成する必要があります。

エクセルを起動する
エクセルで「マクロ.xlsm」を開く
対象ブックは、エクセルの選択ブック

ーーマクロを実行させます
対象ブックにある「TestMacro1」を---。
対象ブックにある「TestMacro2」を---で、マクロ実行する

対象ブックを閉じる
エクセルのワークブック一覧の個数が0なら、エクセルを終了する"
4,2,B,入力値検証.rdr,"// 入力値の検証(バリデーション) //
登録画面を表示する
待機する

登録画面とは
	ウィンドウを継承する

	はじめの手順
		初期化する
	終わり

	初期化する手順
ーー//この手順は自動生成されたものです
ーー//編集しないでください
	この内部領域大きさを｛284、240｝に変える
	この種類を「固定」に変える
	この最大化ボタンを×に変える
	この最小化ボタンを×に変える
	この初期位置を「中央」に変える
	この内容を「登録画面 (値検証のテスト)」に変える
	このドラッグドロップを○に変える
	ラベル4というラベルを作る
		その内容を「名前(ふりがな)」に変える
		その移動順を6に変える
		その位置と大きさを｛24、140、75、12｝に変える
	""ふりがな欄""というテキストを作る
		その内容を「ぷろでる」に変える
		その移動順を7に変える
		その位置と大きさを｛113、137、150、19｝に変える
	ラベル3というラベルを作る
		その内容を「郵便番号(&P)」に変える
		その移動順を4に変える
		その位置と大きさを｛24、105、68、12｝に変える
	""郵便番号欄""というテキストを作る
		その内容を「123-1234」に変える
		その移動順を5に変える
		その位置と大きさを｛113、102、150、19｝に変える
	キャンセルボタンというボタンを作る
		その内容を「キャンセル」に変える
		その移動順を9に変える
		その位置と大きさを｛188、198、75、23｝に変える
	OKボタンというボタンを作る
		その内容を「OK」に変える
		その移動順を8に変える
		その位置と大きさを｛100、198、75、23｝に変える
	ラベル2というラベルを作る
		その内容を「電話番号(&T)」に変える
		その移動順を2に変える
		その位置と大きさを｛24、67、68、12｝に変える
	ラベル1というラベルを作る
		その内容を「メールアドレス(&E)」に変える
		その移動順を3に変える
		その位置と大きさを｛24、33、84、12｝に変える
	""電話番号欄""というテキストを作る
		その内容を「03-1234-1234」に変える
		その移動順を3に変える
		その位置と大きさを｛113、64、150、19｝に変える
	メールアドレス欄というテキストを作る
		その内容を「a@abc.ne.jp」に変える
		その移動順を1に変える
		その位置と大きさを｛113、30、150、19｝に変える
	この決定ボタンをOKボタンに変える
	この取消ボタンをキャンセルボタンに変える
	この設計スケール比率を｛96,96｝に変える
終わり

	メールアドレス欄が検証する時の手順
		メールアドレス欄の内容の文字数が0なら、抜け出す
		正規表現によってメールアドレス欄の内容が「.+@.+\.」に合致しなければ
			メールアドレス欄へ「メールアドレスが不適切です」を指摘させる
			イベントのキャンセルは、○
		そして
	終わり
	メールアドレス欄が検証された時の手順
		メールアドレス欄へ無を指摘させる
	終わり
	電話番号欄が検証する時の手順
		電話番号欄の内容の文字数が0なら、抜け出す
		正規表現によって電話番号欄の内容が「\d+\-\d+\-\d+」に合致しなければ
			電話番号欄へ「電話番号が不適切です」を指摘させる
			イベントのキャンセルは、○
		そして
	終わり
	電話番号欄が検証された時の手順
		電話番号欄へ無を指摘させる
	終わり
	郵便番号欄が検証する時の手順
		郵便番号欄の内容の文字数が0なら、抜け出す
		正規表現によって郵便番号欄の内容が「\d{3}-\d{4}」に合致しなければ
			郵便番号欄へ「郵便番号が不適切です」を指摘させる
			イベントのキャンセルは、○
		そして
	終わり
	郵便番号欄が検証された時の手順
		郵便番号欄へ無を指摘させる
	終わり
	ふりがな欄が検証する時の手順
		ふりがな欄の内容の文字数が0なら、抜け出す
		正規表現によってふりがな欄の内容が「^[[]あ-を[]]+$」に合致しなければ
			ふりがな欄へ「ふりがなが不適切です」を指摘させる
			イベントのキャンセルは、○
		そして
	終わり
	ふりがな欄が検証された時の手順
		ふりがな欄へ無を指摘させる
	終わり
	
	OKボタンがクリックされた時の手順
		閉じる
	終わり

	キャンセルボタンがクリックされた時の手順
		閉じる
	終わり

終わり","【タスク: カテゴリB（基本命令）に基づく空欄化】
以下の要素を「---」に置換してください。それ以外は変更しないでください。
1. 入出力命令: 表示、言う、尋ねる など
2. 変数操作: 代入"
4,2,B,枝を利用した模様.rdr,"ーー 枝を利用した模様 ーー
窓というウィンドウを作る
窓の内容は「枝を利用した模様」
窓の背景色は、白

かめさんというカメを作る
かめさんを窓に表示する
かめさんの位置は｛140,130｝

４回、繰り返す
	かめさんが１８０だけ７回３００度、枝
	かめさんを９０だけ右へ回転させる
そして

窓を表示する
待機する","ーー 枝を利用した模様 ーー
窓というウィンドウを作る
窓の内容は「枝を利用した模様」
窓の背景色は、白

かめさんというカメを作る
かめさんを窓に---。
かめさんの位置は｛140,130｝

４回、繰り返す
	かめさんが１８０だけ７回３００度、枝
	かめさんを９０だけ右へ回転させる
そして

窓を---。
待機する"
4,2,B,渦巻き.rdr,"ーー 渦巻きを描く ーー

窓としてウィンドウを作る
	その内容は「渦巻きを描く」
	それを表示する

かめさんというカメを作る
	その位置は｛30,220｝
かめさんを窓に表示する
かめさんの向きは0

長さは200

繰り返す
	長さが１０以下なら、繰り返しを抜け出す
	かめさんを前へ長さだけ進める
	かめさんを右へ８９度回転させる
	長さは、長さ－１
そして

待機する","ーー 渦巻きを描く ーー

窓としてウィンドウを作る
    その内容は「---」
    それを表示する

かめさんというカメを作る
    その位置は｛30,220｝
かめさんを窓に表示する
かめさんの向きは0

長さは200

繰り返す
    長さが１０以下なら、繰り返しを抜け出す
    かめさんを前へ長さだけ進める
    かめさんを右へ89度回転させる
    長さは、長さ－１
そして

待機する"
4,2,B,風車.rdr,"﻿//風車//
窓というウィンドウを作る
窓の内容は「かめ」
窓の背景色は「白」
窓を表示する

かめさんというカメを作る
かめさんの位置は｛100,100｝
かめさんを窓に表示する
かめさんの速さは2

//ここにプログラムを書きましょう
かめさんの色は「#80FFFF」
かめさんの太さは5


8回、繰り返す
	かめさんを150度、回転させる
	かめさんを100だけ、進める
	かめさんを150度、回転させる
	かめさんを100だけ、進める
	かめさんを105度、回転させる
	かめさんを45だけ、進める
そして

待機する",assistant
4,3,C,かえるの歌.rdr,"「ド4レミファ　ミレド2
ミ4ファソラ　ソファミ2
ド4休ド休　　ド休ド休
ド8ドレレ　　ミミファファ
ミ4レド2」を演奏する","「---4---　---ファ　---ソ　　---ファミ2
---4---　---ファソ　---ファミ2
---4---　　---ド休　　---ド休
---8---　　---レレ　　---ミミファファ
---4---　---レド2」"
4,3,C,コッホ.rdr,"ーー コッホを描く ーー

窓というウィンドウを作る
	その内容は「コッホを描く」
窓を表示する
ピクチャー１というピクチャーを窓に作る
	その位置と大きさは｛0,0,300,300｝

かめさんというカメを作る
かめさんを窓のピクチャー１に表示する

次数は4
長さは2
かめさんの位置は{150，180}
かめさんの向きは0
３回、数に１からカウントして繰り返す
	（次数）回、長さで、コッホを描く
	かめさんを左へ１２０度回転させる
そして

待機する

【次数】回、【長さ】で、コッホを、描く手順
	次数が０なら
		かめさんを前へ長さだけ進める
	他なら
		次数－１回、長さで、コッホを描く
		かめさんを右へ６０度回転させる
		次数－１回、長さで、コッホを描く
		かめさんを左へ１２０度回転させる
		次数－１回、長さで、コッホを描く
		かめさんを右へ６０度回転させる
		次数－１回、長さで、コッホを描く
	そして
終わり","ーー コッホを描く ーー

窓というウィンドウを作る
    その内容は「コッホを描く」
窓を表示する
ピクチャー１というピクチャーを窓に作る
    その位置と大きさは｛0,0,300,300｝

かめさんというカメを作る
かめさんを窓のピクチャー１に表示する

次数は4
長さは2
かめさんの位置は{150，180}
かめさんの向きは0
---回、数に１からカウントして繰り返す
    ---回、長さで、コッホを描く
    かめさんを左へ１２０度回転させる
そして

待機する

【---】回、【---】で、コッホを、描く手順
    ---が０なら
        かめさんを前へ長さだけ進める
    他なら
        ---－１回、長さで、コッホを描く
        かめさんを右へ６０度回転させる
        ---－１回、長さで、コッホを描く
        かめさんを左へ１２０度回転させる
        ---－１回、長さで、コッホを描く
        かめさんを右へ６０度回転させる
        ---－１回、長さで、コッホを描く
    そして
終わり"
4,3,C,テキスト検索.rdr,"// テキスト検索 //
//フォルダ内のテキストファイルからキーワード検索するプログラム
メイン画面を表示する
待機する

メイン画面とは
ウィンドウを継承する

はじめ手順
	初期化する
	この決定ボタンは、検索ボタン
	フォルダ場所欄の内容は、プログラムのフォルダ
終わり

初期化する手順
//この手順は自動生成されたものです
//編集しないでください
	この内容は「テキスト検索」
	このドラッグドロップは○
	この位置と大きさは｛15，15，506，345｝
	この内部領域大きさは｛498，311｝
	参照ボタンというボタンを作る
		その内容は「...」
		その移動順は7
		その位置と大きさは｛432，15，23，23｝
		その位置固定方向は「右＋上」
	フォルダ場所欄というテキストを作る
		その移動順は6
		その位置と大きさは｛107，19，319，19｝
		その位置固定方向は「右＋左＋上」
	ラベル2というラベルを作る
		その内容は「フォルダの場所(&F)」
		その移動順は5
		その位置と大きさは｛12，22，89，12｝
	リストビュー1というリストビューを作る
		その移動順は4
		その位置と大きさは｛12，91，474，189｝
		そのフォントサイズは11
		その位置固定方向は「右＋左＋下＋上」
		その表示方法は「詳細」
		その全列選択は○
		その見出し一覧は｛「ファイル名」，「場所」，「文字位置」｝
		その見出し幅は｛174，117，106｝
		そのタイルサイズは｛0，0｝
	検索ボタンというボタンを作る
		その内容は「検索」
		その移動順は3
		その位置と大きさは｛380，50，75，23｝
		その位置固定方向は「右＋上」
	キーワード欄というテキストを作る
		その移動順は2
		その位置と大きさは｛73，52，301，19｝
		その位置固定方向は「右＋左＋上」
	ラベル1というラベルを作る
		その内容は「キーワード」
		その移動順は1
		その位置と大きさは｛14，55，53，12｝
	ステータスバー1というステータスバーを作る
		その内容は「ステータスバー1」
		その移動順は8
		その位置と大きさは｛0，289，498，22｝
		状態ラベルという状況ラベル部品をステータスバー1へ作る
			その文字配置は「左」
			その引き伸ばしは○
	この設計スケール比率は｛96,96｝
終わり

検索ボタンがクリックされた時の手順
	対象フォルダは、フォルダ場所欄の内容
	キーワードは、キーワード欄の内容

	検索ボタンの使用可能は×
	状態ラベルの内容は「検索中...」
	0秒待つ
	一覧は、対象フォルダのファイルの全一覧
	リストビュー1を更新開始する
	リストビュー1をすべて消す
	一覧のすべてのファイル名についてそれぞれ繰り返す
		ファイル名の拡張子だけが「exe」なら、繰り返しを続ける
		【内容】は（対象フォルダのフォルダだけ）＆ファイル名から読み込んだもの
		内容が無なら、繰り返しを続ける
		文字位置は、内容:キーワードを探したもの
		文字位置が0でないなら
			項目は、ファイル名のファイル名だけをリストビュー1に加えたもの
			項目の詳細は｛ファイル名のフォルダだけ、文字位置、（対象フォルダのフォルダだけ）＆ファイル名｝
		そして
	そして
	リストビュー1を更新終了する
	検索ボタンの使用可能は○
	リストビュー1の個数が0なら
		状態ラベルの内容は「見つかりません」
	でなければ
		状態ラベルの内容は「[リストビュー1の個数]件、見つかりました」
	そして
終わり

参照ボタンがクリックされた時の手順
	フォルダ選択画面のフォルダ名は、フォルダ場所欄の内容
	フォルダ選択画面を表示する
	フォルダ選択画面のキャンセルなら抜け出す
	フォルダ場所欄の内容は、フォルダ選択画面のフォルダ名
終わり


リストビュー1がダブルクリックされた時の手順
	配列は、リストビュー１の選択項目の詳細
	ファイル名は、配列（4）
	「explorer」を「/select,""［ファイル名］""」として起動する
終わり

終わり

プレビュー画面とは
ウィンドウを継承する

はじめ手順
	初期化する
終わり

初期化する手順
//この手順は自動生成されたものです
//編集しないでください
	この内容は「プレビュー画面」
	このドラッグドロップは○
	この位置と大きさは｛15，15，300，300｝
文章テキスト1という文章テキストを作る
	その位置と大きさは｛0，0，292，266｝
	その文字サイズは14
	そのドッキング方向は「全体」
終わり

[自分]で、[ファイル名]を、開く手順
	【内容】は（ファイル名から読み込んだもの）
	内容は、内容で（13のキャラクタ）を改行へ置き換えたもの
	文章テキスト1の内容は、内容
終わり

終わり","// テキスト検索 //
//フォルダ内のテキストファイルからキーワード検索するプログラム
メイン画面を表示する
待機する

メイン画面とは
ウィンドウを継承する

はじめ手順
    初期化する
    この決定ボタンは、検索ボタン
    フォルダ場所欄の内容は、プログラムのフォルダ
終わり

初期化する手順
//この手順は自動生成されたものです
//編集しないでください
    この内容は「テキスト検索」
    このドラッグドロップは○
    この位置と大きさは｛15，15，506，345｝
    この内部領域大きさは｛498，311｝
    参照ボタンというボタンを作る
        その内容は「...」
        その移動順は7
        その位置と大きさは｛432，15，23，23｝
        その位置固定方向は「右＋上」
    フォルダ場所欄というテキストを作る
        その移動順は6
        その位置と大きさは｛107，19，319，19｝
        その位置固定方向は「右＋左＋上」
    ラベル2というラベルを作る
        その内容は「フォルダの場所(&F)」
        その移動順は5
        その位置と大きさは｛12，22，89，12｝
        その位置固定方向は「右＋左＋上」
    リストビュー1というリストビューを作る
        その移動順は4
        その位置と大きさは｛12，91，474，189｝
        そのフォントサイズは11
        その位置固定方向は「右＋左＋下＋上」
        その表示方法は「詳細」
        その全列選択は○
        その見出し一覧は｛「ファイル名」，「場所」，「文字位置」｝
        その見出し幅は｛174，117，106｝
        そのタイルサイズは｛0，0｝
    検索ボタンというボタンを作る
        その内容"
4,3,C,バイナリファイル.rdr,"ーーバイナリファイルの読み込みと書き込み
ファイル名は「［デスクトップ］データ.bin」

ーーバイナリ操作でファイルを作成する
書き込みデータというバイナリファイルを作る
書き込みデータにファイル名を書き込み専用で開く
書き込みデータへ65を書き込む
書き込みデータへ｛66,66,68｝を一括で書き込む
書き込みデータを閉じる

ーーバイナリ操作でファイルを読み込む
読み込みファイルというバイナリファイルを作る
読み込みファイルへファイル名を読み取り専用で開く
（読み込みファイルから読み取ったもの）を表示する
読み込みファイルを閉じる","ーーバイナリファイルの読み込みと書き込み
ファイル名は「［デスクトップ］データ.bin」

ーーバイナリ操作でファイルを作成する
書き込みデータというバイナリファイルを作る
書き込みデータにファイル名を書き込み専用で開く
書き込みデータへ65を書き込む
書き込みデータへ｛66,66,68｝を一括で書き込む
書き込みデータを閉じる

ーーバイナリ操作でファイルを読み込む
読み込みファイルというバイナリファイルを作る
読み込みファイルへファイル名を読み取り専用で開く
---を表示する
読み込みファイルを閉じる"
4,3,C,マウスイベント手順.rdr,"// マウスイベントの例 //
メイン画面を表示する
色番号は0
待機する

メイン画面とは

ウィンドウを継承する
	はじめ手順
		初期化する
		明るさは0
	終わり

	初期化する手順
	//この手順は自動生成されたものです
	//編集しないでください
	この内容は「マウスイベント手順」
	このドラッグドロップは○
	この内部領域大きさは｛300，300｝
ピクチャー1というピクチャーを作る
	その位置と大きさは｛123，88，39，37｝
	その背景色は「Red」
	この設計スケール比率は｛96,96｝
終わり

マウスカーソルが移動した時の手順
	ピクチャー1の横は、イベントの横座標-(ピクチャー1の幅÷2)
	ピクチャー1の縦は、イベントの縦座標-(ピクチャー1の高さ÷2)
終わり
マウスのホイールが移動した時の手順
	明るさにイベントのホイール移動量÷6を足す
	明るさが255以上なら、明るさは255
	明るさが0以下なら、明るさは0
	ピクチャー1の背景色は、RGB（｛255,明るさ,明るさ｝）
終わり
ピクチャー1がマウスのボタンが押された時の手順
	イベントのボタンが「左ボタン」なら
		ピクチャー1の背景色は「青」
	他でイベントのボタンが「右ボタン」なら
		ピクチャー1の背景色は「緑」
	そして
終わり
終わり","// マウスイベントの例 //
メイン画面を表示する
色番号は0
待機する

メイン画面とは

ウィンドウを継承する
    --- 
    --- 
    --- 

    --- 
    --- 
    --- 

    --- 
    --- 
    --- 

ピクチャー1というピクチャーを作る
    その位置と大きさは｛123，88，39，37｝
    その背景色は「Red」
    この設計スケール比率は｛96,96｝
終わり

マウスカーソルが移動した時の手順
    ピクチャー1の横は、イベントの横座標-(ピクチャー1の幅÷2)
    ピクチャー1の縦は、イベントの縦座標-(ピクチャー1の高さ÷2)
終わり
マウスのホイールが移動した時の手順
    明るさにイベントのホイール移動量÷6を足す
    明るさが255以上なら、明るさは255
    明るさが0以下なら、明るさは0
    ピクチャー1の背景色は、RGB（｛255,明るさ,明るさ｝）
終わり
ピクチャー1がマウスのボタンが押された時の手順
    イベントのボタンが「左ボタン」なら
        ピクチャー1の背景色は「青」
    他でイベントのボタンが「右ボタン」なら
        ピクチャー1の背景色は「緑」
    そして
終わり
終わり"
4,3,C,マクロの実行.rdr,"ーー// エクセルのマクロ実行 //
ーーワークブックに作成されたマクロを実行します
ーーあらかじめVisual Basic Editorなどでワークブックに
ーーマクロを作成する必要があります。

エクセルを起動する
エクセルで「マクロ.xlsm」を開く
対象ブックは、エクセルの選択ブック

ーーマクロを実行させます
対象ブックにある「TestMacro1」をマクロ実行する

ーー引数のマクロを実行させます
対象ブックにある「TestMacro2」を｛「こんにちは!」｝で、マクロ実行する

対象ブックを閉じる
エクセルのワークブック一覧の個数が0なら、エクセルを終了する","ーー// エクセルのマクロ実行 //
ーーワークブックに作成されたマクロを実行します
ーーあらかじめVisual Basic Editorなどでワークブックに
ーーマクロを作成する必要があります。

エクセルを起動する
エクセルで「マクロ.xlsm」を開く
対象ブックは、エクセルの選択ブック

ーーマクロを実行させます
対象ブックにある「---」をマクロ実行する

ーー引数のマクロを実行させます
対象ブックにある「---」を｛「こんにちは!」｝で、マクロ実行する

対象ブックを閉じる
エクセルのワークブック一覧の個数が0なら、エクセルを終了する"
4,3,C,入力値検証.rdr,"// 入力値の検証(バリデーション) //
登録画面を表示する
待機する

登録画面とは
	ウィンドウを継承する

	はじめの手順
		初期化する
	終わり

	初期化する手順
ーー//この手順は自動生成されたものです
ーー//編集しないでください
	この内部領域大きさを｛284、240｝に変える
	この種類を「固定」に変える
	この最大化ボタンを×に変える
	この最小化ボタンを×に変える
	この初期位置を「中央」に変える
	この内容を「登録画面 (値検証のテスト)」に変える
	このドラッグドロップを○に変える
	ラベル4というラベルを作る
		その内容を「名前(ふりがな)」に変える
		その移動順を6に変える
		その位置と大きさを｛24、140、75、12｝に変える
	""ふりがな欄""というテキストを作る
		その内容を「ぷろでる」に変える
		その移動順を7に変える
		その位置と大きさを｛113、137、150、19｝に変える
	ラベル3というラベルを作る
		その内容を「郵便番号(&P)」に変える
		その移動順を4に変える
		その位置と大きさを｛24、105、68、12｝に変える
	""郵便番号欄""というテキストを作る
		その内容を「123-1234」に変える
		その移動順を5に変える
		その位置と大きさを｛113、102、150、19｝に変える
	キャンセルボタンというボタンを作る
		その内容を「キャンセル」に変える
		その移動順を9に変える
		その位置と大きさを｛188、198、75、23｝に変える
	OKボタンというボタンを作る
		その内容を「OK」に変える
		その移動順を8に変える
		その位置と大きさを｛100、198、75、23｝に変える
	ラベル2というラベルを作る
		その内容を「電話番号(&T)」に変える
		その移動順を2に変える
		その位置と大きさを｛24、67、68、12｝に変える
	ラベル1というラベルを作る
		その内容を「メールアドレス(&E)」に変える
		その移動順を3に変える
		その位置と大きさを｛24、33、84、12｝に変える
	""電話番号欄""というテキストを作る
		その内容を「03-1234-1234」に変える
		その移動順を3に変える
		その位置と大きさを｛113、64、150、19｝に変える
	メールアドレス欄というテキストを作る
		その内容を「a@abc.ne.jp」に変える
		その移動順を1に変える
		その位置と大きさを｛113、30、150、19｝に変える
	この決定ボタンをOKボタンに変える
	この取消ボタンをキャンセルボタンに変える
	この設計スケール比率を｛96,96｝に変える
終わり

	メールアドレス欄が検証する時の手順
		メールアドレス欄の内容の文字数が0なら、抜け出す
		正規表現によってメールアドレス欄の内容が「.+@.+\.」に合致しなければ
			メールアドレス欄へ「メールアドレスが不適切です」を指摘させる
			イベントのキャンセルは、○
		そして
	終わり
	メールアドレス欄が検証された時の手順
		メールアドレス欄へ無を指摘させる
	終わり
	電話番号欄が検証する時の手順
		電話番号欄の内容の文字数が0なら、抜け出す
		正規表現によって電話番号欄の内容が「\d+\-\d+\-\d+」に合致しなければ
			電話番号欄へ「電話番号が不適切です」を指摘させる
			イベントのキャンセルは、○
		そして
	終わり
	電話番号欄が検証された時の手順
		電話番号欄へ無を指摘させる
	終わり
	郵便番号欄が検証する時の手順
		郵便番号欄の内容の文字数が0なら、抜け出す
		正規表現によって郵便番号欄の内容が「\d{3}-\d{4}」に合致しなければ
			郵便番号欄へ「郵便番号が不適切です」を指摘させる
			イベントのキャンセルは、○
		そして
	終わり
	郵便番号欄が検証された時の手順
		郵便番号欄へ無を指摘させる
	終わり
	ふりがな欄が検証する時の手順
		ふりがな欄の内容の文字数が0なら、抜け出す
		正規表現によってふりがな欄の内容が「^[[]あ-を[]]+$」に合致しなければ
			ふりがな欄へ「ふりがなが不適切です」を指摘させる
			イベントのキャンセルは、○
		そして
	終わり
	ふりがな欄が検証された時の手順
		ふりがな欄へ無を指摘させる
	終わり
	
	OKボタンがクリックされた時の手順
		閉じる
	終わり

	キャンセルボタンがクリックされた時の手順
		閉じる
	終わり

終わり","以下は、制御構文に関わる語句を「---」に置換したコードです。

// 入力値の検証(バリデーション) //
登録画面を表示する
待機する

登録画面とは
    ウィンドウを継承する

    はじめの手順
        初期化する
        --- 
    初期化する手順
ーー//この手順は自動生成されたものです
ーー//編集しないでください
        この内部領域大きさを｛284、240｝に変える
        この種類を「固定」に変える
        この最大化ボタンを×に変える
        この最小化ボタンを×に変える
        この初期位置を「中央」に変える
        この内容を「登録画面 (値検証のテスト)」に変える
        このドラッグドロップを○に変える
        ラベル4というラベルを作る
            その内容を「名前(ふりがな)」に変える
            その移動順を6に変える
            その位置と大きさを｛24、140、75、12｝に変える
        ""ふりがな欄""というテキストを作る
            その内容を「ぷろでる」に変える
            その移動順を7に変える
            その位置と大きさを｛113、137、150、19｝に変える
        ラベル3というラベルを作る
            その内容を「郵便番号(&P)」に変える
            その移動順を4に変える
            その位置と大きさを｛24、105、68、12｝に変える
        ""郵便番号欄""というテキストを作る
            その内容を「123-1234」に変える
            その移動順を5に変える
            その位置と大きさを｛113、102、150、19｝に変える
        キャンセルボタンというボタンを作る
            その内容を「キャンセル」に変える
            その移動順を9に変える
            その位置と大きさを｛188、198、"
4,3,C,枝を利用した模様.rdr,"ーー 枝を利用した模様 ーー
窓というウィンドウを作る
窓の内容は「枝を利用した模様」
窓の背景色は、白

かめさんというカメを作る
かめさんを窓に表示する
かめさんの位置は｛140,130｝

４回、繰り返す
	かめさんが１８０だけ７回３００度、枝
	かめさんを９０だけ右へ回転させる
そして

窓を表示する
待機する","ーー 枝を利用した模様 ーー
窓というウィンドウを作る
窓の内容は「枝を利用した模様」
窓の背景色は、白

かめさんというカメを作る
かめさんを窓に表示する
かめさんの位置は｛140,130｝

----繰り返す----
    かめさんが１８０だけ７回３００度、枝
    かめさんを９０だけ右へ回転させる
----
----繰り返す----
    かめさんが１８０だけ７回３００度、枝
    かめさんを９０だけ右へ回転させる
----
----繰り返す----
    かめさんが１８０だけ７回３００度、枝
    かめさんを９０だけ右へ回転させる
----
----繰り返す----
    かめさんが１８０だけ７回３００度、枝
    かめさんを９０だけ右へ回転させる
----。

窓を表示する
待機する"
4,3,C,渦巻き.rdr,"ーー 渦巻きを描く ーー

窓としてウィンドウを作る
	その内容は「渦巻きを描く」
	それを表示する

かめさんというカメを作る
	その位置は｛30,220｝
かめさんを窓に表示する
かめさんの向きは0

長さは200

繰り返す
	長さが１０以下なら、繰り返しを抜け出す
	かめさんを前へ長さだけ進める
	かめさんを右へ８９度回転させる
	長さは、長さ－１
そして

待機する","ーー 渦巻きを描く ーー

窓としてウィンドウを作る
    その内容は「---」
    それを表示する

かめさんというカメを作る
    その位置は｛30,220｝
かめさんを窓に表示する
かめさんの向きは0

長さは200

--- 
    長さが１０以下なら、---を抜け出す
    かめさんを前へ長さだけ進める
    かめさんを右へ８９度回転させる
    長さは、長さ－１
そして"
4,3,C,風車.rdr,"﻿//風車//
窓というウィンドウを作る
窓の内容は「かめ」
窓の背景色は「白」
窓を表示する

かめさんというカメを作る
かめさんの位置は｛100,100｝
かめさんを窓に表示する
かめさんの速さは2

//ここにプログラムを書きましょう
かめさんの色は「#80FFFF」
かめさんの太さは5


8回、繰り返す
	かめさんを150度、回転させる
	かめさんを100だけ、進める
	かめさんを150度、回転させる
	かめさんを100だけ、進める
	かめさんを105度、回転させる
	かめさんを45だけ、進める
そして

待機する","assistant

//風車//
窓というウィンドウを作る
窓の内容は「かめ」
窓の背景色は「白」
窓を表示する

かめさんというカメを作る
かめさんの位置は｛100,100｝
かめさんを窓に表示する
かめさんの速さは2

//ここにプログラムを書きましょう
かめさんの色は「#80FFFF」
かめさんの太さは5"
4,4,D,かえるの歌.rdr,"「ド4レミファ　ミレド2
ミ4ファソラ　ソファミ2
ド4休ド休　　ド休ド休
ド8ドレレ　　ミミファファ
ミ4レド2」を演奏する","コード:
「---4---　---レ---　
---4---　---ファ---
---4---　　　---休---
---8---　　　---レレ---
---4---　---レド---"
4,4,D,コッホ.rdr,"ーー コッホを描く ーー

窓というウィンドウを作る
	その内容は「コッホを描く」
窓を表示する
ピクチャー１というピクチャーを窓に作る
	その位置と大きさは｛0,0,300,300｝

かめさんというカメを作る
かめさんを窓のピクチャー１に表示する

次数は4
長さは2
かめさんの位置は{150，180}
かめさんの向きは0
３回、数に１からカウントして繰り返す
	（次数）回、長さで、コッホを描く
	かめさんを左へ１２０度回転させる
そして

待機する

【次数】回、【長さ】で、コッホを、描く手順
	次数が０なら
		かめさんを前へ長さだけ進める
	他なら
		次数－１回、長さで、コッホを描く
		かめさんを右へ６０度回転させる
		次数－１回、長さで、コッホを描く
		かめさんを左へ１２０度回転させる
		次数－１回、長さで、コッホを描く
		かめさんを右へ６０度回転させる
		次数－１回、長さで、コッホを描く
	そして
終わり","ーー コッホを描く ーー

窓というウィンドウを作る
　その内容は「コッホを描く」
窓を表示する
ピクチャー１というピクチャーを窓に作る
　その位置と大きさは｛0,0,300,300｝

かめさんというカメを作る
かめさんを窓のピクチャー１に表示する

次数は4
長さは2
かめさんの位置は{150，180}
かめさんの向きは0
３回、数に１からカウントして繰り返す
　（次数）回、長さで、コッホを描く
　かめさんを左へ１２０度回転させる
そして

待機する

【次数】回、【長さ】で、コッホを、描く手順
　次数が０なら
　　　かめさんを前へ長さだけ進める
　他なら
　　　次数－１回、長さで、コッホを描く
　　　かめさんを右へ６０度回転させる
　　　次数－１回、長さで、コッホを描く
　　　かめさんを左へ１２０度回転させる
　　　次数－１回、長さで、コッホを描く
　　　かめさんを右へ６０度回転させる
　　　次数－１回、長さで、コッホを描く
　そして
終わり"
4,4,D,テキスト検索.rdr,"// テキスト検索 //
//フォルダ内のテキストファイルからキーワード検索するプログラム
メイン画面を表示する
待機する

メイン画面とは
ウィンドウを継承する

はじめ手順
	初期化する
	この決定ボタンは、検索ボタン
	フォルダ場所欄の内容は、プログラムのフォルダ
終わり

初期化する手順
//この手順は自動生成されたものです
//編集しないでください
	この内容は「テキスト検索」
	このドラッグドロップは○
	この位置と大きさは｛15，15，506，345｝
	この内部領域大きさは｛498，311｝
	参照ボタンというボタンを作る
		その内容は「...」
		その移動順は7
		その位置と大きさは｛432，15，23，23｝
		その位置固定方向は「右＋上」
	フォルダ場所欄というテキストを作る
		その移動順は6
		その位置と大きさは｛107，19，319，19｝
		その位置固定方向は「右＋左＋上」
	ラベル2というラベルを作る
		その内容は「フォルダの場所(&F)」
		その移動順は5
		その位置と大きさは｛12，22，89，12｝
	リストビュー1というリストビューを作る
		その移動順は4
		その位置と大きさは｛12，91，474，189｝
		そのフォントサイズは11
		その位置固定方向は「右＋左＋下＋上」
		その表示方法は「詳細」
		その全列選択は○
		その見出し一覧は｛「ファイル名」，「場所」，「文字位置」｝
		その見出し幅は｛174，117，106｝
		そのタイルサイズは｛0，0｝
	検索ボタンというボタンを作る
		その内容は「検索」
		その移動順は3
		その位置と大きさは｛380，50，75，23｝
		その位置固定方向は「右＋上」
	キーワード欄というテキストを作る
		その移動順は2
		その位置と大きさは｛73，52，301，19｝
		その位置固定方向は「右＋左＋上」
	ラベル1というラベルを作る
		その内容は「キーワード」
		その移動順は1
		その位置と大きさは｛14，55，53，12｝
	ステータスバー1というステータスバーを作る
		その内容は「ステータスバー1」
		その移動順は8
		その位置と大きさは｛0，289，498，22｝
		状態ラベルという状況ラベル部品をステータスバー1へ作る
			その文字配置は「左」
			その引き伸ばしは○
	この設計スケール比率は｛96,96｝
終わり

検索ボタンがクリックされた時の手順
	対象フォルダは、フォルダ場所欄の内容
	キーワードは、キーワード欄の内容

	検索ボタンの使用可能は×
	状態ラベルの内容は「検索中...」
	0秒待つ
	一覧は、対象フォルダのファイルの全一覧
	リストビュー1を更新開始する
	リストビュー1をすべて消す
	一覧のすべてのファイル名についてそれぞれ繰り返す
		ファイル名の拡張子だけが「exe」なら、繰り返しを続ける
		【内容】は（対象フォルダのフォルダだけ）＆ファイル名から読み込んだもの
		内容が無なら、繰り返しを続ける
		文字位置は、内容:キーワードを探したもの
		文字位置が0でないなら
			項目は、ファイル名のファイル名だけをリストビュー1に加えたもの
			項目の詳細は｛ファイル名のフォルダだけ、文字位置、（対象フォルダのフォルダだけ）＆ファイル名｝
		そして
	そして
	リストビュー1を更新終了する
	検索ボタンの使用可能は○
	リストビュー1の個数が0なら
		状態ラベルの内容は「見つかりません」
	でなければ
		状態ラベルの内容は「[リストビュー1の個数]件、見つかりました」
	そして
終わり

参照ボタンがクリックされた時の手順
	フォルダ選択画面のフォルダ名は、フォルダ場所欄の内容
	フォルダ選択画面を表示する
	フォルダ選択画面のキャンセルなら抜け出す
	フォルダ場所欄の内容は、フォルダ選択画面のフォルダ名
終わり


リストビュー1がダブルクリックされた時の手順
	配列は、リストビュー１の選択項目の詳細
	ファイル名は、配列（4）
	「explorer」を「/select,""［ファイル名］""」として起動する
終わり

終わり

プレビュー画面とは
ウィンドウを継承する

はじめ手順
	初期化する
終わり

初期化する手順
//この手順は自動生成されたものです
//編集しないでください
	この内容は「プレビュー画面」
	このドラッグドロップは○
	この位置と大きさは｛15，15，300，300｝
文章テキスト1という文章テキストを作る
	その位置と大きさは｛0，0，292，266｝
	その文字サイズは14
	そのドッキング方向は「全体」
終わり

[自分]で、[ファイル名]を、開く手順
	【内容】は（ファイル名から読み込んだもの）
	内容は、内容で（13のキャラクタ）を改行へ置き換えたもの
	文章テキスト1の内容は、内容
終わり

終わり","【タスク: カテゴリD（応用・データ操作）に基づく空欄化】
以下の高度なデータ操作に関わる語句を「---」に置換してください。それ以外は変更しないでください。

1. 配列・辞書操作
2. 数値・データ保存（乱数、保存など）
3. その他: 関数、それ、対象、JSON、CSV"
4,4,D,バイナリファイル.rdr,"ーーバイナリファイルの読み込みと書き込み
ファイル名は「［デスクトップ］データ.bin」

ーーバイナリ操作でファイルを作成する
書き込みデータというバイナリファイルを作る
書き込みデータにファイル名を書き込み専用で開く
書き込みデータへ65を書き込む
書き込みデータへ｛66,66,68｝を一括で書き込む
書き込みデータを閉じる

ーーバイナリ操作でファイルを読み込む
読み込みファイルというバイナリファイルを作る
読み込みファイルへファイル名を読み取り専用で開く
（読み込みファイルから読み取ったもの）を表示する
読み込みファイルを閉じる","ーーバイナリファイルの読み込みと書き込み
ファイル名は「［デスクトップ］---.bin」

ーーバイナリ操作でファイルを作成する
書き込みデータというバイナリファイルを作る
書き込みデータにファイル名を書き込み専用で開く
書き込みデータへ65を書き込む
書き込みデータへ｛66,66,68｝を一括で書き込む
書き込みデータを閉じる

ーーバイナリ操作でファイルを読み込む
読み込みファイルというバイナリファイルを作る
読み込みファイルへファイル名を読み取り専用で開く
（読み込みファイルから読み取ったもの）を表示する
読み込みファイルを閉じる"
4,4,D,マウスイベント手順.rdr,"// マウスイベントの例 //
メイン画面を表示する
色番号は0
待機する

メイン画面とは

ウィンドウを継承する
	はじめ手順
		初期化する
		明るさは0
	終わり

	初期化する手順
	//この手順は自動生成されたものです
	//編集しないでください
	この内容は「マウスイベント手順」
	このドラッグドロップは○
	この内部領域大きさは｛300，300｝
ピクチャー1というピクチャーを作る
	その位置と大きさは｛123，88，39，37｝
	その背景色は「Red」
	この設計スケール比率は｛96,96｝
終わり

マウスカーソルが移動した時の手順
	ピクチャー1の横は、イベントの横座標-(ピクチャー1の幅÷2)
	ピクチャー1の縦は、イベントの縦座標-(ピクチャー1の高さ÷2)
終わり
マウスのホイールが移動した時の手順
	明るさにイベントのホイール移動量÷6を足す
	明るさが255以上なら、明るさは255
	明るさが0以下なら、明るさは0
	ピクチャー1の背景色は、RGB（｛255,明るさ,明るさ｝）
終わり
ピクチャー1がマウスのボタンが押された時の手順
	イベントのボタンが「左ボタン」なら
		ピクチャー1の背景色は「青」
	他でイベントのボタンが「右ボタン」なら
		ピクチャー1の背景色は「緑」
	そして
終わり
終わり","// マウスイベントの例 //
メイン画面を表示する
色番号は0
待機する

メイン画面とは

ウィンドウを継承する
    はじめ手順
        初期化する
        明るさは0
        終わり

        初期化する手順
        //この手順は自動生成されたものです
        //編集しないでください
        この内容は「マウスイベント手順」
        このドラッグドロップは○
        この内部領域大きさは｛300，300｝
ピクチャー1というピクチャーを作る
        その位置と大きさは｛123，88，39，37｝
        その背景色は「Red」
        この設計スケール比率は｛96,96｝
終わり

マウスカーソルが移動した時の手順
        ピクチャー1の横は、イベントの横座標-(ピクチャー1の幅÷2)
        ピクチャー1の縦は、イベントの縦座標-(ピクチャー1の高さ÷2)
終わり
マウスのホイールが移動した時の手順
        明るさにイベントのホイール移動量÷6を足す
        明るさが255以上なら、明るさは255
        明るさが0以下なら、明るさは0
        ピクチャー1の背景色は、RGB（｛255,明るさ,明るさ｝）
終わり
ピクチャー1がマウスのボタンが押された時の手順
        イベントのボタンが「左ボタン」なら
        ピクチャー1の背景色は「青」
        他でイベントのボタンが「右ボタン」なら
        ピクチャー1の背景色は「緑」
        そして
終わり"
4,4,D,マクロの実行.rdr,"ーー// エクセルのマクロ実行 //
ーーワークブックに作成されたマクロを実行します
ーーあらかじめVisual Basic Editorなどでワークブックに
ーーマクロを作成する必要があります。

エクセルを起動する
エクセルで「マクロ.xlsm」を開く
対象ブックは、エクセルの選択ブック

ーーマクロを実行させます
対象ブックにある「TestMacro1」をマクロ実行する

ーー引数のマクロを実行させます
対象ブックにある「TestMacro2」を｛「こんにちは!」｝で、マクロ実行する

対象ブックを閉じる
エクセルのワークブック一覧の個数が0なら、エクセルを終了する","ーー// エクセルのマクロ実行 //
ーーワークブックに作成されたマクロを実行します
ーーあらかじめVisual Basic Editorなどでワークブックに
ーーマクロを作成する必要があります。

エクセルを起動する
エクセルで「---」を開く
対象ブックは、エクセルの選択ブック

ーーマクロを実行させます
対象ブックにある「---」を---で、マクロ実行する

ーー引数のマクロを実行させます
対象ブックにある「---」を｛「こんにちは!」｝で、マクロ実行する

対象ブックを閉じる
エクセルのワークブック一覧の個数が0なら、エクセルを終了する"
4,4,D,入力値検証.rdr,"// 入力値の検証(バリデーション) //
登録画面を表示する
待機する

登録画面とは
	ウィンドウを継承する

	はじめの手順
		初期化する
	終わり

	初期化する手順
ーー//この手順は自動生成されたものです
ーー//編集しないでください
	この内部領域大きさを｛284、240｝に変える
	この種類を「固定」に変える
	この最大化ボタンを×に変える
	この最小化ボタンを×に変える
	この初期位置を「中央」に変える
	この内容を「登録画面 (値検証のテスト)」に変える
	このドラッグドロップを○に変える
	ラベル4というラベルを作る
		その内容を「名前(ふりがな)」に変える
		その移動順を6に変える
		その位置と大きさを｛24、140、75、12｝に変える
	""ふりがな欄""というテキストを作る
		その内容を「ぷろでる」に変える
		その移動順を7に変える
		その位置と大きさを｛113、137、150、19｝に変える
	ラベル3というラベルを作る
		その内容を「郵便番号(&P)」に変える
		その移動順を4に変える
		その位置と大きさを｛24、105、68、12｝に変える
	""郵便番号欄""というテキストを作る
		その内容を「123-1234」に変える
		その移動順を5に変える
		その位置と大きさを｛113、102、150、19｝に変える
	キャンセルボタンというボタンを作る
		その内容を「キャンセル」に変える
		その移動順を9に変える
		その位置と大きさを｛188、198、75、23｝に変える
	OKボタンというボタンを作る
		その内容を「OK」に変える
		その移動順を8に変える
		その位置と大きさを｛100、198、75、23｝に変える
	ラベル2というラベルを作る
		その内容を「電話番号(&T)」に変える
		その移動順を2に変える
		その位置と大きさを｛24、67、68、12｝に変える
	ラベル1というラベルを作る
		その内容を「メールアドレス(&E)」に変える
		その移動順を3に変える
		その位置と大きさを｛24、33、84、12｝に変える
	""電話番号欄""というテキストを作る
		その内容を「03-1234-1234」に変える
		その移動順を3に変える
		その位置と大きさを｛113、64、150、19｝に変える
	メールアドレス欄というテキストを作る
		その内容を「a@abc.ne.jp」に変える
		その移動順を1に変える
		その位置と大きさを｛113、30、150、19｝に変える
	この決定ボタンをOKボタンに変える
	この取消ボタンをキャンセルボタンに変える
	この設計スケール比率を｛96,96｝に変える
終わり

	メールアドレス欄が検証する時の手順
		メールアドレス欄の内容の文字数が0なら、抜け出す
		正規表現によってメールアドレス欄の内容が「.+@.+\.」に合致しなければ
			メールアドレス欄へ「メールアドレスが不適切です」を指摘させる
			イベントのキャンセルは、○
		そして
	終わり
	メールアドレス欄が検証された時の手順
		メールアドレス欄へ無を指摘させる
	終わり
	電話番号欄が検証する時の手順
		電話番号欄の内容の文字数が0なら、抜け出す
		正規表現によって電話番号欄の内容が「\d+\-\d+\-\d+」に合致しなければ
			電話番号欄へ「電話番号が不適切です」を指摘させる
			イベントのキャンセルは、○
		そして
	終わり
	電話番号欄が検証された時の手順
		電話番号欄へ無を指摘させる
	終わり
	郵便番号欄が検証する時の手順
		郵便番号欄の内容の文字数が0なら、抜け出す
		正規表現によって郵便番号欄の内容が「\d{3}-\d{4}」に合致しなければ
			郵便番号欄へ「郵便番号が不適切です」を指摘させる
			イベントのキャンセルは、○
		そして
	終わり
	郵便番号欄が検証された時の手順
		郵便番号欄へ無を指摘させる
	終わり
	ふりがな欄が検証する時の手順
		ふりがな欄の内容の文字数が0なら、抜け出す
		正規表現によってふりがな欄の内容が「^[[]あ-を[]]+$」に合致しなければ
			ふりがな欄へ「ふりがなが不適切です」を指摘させる
			イベントのキャンセルは、○
		そして
	終わり
	ふりがな欄が検証された時の手順
		ふりがな欄へ無を指摘させる
	終わり
	
	OKボタンがクリックされた時の手順
		閉じる
	終わり

	キャンセルボタンがクリックされた時の手順
		閉じる
	終わり

終わり","// 入力値の検証(バリデーション) //
登録画面を表示する
待機する"
4,4,D,枝を利用した模様.rdr,"ーー 枝を利用した模様 ーー
窓というウィンドウを作る
窓の内容は「枝を利用した模様」
窓の背景色は、白

かめさんというカメを作る
かめさんを窓に表示する
かめさんの位置は｛140,130｝

４回、繰り返す
	かめさんが１８０だけ７回３００度、枝
	かめさんを９０だけ右へ回転させる
そして

窓を表示する
待機する","ーー ---を利用した模様 ーー
窓という---を作る
窓の内容は「---」
窓の背景色は、白

かめさんという---を作る
かめさんを窓に表示する
かめさんの位置は｛140,130｝

４回、繰り返す
	かめさんが１８０だけ７回３００度、---
	かめさんを９０だけ右へ回転させる
そして

窓を表示する
待機する"
4,4,D,渦巻き.rdr,"ーー 渦巻きを描く ーー

窓としてウィンドウを作る
	その内容は「渦巻きを描く」
	それを表示する

かめさんというカメを作る
	その位置は｛30,220｝
かめさんを窓に表示する
かめさんの向きは0

長さは200

繰り返す
	長さが１０以下なら、繰り返しを抜け出す
	かめさんを前へ長さだけ進める
	かめさんを右へ８９度回転させる
	長さは、長さ－１
そして

待機する","ーー 渦巻きを描く ーー

窓としてウィンドウを作る
    その内容は「---」
    それを表示する

かめさんというカメを作る
    その位置は｛30,220｝
かめさんを窓に表示する
かめさんの向きは0

長さは200

繰り返す
    長さが１０以下なら、繰り返しを抜け出す
    かめさんを前へ長さだけ進める
    かめさんを右へ89度回転させる
    長さは、長さ－1
そして"
4,4,D,風車.rdr,"﻿//風車//
窓というウィンドウを作る
窓の内容は「かめ」
窓の背景色は「白」
窓を表示する

かめさんというカメを作る
かめさんの位置は｛100,100｝
かめさんを窓に表示する
かめさんの速さは2

//ここにプログラムを書きましょう
かめさんの色は「#80FFFF」
かめさんの太さは5


8回、繰り返す
	かめさんを150度、回転させる
	かめさんを100だけ、進める
	かめさんを150度、回転させる
	かめさんを100だけ、進める
	かめさんを105度、回転させる
	かめさんを45だけ、進める
そして

待機する",assistant
4,5,E,かえるの歌.rdr,"「ド4レミファ　ミレド2
ミ4ファソラ　ソファミ2
ド4休ド休　　ド休ド休
ド8ドレレ　　ミミファファ
ミ4レド2」を演奏する","「---4---　---2
---4---　---2
---4---　　　---4---
---8---　　　---ファファ
---4---2」"
4,5,E,コッホ.rdr,"ーー コッホを描く ーー

窓というウィンドウを作る
	その内容は「コッホを描く」
窓を表示する
ピクチャー１というピクチャーを窓に作る
	その位置と大きさは｛0,0,300,300｝

かめさんというカメを作る
かめさんを窓のピクチャー１に表示する

次数は4
長さは2
かめさんの位置は{150，180}
かめさんの向きは0
３回、数に１からカウントして繰り返す
	（次数）回、長さで、コッホを描く
	かめさんを左へ１２０度回転させる
そして

待機する

【次数】回、【長さ】で、コッホを、描く手順
	次数が０なら
		かめさんを前へ長さだけ進める
	他なら
		次数－１回、長さで、コッホを描く
		かめさんを右へ６０度回転させる
		次数－１回、長さで、コッホを描く
		かめさんを左へ１２０度回転させる
		次数－１回、長さで、コッホを描く
		かめさんを右へ６０度回転させる
		次数－１回、長さで、コッホを描く
	そして
終わり","ーー コッホを描く ーー

窓というウィンドウを作る
　　その内容は「---を描く」
窓を表示する
ピクチャー１というピクチャーを窓に作る
　　その位置と大きさは｛0,0,300,300｝

かめさんというカメを作る
かめさんを窓のピクチャー１に表示する

次数は4
長さは2
かめさんの位置は{150，180}
かめさんの向きは0
３回、数に１からカウントして繰り返す
　　（次数）回、長さで、---を描く
　　かめさんを左へ１２０度回転させる
そして

待機する

【次数】回、【長さ】で、---を、描く手順
　　次数が０なら
　　　　かめさんを前へ長さだけ進める
　　他なら
　　　　次数－１回、長さで、---を描く
　　　　かめさんを右へ６０度回転させる
　　　　次数－１回、長さで、---を描く
　　　　かめさんを左へ１２０度回転させる
　　　　次数－１回、長さで、---を描く
　　　　かめさんを右へ６０度回転させる
　　　　次数－１回、長さで、---を描く
　　そして
終わり"
4,5,E,テキスト検索.rdr,"// テキスト検索 //
//フォルダ内のテキストファイルからキーワード検索するプログラム
メイン画面を表示する
待機する

メイン画面とは
ウィンドウを継承する

はじめ手順
	初期化する
	この決定ボタンは、検索ボタン
	フォルダ場所欄の内容は、プログラムのフォルダ
終わり

初期化する手順
//この手順は自動生成されたものです
//編集しないでください
	この内容は「テキスト検索」
	このドラッグドロップは○
	この位置と大きさは｛15，15，506，345｝
	この内部領域大きさは｛498，311｝
	参照ボタンというボタンを作る
		その内容は「...」
		その移動順は7
		その位置と大きさは｛432，15，23，23｝
		その位置固定方向は「右＋上」
	フォルダ場所欄というテキストを作る
		その移動順は6
		その位置と大きさは｛107，19，319，19｝
		その位置固定方向は「右＋左＋上」
	ラベル2というラベルを作る
		その内容は「フォルダの場所(&F)」
		その移動順は5
		その位置と大きさは｛12，22，89，12｝
	リストビュー1というリストビューを作る
		その移動順は4
		その位置と大きさは｛12，91，474，189｝
		そのフォントサイズは11
		その位置固定方向は「右＋左＋下＋上」
		その表示方法は「詳細」
		その全列選択は○
		その見出し一覧は｛「ファイル名」，「場所」，「文字位置」｝
		その見出し幅は｛174，117，106｝
		そのタイルサイズは｛0，0｝
	検索ボタンというボタンを作る
		その内容は「検索」
		その移動順は3
		その位置と大きさは｛380，50，75，23｝
		その位置固定方向は「右＋上」
	キーワード欄というテキストを作る
		その移動順は2
		その位置と大きさは｛73，52，301，19｝
		その位置固定方向は「右＋左＋上」
	ラベル1というラベルを作る
		その内容は「キーワード」
		その移動順は1
		その位置と大きさは｛14，55，53，12｝
	ステータスバー1というステータスバーを作る
		その内容は「ステータスバー1」
		その移動順は8
		その位置と大きさは｛0，289，498，22｝
		状態ラベルという状況ラベル部品をステータスバー1へ作る
			その文字配置は「左」
			その引き伸ばしは○
	この設計スケール比率は｛96,96｝
終わり

検索ボタンがクリックされた時の手順
	対象フォルダは、フォルダ場所欄の内容
	キーワードは、キーワード欄の内容

	検索ボタンの使用可能は×
	状態ラベルの内容は「検索中...」
	0秒待つ
	一覧は、対象フォルダのファイルの全一覧
	リストビュー1を更新開始する
	リストビュー1をすべて消す
	一覧のすべてのファイル名についてそれぞれ繰り返す
		ファイル名の拡張子だけが「exe」なら、繰り返しを続ける
		【内容】は（対象フォルダのフォルダだけ）＆ファイル名から読み込んだもの
		内容が無なら、繰り返しを続ける
		文字位置は、内容:キーワードを探したもの
		文字位置が0でないなら
			項目は、ファイル名のファイル名だけをリストビュー1に加えたもの
			項目の詳細は｛ファイル名のフォルダだけ、文字位置、（対象フォルダのフォルダだけ）＆ファイル名｝
		そして
	そして
	リストビュー1を更新終了する
	検索ボタンの使用可能は○
	リストビュー1の個数が0なら
		状態ラベルの内容は「見つかりません」
	でなければ
		状態ラベルの内容は「[リストビュー1の個数]件、見つかりました」
	そして
終わり

参照ボタンがクリックされた時の手順
	フォルダ選択画面のフォルダ名は、フォルダ場所欄の内容
	フォルダ選択画面を表示する
	フォルダ選択画面のキャンセルなら抜け出す
	フォルダ場所欄の内容は、フォルダ選択画面のフォルダ名
終わり


リストビュー1がダブルクリックされた時の手順
	配列は、リストビュー１の選択項目の詳細
	ファイル名は、配列（4）
	「explorer」を「/select,""［ファイル名］""」として起動する
終わり

終わり

プレビュー画面とは
ウィンドウを継承する

はじめ手順
	初期化する
終わり

初期化する手順
//この手順は自動生成されたものです
//編集しないでください
	この内容は「プレビュー画面」
	このドラッグドロップは○
	この位置と大きさは｛15，15，300，300｝
文章テキスト1という文章テキストを作る
	その位置と大きさは｛0，0，292，266｝
	その文字サイズは14
	そのドッキング方向は「全体」
終わり

[自分]で、[ファイル名]を、開く手順
	【内容】は（ファイル名から読み込んだもの）
	内容は、内容で（13のキャラクタ）を改行へ置き換えたもの
	文章テキスト1の内容は、内容
終わり

終わり","// テキスト検索 //
//フォルダ内のテキストファイルからキーワード検索するプログラム
メイン画面を表示する
待機する"
4,5,E,バイナリファイル.rdr,"ーーバイナリファイルの読み込みと書き込み
ファイル名は「［デスクトップ］データ.bin」

ーーバイナリ操作でファイルを作成する
書き込みデータというバイナリファイルを作る
書き込みデータにファイル名を書き込み専用で開く
書き込みデータへ65を書き込む
書き込みデータへ｛66,66,68｝を一括で書き込む
書き込みデータを閉じる

ーーバイナリ操作でファイルを読み込む
読み込みファイルというバイナリファイルを作る
読み込みファイルへファイル名を読み取り専用で開く
（読み込みファイルから読み取ったもの）を表示する
読み込みファイルを閉じる","ーーバイナリファイルの読み込みと書き込み
ファイル名は「［デスクトップ］データ.bin」

ーーバイナリ操作でファイルを作成する
書き込みデータというバイナリファイルを作る
書き込みデータにファイル名を書き込み専用で開く
書き込みデータへ65を書き込む
書き込みデータへ｛66,66,68｝を一括で書き込む
書き込みデータを閉じる

ーーバイナリ操作でファイルを読み込む
読み込みファイルというバイナリファイルを作る
読み込みファイルへファイル名を読み取り専用で開く
--- を表示する
読み込みファイルを閉じる"
4,5,E,マウスイベント手順.rdr,"// マウスイベントの例 //
メイン画面を表示する
色番号は0
待機する

メイン画面とは

ウィンドウを継承する
	はじめ手順
		初期化する
		明るさは0
	終わり

	初期化する手順
	//この手順は自動生成されたものです
	//編集しないでください
	この内容は「マウスイベント手順」
	このドラッグドロップは○
	この内部領域大きさは｛300，300｝
ピクチャー1というピクチャーを作る
	その位置と大きさは｛123，88，39，37｝
	その背景色は「Red」
	この設計スケール比率は｛96,96｝
終わり

マウスカーソルが移動した時の手順
	ピクチャー1の横は、イベントの横座標-(ピクチャー1の幅÷2)
	ピクチャー1の縦は、イベントの縦座標-(ピクチャー1の高さ÷2)
終わり
マウスのホイールが移動した時の手順
	明るさにイベントのホイール移動量÷6を足す
	明るさが255以上なら、明るさは255
	明るさが0以下なら、明るさは0
	ピクチャー1の背景色は、RGB（｛255,明るさ,明るさ｝）
終わり
ピクチャー1がマウスのボタンが押された時の手順
	イベントのボタンが「左ボタン」なら
		ピクチャー1の背景色は「青」
	他でイベントのボタンが「右ボタン」なら
		ピクチャー1の背景色は「緑」
	そして
終わり
終わり","// マウスイベントの例 //
メイン画面を表示する
色番号は0
待機する

メイン画面とは

ウィンドウを継承する
    はじめ手順
        初期化する
        明るさは0
        終わり

        初期化する手順
        //この手順は自動生成されたものです
        //編集しないでください
        この内容は「マウスイベント手順」
        このドラッグドロップは○
        この内部領域大きさは｛300，300｝
ピクチャー1というピクチャーを作る
        その位置と大きさは｛123，88，39，37｝
        その背景色は「Red」
        この設計スケール比率は｛96,96｝
終わり

マウスカーソルが移動した時の手順
        ピクチャー1の横は、イベントの横座標-(ピクチャー1の幅÷2)
        ピクチャー1の縦は、イベントの縦座標-(ピクチャー1の高さ÷2)
終わり
マウスのホイールが移動した時の手順
        明るさにイベントのホイール移動量÷6を足す
        明るさが255以上なら、明るさは255
        明るさが0以下なら、明るさは0
        ピクチャー1の背景色は、RGB（｛255,明るさ,明るさ｝）
終わり
ピクチャー1がマウスのボタンが押された時の手順
        イベントのボタンが「左ボタン」なら
            ピクチャー1の背景色は「青」
        他でイベントのボタンが「右ボタン」なら
            ピクチャー1の背景色は「緑」
        そして
終わり
終わり"
4,5,E,マクロの実行.rdr,"ーー// エクセルのマクロ実行 //
ーーワークブックに作成されたマクロを実行します
ーーあらかじめVisual Basic Editorなどでワークブックに
ーーマクロを作成する必要があります。

エクセルを起動する
エクセルで「マクロ.xlsm」を開く
対象ブックは、エクセルの選択ブック

ーーマクロを実行させます
対象ブックにある「TestMacro1」をマクロ実行する

ーー引数のマクロを実行させます
対象ブックにある「TestMacro2」を｛「こんにちは!」｝で、マクロ実行する

対象ブックを閉じる
エクセルのワークブック一覧の個数が0なら、エクセルを終了する","ーー// エクセルのマクロ実行 //
ーーワークブックに作成されたマクロを実行します
ーーあらかじめVisual Basic Editorなどでワークブックに
ーーマクロを作成する必要があります。

エクセルを起動する
エクセルで「マクロ.xlsm」を開く
対象ブックは、エクセルの選択ブック

ーーマクロを実行させます
対象ブックにある「---」をマクロ実行する

ーー引数のマクロを実行させます
対象ブックにある「---」を｛「こんにちは!」｝で、マクロ実行する

対象ブックを閉じる
エクセルのワークブック一覧の個数が0なら、エクセルを終了する"
4,5,E,入力値検証.rdr,"// 入力値の検証(バリデーション) //
登録画面を表示する
待機する

登録画面とは
	ウィンドウを継承する

	はじめの手順
		初期化する
	終わり

	初期化する手順
ーー//この手順は自動生成されたものです
ーー//編集しないでください
	この内部領域大きさを｛284、240｝に変える
	この種類を「固定」に変える
	この最大化ボタンを×に変える
	この最小化ボタンを×に変える
	この初期位置を「中央」に変える
	この内容を「登録画面 (値検証のテスト)」に変える
	このドラッグドロップを○に変える
	ラベル4というラベルを作る
		その内容を「名前(ふりがな)」に変える
		その移動順を6に変える
		その位置と大きさを｛24、140、75、12｝に変える
	""ふりがな欄""というテキストを作る
		その内容を「ぷろでる」に変える
		その移動順を7に変える
		その位置と大きさを｛113、137、150、19｝に変える
	ラベル3というラベルを作る
		その内容を「郵便番号(&P)」に変える
		その移動順を4に変える
		その位置と大きさを｛24、105、68、12｝に変える
	""郵便番号欄""というテキストを作る
		その内容を「123-1234」に変える
		その移動順を5に変える
		その位置と大きさを｛113、102、150、19｝に変える
	キャンセルボタンというボタンを作る
		その内容を「キャンセル」に変える
		その移動順を9に変える
		その位置と大きさを｛188、198、75、23｝に変える
	OKボタンというボタンを作る
		その内容を「OK」に変える
		その移動順を8に変える
		その位置と大きさを｛100、198、75、23｝に変える
	ラベル2というラベルを作る
		その内容を「電話番号(&T)」に変える
		その移動順を2に変える
		その位置と大きさを｛24、67、68、12｝に変える
	ラベル1というラベルを作る
		その内容を「メールアドレス(&E)」に変える
		その移動順を3に変える
		その位置と大きさを｛24、33、84、12｝に変える
	""電話番号欄""というテキストを作る
		その内容を「03-1234-1234」に変える
		その移動順を3に変える
		その位置と大きさを｛113、64、150、19｝に変える
	メールアドレス欄というテキストを作る
		その内容を「a@abc.ne.jp」に変える
		その移動順を1に変える
		その位置と大きさを｛113、30、150、19｝に変える
	この決定ボタンをOKボタンに変える
	この取消ボタンをキャンセルボタンに変える
	この設計スケール比率を｛96,96｝に変える
終わり

	メールアドレス欄が検証する時の手順
		メールアドレス欄の内容の文字数が0なら、抜け出す
		正規表現によってメールアドレス欄の内容が「.+@.+\.」に合致しなければ
			メールアドレス欄へ「メールアドレスが不適切です」を指摘させる
			イベントのキャンセルは、○
		そして
	終わり
	メールアドレス欄が検証された時の手順
		メールアドレス欄へ無を指摘させる
	終わり
	電話番号欄が検証する時の手順
		電話番号欄の内容の文字数が0なら、抜け出す
		正規表現によって電話番号欄の内容が「\d+\-\d+\-\d+」に合致しなければ
			電話番号欄へ「電話番号が不適切です」を指摘させる
			イベントのキャンセルは、○
		そして
	終わり
	電話番号欄が検証された時の手順
		電話番号欄へ無を指摘させる
	終わり
	郵便番号欄が検証する時の手順
		郵便番号欄の内容の文字数が0なら、抜け出す
		正規表現によって郵便番号欄の内容が「\d{3}-\d{4}」に合致しなければ
			郵便番号欄へ「郵便番号が不適切です」を指摘させる
			イベントのキャンセルは、○
		そして
	終わり
	郵便番号欄が検証された時の手順
		郵便番号欄へ無を指摘させる
	終わり
	ふりがな欄が検証する時の手順
		ふりがな欄の内容の文字数が0なら、抜け出す
		正規表現によってふりがな欄の内容が「^[[]あ-を[]]+$」に合致しなければ
			ふりがな欄へ「ふりがなが不適切です」を指摘させる
			イベントのキャンセルは、○
		そして
	終わり
	ふりがな欄が検証された時の手順
		ふりがな欄へ無を指摘させる
	終わり
	
	OKボタンがクリックされた時の手順
		閉じる
	終わり

	キャンセルボタンがクリックされた時の手順
		閉じる
	終わり

終わり","// 入力値の検証(バリデーション) //
登録画面を表示する
待機する"
4,5,E,枝を利用した模様.rdr,"ーー 枝を利用した模様 ーー
窓というウィンドウを作る
窓の内容は「枝を利用した模様」
窓の背景色は、白

かめさんというカメを作る
かめさんを窓に表示する
かめさんの位置は｛140,130｝

４回、繰り返す
	かめさんが１８０だけ７回３００度、枝
	かめさんを９０だけ右へ回転させる
そして

窓を表示する
待機する","ーー 枝を利用した模様 ーー
窓というウィンドウを作る
窓の内容は「---」
窓の背景色は、白

かめさんというカメを作る
かめさんを窓に表示する
かめさんの位置は｛140,130｝"
4,5,E,渦巻き.rdr,"ーー 渦巻きを描く ーー

窓としてウィンドウを作る
	その内容は「渦巻きを描く」
	それを表示する

かめさんというカメを作る
	その位置は｛30,220｝
かめさんを窓に表示する
かめさんの向きは0

長さは200

繰り返す
	長さが１０以下なら、繰り返しを抜け出す
	かめさんを前へ長さだけ進める
	かめさんを右へ８９度回転させる
	長さは、長さ－１
そして

待機する","ーー --- を描く ーー

窓としてウィンドウを作る
    その内容は「--- を描く」
    それを表示する

かめさんというカメを作る
    その位置は｛30,220｝
かめさんを窓に表示する
かめさんの向きは0

長さは200

繰り返す
    長さが１０以下なら、繰り返しを抜け出す
    かめさんを前へ長さだけ進める
    かめさんを右へ89度回転させる
    長さは、長さ－1
そして"
4,5,E,風車.rdr,"﻿//風車//
窓というウィンドウを作る
窓の内容は「かめ」
窓の背景色は「白」
窓を表示する

かめさんというカメを作る
かめさんの位置は｛100,100｝
かめさんを窓に表示する
かめさんの速さは2

//ここにプログラムを書きましょう
かめさんの色は「#80FFFF」
かめさんの太さは5


8回、繰り返す
	かめさんを150度、回転させる
	かめさんを100だけ、進める
	かめさんを150度、回転させる
	かめさんを100だけ、進める
	かめさんを105度、回転させる
	かめさんを45だけ、進める
そして

待機する","assistant

assistant"
8,1,A,かえるの歌.rdr,"「ド4レミファ　ミレド2
ミ4ファソラ　ソファミ2
ド4休ド休　　ド休ド休
ド8ドレレ　　ミミファファ
ミ4レド2」を演奏する","「---4---　---レ---　---レド2」
「---4---　---ファ---　---ファミ2」
「---4---　　---　　---」
「---8---　　---レレ　　---ファファ」
「---4---　---レド2」"
8,1,A,コッホ.rdr,"ーー コッホを描く ーー

窓というウィンドウを作る
	その内容は「コッホを描く」
窓を表示する
ピクチャー１というピクチャーを窓に作る
	その位置と大きさは｛0,0,300,300｝

かめさんというカメを作る
かめさんを窓のピクチャー１に表示する

次数は4
長さは2
かめさんの位置は{150，180}
かめさんの向きは0
３回、数に１からカウントして繰り返す
	（次数）回、長さで、コッホを描く
	かめさんを左へ１２０度回転させる
そして

待機する

【次数】回、【長さ】で、コッホを、描く手順
	次数が０なら
		かめさんを前へ長さだけ進める
	他なら
		次数－１回、長さで、コッホを描く
		かめさんを右へ６０度回転させる
		次数－１回、長さで、コッホを描く
		かめさんを左へ１２０度回転させる
		次数－１回、長さで、コッホを描く
		かめさんを右へ６０度回転させる
		次数－１回、長さで、コッホを描く
	そして
終わり","ーー --- を描く ーー

窓というウィンドウを作る
	その内容は「--- を描く」
窓を表示する
ピクチャー１というピクチャーを窓に作る
	その位置と大きさは｛0,0,300,300｝

かめさんというカメを作る
かめさんを窓のピクチャー１に表示する

次数は4
長さは2
かめさんの位置は{150，180}
かめさんの向きは0
３回、数に１からカウントして繰り返す
	（次数）回、長さで、--- を描く
	かめさんを左へ１２０度回転させる
そして

待機する

【次数】回、【長さ】で、--- を、描く手順
	次数が０なら
		かめさんを前へ長さだけ進める
	他なら
		次数－１回、長さで、--- を描く
		かめさんを右へ６０度回転させる
		次数－１回、長さで、--- を描く
		かめさんを左へ１２０度回転させる
		次数－１回、長さで、--- を描く
		かめさんを右へ６０度回転させる
		次数－１回、長さで、--- を描く
	そして
終わり"
8,1,A,テキスト検索.rdr,"// テキスト検索 //
//フォルダ内のテキストファイルからキーワード検索するプログラム
メイン画面を表示する
待機する

メイン画面とは
ウィンドウを継承する

はじめ手順
	初期化する
	この決定ボタンは、検索ボタン
	フォルダ場所欄の内容は、プログラムのフォルダ
終わり

初期化する手順
//この手順は自動生成されたものです
//編集しないでください
	この内容は「テキスト検索」
	このドラッグドロップは○
	この位置と大きさは｛15，15，506，345｝
	この内部領域大きさは｛498，311｝
	参照ボタンというボタンを作る
		その内容は「...」
		その移動順は7
		その位置と大きさは｛432，15，23，23｝
		その位置固定方向は「右＋上」
	フォルダ場所欄というテキストを作る
		その移動順は6
		その位置と大きさは｛107，19，319，19｝
		その位置固定方向は「右＋左＋上」
	ラベル2というラベルを作る
		その内容は「フォルダの場所(&F)」
		その移動順は5
		その位置と大きさは｛12，22，89，12｝
	リストビュー1というリストビューを作る
		その移動順は4
		その位置と大きさは｛12，91，474，189｝
		そのフォントサイズは11
		その位置固定方向は「右＋左＋下＋上」
		その表示方法は「詳細」
		その全列選択は○
		その見出し一覧は｛「ファイル名」，「場所」，「文字位置」｝
		その見出し幅は｛174，117，106｝
		そのタイルサイズは｛0，0｝
	検索ボタンというボタンを作る
		その内容は「検索」
		その移動順は3
		その位置と大きさは｛380，50，75，23｝
		その位置固定方向は「右＋上」
	キーワード欄というテキストを作る
		その移動順は2
		その位置と大きさは｛73，52，301，19｝
		その位置固定方向は「右＋左＋上」
	ラベル1というラベルを作る
		その内容は「キーワード」
		その移動順は1
		その位置と大きさは｛14，55，53，12｝
	ステータスバー1というステータスバーを作る
		その内容は「ステータスバー1」
		その移動順は8
		その位置と大きさは｛0，289，498，22｝
		状態ラベルという状況ラベル部品をステータスバー1へ作る
			その文字配置は「左」
			その引き伸ばしは○
	この設計スケール比率は｛96,96｝
終わり

検索ボタンがクリックされた時の手順
	対象フォルダは、フォルダ場所欄の内容
	キーワードは、キーワード欄の内容

	検索ボタンの使用可能は×
	状態ラベルの内容は「検索中...」
	0秒待つ
	一覧は、対象フォルダのファイルの全一覧
	リストビュー1を更新開始する
	リストビュー1をすべて消す
	一覧のすべてのファイル名についてそれぞれ繰り返す
		ファイル名の拡張子だけが「exe」なら、繰り返しを続ける
		【内容】は（対象フォルダのフォルダだけ）＆ファイル名から読み込んだもの
		内容が無なら、繰り返しを続ける
		文字位置は、内容:キーワードを探したもの
		文字位置が0でないなら
			項目は、ファイル名のファイル名だけをリストビュー1に加えたもの
			項目の詳細は｛ファイル名のフォルダだけ、文字位置、（対象フォルダのフォルダだけ）＆ファイル名｝
		そして
	そして
	リストビュー1を更新終了する
	検索ボタンの使用可能は○
	リストビュー1の個数が0なら
		状態ラベルの内容は「見つかりません」
	でなければ
		状態ラベルの内容は「[リストビュー1の個数]件、見つかりました」
	そして
終わり

参照ボタンがクリックされた時の手順
	フォルダ選択画面のフォルダ名は、フォルダ場所欄の内容
	フォルダ選択画面を表示する
	フォルダ選択画面のキャンセルなら抜け出す
	フォルダ場所欄の内容は、フォルダ選択画面のフォルダ名
終わり


リストビュー1がダブルクリックされた時の手順
	配列は、リストビュー１の選択項目の詳細
	ファイル名は、配列（4）
	「explorer」を「/select,""［ファイル名］""」として起動する
終わり

終わり

プレビュー画面とは
ウィンドウを継承する

はじめ手順
	初期化する
終わり

初期化する手順
//この手順は自動生成されたものです
//編集しないでください
	この内容は「プレビュー画面」
	このドラッグドロップは○
	この位置と大きさは｛15，15，300，300｝
文章テキスト1という文章テキストを作る
	その位置と大きさは｛0，0，292，266｝
	その文字サイズは14
	そのドッキング方向は「全体」
終わり

[自分]で、[ファイル名]を、開く手順
	【内容】は（ファイル名から読み込んだもの）
	内容は、内容で（13のキャラクタ）を改行へ置き換えたもの
	文章テキスト1の内容は、内容
終わり

終わり","以下の要素を「---」に置換してください。

1. 値: 数値、文字列の中身
2. 演算子: ＝ ＋ － × ÷ など"
8,1,A,バイナリファイル.rdr,"ーーバイナリファイルの読み込みと書き込み
ファイル名は「［デスクトップ］データ.bin」

ーーバイナリ操作でファイルを作成する
書き込みデータというバイナリファイルを作る
書き込みデータにファイル名を書き込み専用で開く
書き込みデータへ65を書き込む
書き込みデータへ｛66,66,68｝を一括で書き込む
書き込みデータを閉じる

ーーバイナリ操作でファイルを読み込む
読み込みファイルというバイナリファイルを作る
読み込みファイルへファイル名を読み取り専用で開く
（読み込みファイルから読み取ったもの）を表示する
読み込みファイルを閉じる","---バイナリファイルの読み込みと書き込み
ファイル名は「［デスクトップ］---.bin」

---バイナリ操作でファイルを作成する
書き込みデータというバイナリファイルを作る
書き込みデータにファイル名を書き込み専用で開く
書き込みデータへ---を書き込む
書き込みデータへ｛---,---,---｝を一括で書き込む
書き込みデータを閉じる

---バイナリ操作でファイルを読み込む
読み込みファイルというバイナリファイルを作る
読み込みファイルへファイル名を読み取り専用で開く
（読み込みファイルから読み取ったもの）を表示する
読み込みファイルを閉じる"
8,1,A,マウスイベント手順.rdr,"// マウスイベントの例 //
メイン画面を表示する
色番号は0
待機する

メイン画面とは

ウィンドウを継承する
	はじめ手順
		初期化する
		明るさは0
	終わり

	初期化する手順
	//この手順は自動生成されたものです
	//編集しないでください
	この内容は「マウスイベント手順」
	このドラッグドロップは○
	この内部領域大きさは｛300，300｝
ピクチャー1というピクチャーを作る
	その位置と大きさは｛123，88，39，37｝
	その背景色は「Red」
	この設計スケール比率は｛96,96｝
終わり

マウスカーソルが移動した時の手順
	ピクチャー1の横は、イベントの横座標-(ピクチャー1の幅÷2)
	ピクチャー1の縦は、イベントの縦座標-(ピクチャー1の高さ÷2)
終わり
マウスのホイールが移動した時の手順
	明るさにイベントのホイール移動量÷6を足す
	明るさが255以上なら、明るさは255
	明るさが0以下なら、明るさは0
	ピクチャー1の背景色は、RGB（｛255,明るさ,明るさ｝）
終わり
ピクチャー1がマウスのボタンが押された時の手順
	イベントのボタンが「左ボタン」なら
		ピクチャー1の背景色は「青」
	他でイベントのボタンが「右ボタン」なら
		ピクチャー1の背景色は「緑」
	そして
終わり
終わり","// マウスイベントの例 //
メイン画面を表示する
色番号は---
待機する

メイン画面とは

ウィンドウを継承する
	はじめ手順
		初期化する
		明るさは---
	終わり

	初期化する手順
	//この手順は自動生成されたものです
	//編集しないでください
	この内容は「マウスイベント手順」
	このドラッグドロップは---
	この内部領域大きさは｛---，---｝
ピクチャー1というピクチャーを作る
	その位置と大きさは｛---，---，---，---｝
	その背景色は「---」
	この設計スケール比率は｛---,---｝
終わり

マウスカーソルが移動した時の手順
	ピクチャー1の横は、イベントの横座標-（ピクチャー1の幅÷2）
	ピクチャー1の縦は、イベントの縦座標-（ピクチャー1の高さ÷2）
終わり
マウスのホイールが移動した時の手順
	明るさにイベントのホイール移動量÷6を足す
	明るさが255以上なら、明るさは255
	明るさが0以下なら、明るさは0
	ピクチャー1の背景色は、RGB（｛255,---,---｝）
終わり
ピクチャー1がマウスのボタンが押された時の手順
	イベントのボタンが「左ボタン」なら
		ピクチャー1の背景色は「---」
	他でイベントのボタンが「右ボタン」なら
		ピクチャー1の背景色は「---」
	そして
終わり
終わり"
8,1,A,マクロの実行.rdr,"ーー// エクセルのマクロ実行 //
ーーワークブックに作成されたマクロを実行します
ーーあらかじめVisual Basic Editorなどでワークブックに
ーーマクロを作成する必要があります。

エクセルを起動する
エクセルで「マクロ.xlsm」を開く
対象ブックは、エクセルの選択ブック

ーーマクロを実行させます
対象ブックにある「TestMacro1」をマクロ実行する

ーー引数のマクロを実行させます
対象ブックにある「TestMacro2」を｛「こんにちは!」｝で、マクロ実行する

対象ブックを閉じる
エクセルのワークブック一覧の個数が0なら、エクセルを終了する","ーー// エクセルのマクロ実行 //
ーー---に作成されたマクロを実行します
ーーあらかじめVisual Basic Editorなどで---に
ーーマクロを作成する必要があります。

エクセルを起動する
エクセルで「---」を開く
対象ブックは、エクセルの選択ブック

ーーマクロを実行させます
対象ブックにある「---」を---で、マクロ実行する

ーー引数のマクロを実行させます
対象ブックにある「---」を---で、マクロ実行する

対象ブックを閉じる
エクセルのワークブック一覧の個数が0なら、エクセルを終了する"
8,1,A,入力値検証.rdr,"// 入力値の検証(バリデーション) //
登録画面を表示する
待機する

登録画面とは
	ウィンドウを継承する

	はじめの手順
		初期化する
	終わり

	初期化する手順
ーー//この手順は自動生成されたものです
ーー//編集しないでください
	この内部領域大きさを｛284、240｝に変える
	この種類を「固定」に変える
	この最大化ボタンを×に変える
	この最小化ボタンを×に変える
	この初期位置を「中央」に変える
	この内容を「登録画面 (値検証のテスト)」に変える
	このドラッグドロップを○に変える
	ラベル4というラベルを作る
		その内容を「名前(ふりがな)」に変える
		その移動順を6に変える
		その位置と大きさを｛24、140、75、12｝に変える
	""ふりがな欄""というテキストを作る
		その内容を「ぷろでる」に変える
		その移動順を7に変える
		その位置と大きさを｛113、137、150、19｝に変える
	ラベル3というラベルを作る
		その内容を「郵便番号(&P)」に変える
		その移動順を4に変える
		その位置と大きさを｛24、105、68、12｝に変える
	""郵便番号欄""というテキストを作る
		その内容を「123-1234」に変える
		その移動順を5に変える
		その位置と大きさを｛113、102、150、19｝に変える
	キャンセルボタンというボタンを作る
		その内容を「キャンセル」に変える
		その移動順を9に変える
		その位置と大きさを｛188、198、75、23｝に変える
	OKボタンというボタンを作る
		その内容を「OK」に変える
		その移動順を8に変える
		その位置と大きさを｛100、198、75、23｝に変える
	ラベル2というラベルを作る
		その内容を「電話番号(&T)」に変える
		その移動順を2に変える
		その位置と大きさを｛24、67、68、12｝に変える
	ラベル1というラベルを作る
		その内容を「メールアドレス(&E)」に変える
		その移動順を3に変える
		その位置と大きさを｛24、33、84、12｝に変える
	""電話番号欄""というテキストを作る
		その内容を「03-1234-1234」に変える
		その移動順を3に変える
		その位置と大きさを｛113、64、150、19｝に変える
	メールアドレス欄というテキストを作る
		その内容を「a@abc.ne.jp」に変える
		その移動順を1に変える
		その位置と大きさを｛113、30、150、19｝に変える
	この決定ボタンをOKボタンに変える
	この取消ボタンをキャンセルボタンに変える
	この設計スケール比率を｛96,96｝に変える
終わり

	メールアドレス欄が検証する時の手順
		メールアドレス欄の内容の文字数が0なら、抜け出す
		正規表現によってメールアドレス欄の内容が「.+@.+\.」に合致しなければ
			メールアドレス欄へ「メールアドレスが不適切です」を指摘させる
			イベントのキャンセルは、○
		そして
	終わり
	メールアドレス欄が検証された時の手順
		メールアドレス欄へ無を指摘させる
	終わり
	電話番号欄が検証する時の手順
		電話番号欄の内容の文字数が0なら、抜け出す
		正規表現によって電話番号欄の内容が「\d+\-\d+\-\d+」に合致しなければ
			電話番号欄へ「電話番号が不適切です」を指摘させる
			イベントのキャンセルは、○
		そして
	終わり
	電話番号欄が検証された時の手順
		電話番号欄へ無を指摘させる
	終わり
	郵便番号欄が検証する時の手順
		郵便番号欄の内容の文字数が0なら、抜け出す
		正規表現によって郵便番号欄の内容が「\d{3}-\d{4}」に合致しなければ
			郵便番号欄へ「郵便番号が不適切です」を指摘させる
			イベントのキャンセルは、○
		そして
	終わり
	郵便番号欄が検証された時の手順
		郵便番号欄へ無を指摘させる
	終わり
	ふりがな欄が検証する時の手順
		ふりがな欄の内容の文字数が0なら、抜け出す
		正規表現によってふりがな欄の内容が「^[[]あ-を[]]+$」に合致しなければ
			ふりがな欄へ「ふりがなが不適切です」を指摘させる
			イベントのキャンセルは、○
		そして
	終わり
	ふりがな欄が検証された時の手順
		ふりがな欄へ無を指摘させる
	終わり
	
	OKボタンがクリックされた時の手順
		閉じる
	終わり

	キャンセルボタンがクリックされた時の手順
		閉じる
	終わり

終わり","// 入力値の検証(バリデーション) //
登録画面を表示する
待機する"
8,1,A,枝を利用した模様.rdr,"ーー 枝を利用した模様 ーー
窓というウィンドウを作る
窓の内容は「枝を利用した模様」
窓の背景色は、白

かめさんというカメを作る
かめさんを窓に表示する
かめさんの位置は｛140,130｝

４回、繰り返す
	かめさんが１８０だけ７回３００度、枝
	かめさんを９０だけ右へ回転させる
そして

窓を表示する
待機する","ーー --- ーー
窓というウィンドウを作る
窓の内容は「---」
窓の背景色は、---

かめさんというカメを作る
かめさんを窓に表示する
かめさんの位置は｛---,---｝

４回、繰り返す
	かめさんが１８０だけ７回---、---
	かめさんを９０だけ右へ回転させる
そして

窓を表示する
待機する"
8,1,A,渦巻き.rdr,"ーー 渦巻きを描く ーー

窓としてウィンドウを作る
	その内容は「渦巻きを描く」
	それを表示する

かめさんというカメを作る
	その位置は｛30,220｝
かめさんを窓に表示する
かめさんの向きは0

長さは200

繰り返す
	長さが１０以下なら、繰り返しを抜け出す
	かめさんを前へ長さだけ進める
	かめさんを右へ８９度回転させる
	長さは、長さ－１
そして

待機する","ーー --- ーー

窓としてウィンドウを作る
	その内容は「---」
	それを表示する

かめさんというカメを作る
	その位置は｛---，---｝
かめさんを窓に表示する
かめさんの向きは---

長さは---
繰り返す
	長さが１０以下なら、繰り返しを抜け出す
	かめさんを前へ---だけ進める
	かめさんを右へ---度回転させる
	長さは、長さ－１
そして

待機する"
8,1,A,風車.rdr,"﻿//風車//
窓というウィンドウを作る
窓の内容は「かめ」
窓の背景色は「白」
窓を表示する

かめさんというカメを作る
かめさんの位置は｛100,100｝
かめさんを窓に表示する
かめさんの速さは2

//ここにプログラムを書きましょう
かめさんの色は「#80FFFF」
かめさんの太さは5


8回、繰り返す
	かめさんを150度、回転させる
	かめさんを100だけ、進める
	かめさんを150度、回転させる
	かめさんを100だけ、進める
	かめさんを105度、回転させる
	かめさんを45だけ、進める
そして

待機する","assistant

assistant

//風車//
窓というウィンドウを作る
窓の内容は「---」
窓の背景色は「---」
窓を表示する

かめさんというカメを作る
かめさんの位置は｛---,---｝
かめさんを窓に表示する
かめさんの速さは---

//ここにプログラムを書きましょう
かめさんの色は「---」
かめさんの太さは---

8回、繰り返す
	かめさんを---度、回転させる
	かめさんを---だけ、進める
	かめさんを---度、回転させる
	かめさんを---だけ、進める
	かめさんを---度、回転させる
	かめさんを---だけ、進める
そして"
8,2,B,かえるの歌.rdr,"「ド4レミファ　ミレド2
ミ4ファソラ　ソファミ2
ド4休ド休　　ド休ド休
ド8ドレレ　　ミミファファ
ミ4レド2」を演奏する","「ド4レミファ　ミレド2
ミ4ファソラ　ソファミ2
ド4休ド休　　ド休ド休
ド8ドレレ　　ミミファファ
ミ4レド2」---"
8,2,B,コッホ.rdr,"ーー コッホを描く ーー

窓というウィンドウを作る
	その内容は「コッホを描く」
窓を表示する
ピクチャー１というピクチャーを窓に作る
	その位置と大きさは｛0,0,300,300｝

かめさんというカメを作る
かめさんを窓のピクチャー１に表示する

次数は4
長さは2
かめさんの位置は{150，180}
かめさんの向きは0
３回、数に１からカウントして繰り返す
	（次数）回、長さで、コッホを描く
	かめさんを左へ１２０度回転させる
そして

待機する

【次数】回、【長さ】で、コッホを、描く手順
	次数が０なら
		かめさんを前へ長さだけ進める
	他なら
		次数－１回、長さで、コッホを描く
		かめさんを右へ６０度回転させる
		次数－１回、長さで、コッホを描く
		かめさんを左へ１２０度回転させる
		次数－１回、長さで、コッホを描く
		かめさんを右へ６０度回転させる
		次数－１回、長さで、コッホを描く
	そして
終わり","ーー コッホを描く ーー

窓というウィンドウを作る
	その内容は「コッホを描く」
窓を---。
ピクチャー１というピクチャーを窓に作る
	その位置と大きさは｛0,0,300,300｝

かめさんというカメを作る
かめさんを窓のピクチャー１に---。

次数は4
長さは2
かめさんの位置は{150，180}
かめさんの向きは0
３回、数に１からカウントして繰り返す
	（次数）回、長さで、コッホを描く
	かめさんを左へ１２０度回転させる
そして

待機する

【次数】回、【長さ】で、コッホを、描く手順
	次数が０なら
		かめさんを前へ長さだけ進める
	他なら
		次数－１回、長さで、コッホを描く
		かめさんを右へ６０度回転させる
		次数－１回、長さで、コッホを描く
		かめさんを左へ１２０度回転させる
		次数－１回、長さで、コッホを描く
		かめさんを右へ６０度回転させる
		次数－１回、長さで、コッホを描く
	そして
終わり"
8,2,B,テキスト検索.rdr,"// テキスト検索 //
//フォルダ内のテキストファイルからキーワード検索するプログラム
メイン画面を表示する
待機する

メイン画面とは
ウィンドウを継承する

はじめ手順
	初期化する
	この決定ボタンは、検索ボタン
	フォルダ場所欄の内容は、プログラムのフォルダ
終わり

初期化する手順
//この手順は自動生成されたものです
//編集しないでください
	この内容は「テキスト検索」
	このドラッグドロップは○
	この位置と大きさは｛15，15，506，345｝
	この内部領域大きさは｛498，311｝
	参照ボタンというボタンを作る
		その内容は「...」
		その移動順は7
		その位置と大きさは｛432，15，23，23｝
		その位置固定方向は「右＋上」
	フォルダ場所欄というテキストを作る
		その移動順は6
		その位置と大きさは｛107，19，319，19｝
		その位置固定方向は「右＋左＋上」
	ラベル2というラベルを作る
		その内容は「フォルダの場所(&F)」
		その移動順は5
		その位置と大きさは｛12，22，89，12｝
	リストビュー1というリストビューを作る
		その移動順は4
		その位置と大きさは｛12，91，474，189｝
		そのフォントサイズは11
		その位置固定方向は「右＋左＋下＋上」
		その表示方法は「詳細」
		その全列選択は○
		その見出し一覧は｛「ファイル名」，「場所」，「文字位置」｝
		その見出し幅は｛174，117，106｝
		そのタイルサイズは｛0，0｝
	検索ボタンというボタンを作る
		その内容は「検索」
		その移動順は3
		その位置と大きさは｛380，50，75，23｝
		その位置固定方向は「右＋上」
	キーワード欄というテキストを作る
		その移動順は2
		その位置と大きさは｛73，52，301，19｝
		その位置固定方向は「右＋左＋上」
	ラベル1というラベルを作る
		その内容は「キーワード」
		その移動順は1
		その位置と大きさは｛14，55，53，12｝
	ステータスバー1というステータスバーを作る
		その内容は「ステータスバー1」
		その移動順は8
		その位置と大きさは｛0，289，498，22｝
		状態ラベルという状況ラベル部品をステータスバー1へ作る
			その文字配置は「左」
			その引き伸ばしは○
	この設計スケール比率は｛96,96｝
終わり

検索ボタンがクリックされた時の手順
	対象フォルダは、フォルダ場所欄の内容
	キーワードは、キーワード欄の内容

	検索ボタンの使用可能は×
	状態ラベルの内容は「検索中...」
	0秒待つ
	一覧は、対象フォルダのファイルの全一覧
	リストビュー1を更新開始する
	リストビュー1をすべて消す
	一覧のすべてのファイル名についてそれぞれ繰り返す
		ファイル名の拡張子だけが「exe」なら、繰り返しを続ける
		【内容】は（対象フォルダのフォルダだけ）＆ファイル名から読み込んだもの
		内容が無なら、繰り返しを続ける
		文字位置は、内容:キーワードを探したもの
		文字位置が0でないなら
			項目は、ファイル名のファイル名だけをリストビュー1に加えたもの
			項目の詳細は｛ファイル名のフォルダだけ、文字位置、（対象フォルダのフォルダだけ）＆ファイル名｝
		そして
	そして
	リストビュー1を更新終了する
	検索ボタンの使用可能は○
	リストビュー1の個数が0なら
		状態ラベルの内容は「見つかりません」
	でなければ
		状態ラベルの内容は「[リストビュー1の個数]件、見つかりました」
	そして
終わり

参照ボタンがクリックされた時の手順
	フォルダ選択画面のフォルダ名は、フォルダ場所欄の内容
	フォルダ選択画面を表示する
	フォルダ選択画面のキャンセルなら抜け出す
	フォルダ場所欄の内容は、フォルダ選択画面のフォルダ名
終わり


リストビュー1がダブルクリックされた時の手順
	配列は、リストビュー１の選択項目の詳細
	ファイル名は、配列（4）
	「explorer」を「/select,""［ファイル名］""」として起動する
終わり

終わり

プレビュー画面とは
ウィンドウを継承する

はじめ手順
	初期化する
終わり

初期化する手順
//この手順は自動生成されたものです
//編集しないでください
	この内容は「プレビュー画面」
	このドラッグドロップは○
	この位置と大きさは｛15，15，300，300｝
文章テキスト1という文章テキストを作る
	その位置と大きさは｛0，0，292，266｝
	その文字サイズは14
	そのドッキング方向は「全体」
終わり

[自分]で、[ファイル名]を、開く手順
	【内容】は（ファイル名から読み込んだもの）
	内容は、内容で（13のキャラクタ）を改行へ置き換えたもの
	文章テキスト1の内容は、内容
終わり

終わり","【タスク: カテゴリB（基本命令）に基づく空欄化】
以下の要素を「---」に置換してください。それ以外は変更しないでください。

コード:
// テキスト検索 //
//フォルダ内のテキストファイルからキーワード検索するプログラム
メイン画面を---。
待機する

メイン画面とは
ウィンドウを---。

はじめ手順
    初期化する
    この決定ボタンは、検索ボタン
    フォルダ場所欄の内容は、プログラムのフォルダ
終わり

初期化する手順
//この手順は自動生成されたものです
//編集しないでください
    この内容は「テキスト検索」
    このドラッグドロップは○
    この位置と大きさは｛15，15，506，345｝
    この内部領域大きさは｛498，311｝
    参照ボタンというボタンを作る
        その内容は「---」
        その移動順は7
        その位置と大きさは｛432，15，23，23｝
        その位置固定方向は「右＋上」
    フォルダ場所欄というテキストを作る
        その移動順は6
        その位置と大きさは｛107，19，319，19｝
        その位置固定方向は「右＋左＋上」
    ラベル2というラベルを作る
        その内容は「フォルダの場所(&F)」
        その移動順は5
        その位置と大きさは｛12，22，89，12｝
        その位置固定方向は「右＋左＋上」
    リストビュー1というリストビューを作る
        その移動順は4
        その位置と大きさは｛12，91，474，189｝
        そのフォントサイズは11
        その位置固定方向は「右＋左＋下＋上」
        その表示方法は「詳細」
        その全列選択は○
        その見出し一覧は｛「ファイル名」，「場所」，「文字位置」｝
        その見出し幅は"
8,2,B,バイナリファイル.rdr,"ーーバイナリファイルの読み込みと書き込み
ファイル名は「［デスクトップ］データ.bin」

ーーバイナリ操作でファイルを作成する
書き込みデータというバイナリファイルを作る
書き込みデータにファイル名を書き込み専用で開く
書き込みデータへ65を書き込む
書き込みデータへ｛66,66,68｝を一括で書き込む
書き込みデータを閉じる

ーーバイナリ操作でファイルを読み込む
読み込みファイルというバイナリファイルを作る
読み込みファイルへファイル名を読み取り専用で開く
（読み込みファイルから読み取ったもの）を表示する
読み込みファイルを閉じる","ーーバイナリファイルの読み込みと書き込み
ファイル名は「［デスクトップ］データ.bin」

ーーバイナリ操作でファイルを作成する
書き込みデータというバイナリファイルを作る
書き込みデータにファイル名を書き込み専用で開く
書き込みデータへ65を---。
書き込みデータへ｛66,66,68｝を一括で---。
書き込みデータを閉じる

ーーバイナリ操作でファイルを読み込む
読み込みファイルというバイナリファイルを作る
読み込みファイルへファイル名を読み取り専用で開く
（読み込みファイルから読み取ったもの）を---。
読み込みファイルを閉じる"
8,2,B,マウスイベント手順.rdr,"// マウスイベントの例 //
メイン画面を表示する
色番号は0
待機する

メイン画面とは

ウィンドウを継承する
	はじめ手順
		初期化する
		明るさは0
	終わり

	初期化する手順
	//この手順は自動生成されたものです
	//編集しないでください
	この内容は「マウスイベント手順」
	このドラッグドロップは○
	この内部領域大きさは｛300，300｝
ピクチャー1というピクチャーを作る
	その位置と大きさは｛123，88，39，37｝
	その背景色は「Red」
	この設計スケール比率は｛96,96｝
終わり

マウスカーソルが移動した時の手順
	ピクチャー1の横は、イベントの横座標-(ピクチャー1の幅÷2)
	ピクチャー1の縦は、イベントの縦座標-(ピクチャー1の高さ÷2)
終わり
マウスのホイールが移動した時の手順
	明るさにイベントのホイール移動量÷6を足す
	明るさが255以上なら、明るさは255
	明るさが0以下なら、明るさは0
	ピクチャー1の背景色は、RGB（｛255,明るさ,明るさ｝）
終わり
ピクチャー1がマウスのボタンが押された時の手順
	イベントのボタンが「左ボタン」なら
		ピクチャー1の背景色は「青」
	他でイベントのボタンが「右ボタン」なら
		ピクチャー1の背景色は「緑」
	そして
終わり
終わり","// マウスイベントの例 //
メイン画面を---。
色番号は0
待機する

メイン画面とは

ウィンドウを---。
はじめ手順
    初期化する
        明るさは0
    終わり

    初期化する手順
    //この手順は自動生成されたものです
    //編集しないでください
    この内容は「マウスイベント手順」
    このドラッグドロップは○
    この内部領域大きさは｛300，300｝
ピクチャー1というピクチャーを作る
    その位置と大きさは｛123，88，39，37｝
    その背景色は「Red」
    この設計スケール比率は｛96,96｝
終わり

マウスカーソルが移動した時の手順
    ピクチャー1の横は、イベントの横座標-(ピクチャー1の幅÷2)
    ピクチャー1の縦は、イベントの縦座標-(ピクチャー1の高さ÷2)
終わり
マウスのホイールが移動した時の手順
    明るさにイベントのホイール移動量÷6を足す
    明るさが255以上なら、明るさは255
    明るさが0以下なら、明るさは0
    ピクチャー1の背景色は、RGB（｛255,明るさ,明るさ｝）
終わり
ピクチャー1がマウスのボタンが押された時の手順
    イベントのボタンが「左ボタン」なら
        ピクチャー1の背景色は「青」
    他でイベントのボタンが「右ボタン」なら
        ピクチャー1の背景色は「緑」
    そして
終わり
終わり"
8,2,B,マクロの実行.rdr,"ーー// エクセルのマクロ実行 //
ーーワークブックに作成されたマクロを実行します
ーーあらかじめVisual Basic Editorなどでワークブックに
ーーマクロを作成する必要があります。

エクセルを起動する
エクセルで「マクロ.xlsm」を開く
対象ブックは、エクセルの選択ブック

ーーマクロを実行させます
対象ブックにある「TestMacro1」をマクロ実行する

ーー引数のマクロを実行させます
対象ブックにある「TestMacro2」を｛「こんにちは!」｝で、マクロ実行する

対象ブックを閉じる
エクセルのワークブック一覧の個数が0なら、エクセルを終了する","ーー// エクセルのマクロ実行 //
ーーワークブックに作成されたマクロを実行します
ーーあらかじめVisual Basic Editorなどでワークブックに
ーーマクロを作成する必要があります。

エクセルを起動する
エクセルで「マクロ.xlsm」を開く
対象ブックは、エクセルの選択ブック

ーーマクロを実行させます
対象ブックにある「TestMacro1」をマクロ実行する

ーー引数のマクロを実行させます
対象ブックにある「TestMacro2」を---で、マクロ実行する

対象ブックを閉じる
エクセルのワークブック一覧の個数が0なら、エクセルを終了する"
8,2,B,入力値検証.rdr,"// 入力値の検証(バリデーション) //
登録画面を表示する
待機する

登録画面とは
	ウィンドウを継承する

	はじめの手順
		初期化する
	終わり

	初期化する手順
ーー//この手順は自動生成されたものです
ーー//編集しないでください
	この内部領域大きさを｛284、240｝に変える
	この種類を「固定」に変える
	この最大化ボタンを×に変える
	この最小化ボタンを×に変える
	この初期位置を「中央」に変える
	この内容を「登録画面 (値検証のテスト)」に変える
	このドラッグドロップを○に変える
	ラベル4というラベルを作る
		その内容を「名前(ふりがな)」に変える
		その移動順を6に変える
		その位置と大きさを｛24、140、75、12｝に変える
	""ふりがな欄""というテキストを作る
		その内容を「ぷろでる」に変える
		その移動順を7に変える
		その位置と大きさを｛113、137、150、19｝に変える
	ラベル3というラベルを作る
		その内容を「郵便番号(&P)」に変える
		その移動順を4に変える
		その位置と大きさを｛24、105、68、12｝に変える
	""郵便番号欄""というテキストを作る
		その内容を「123-1234」に変える
		その移動順を5に変える
		その位置と大きさを｛113、102、150、19｝に変える
	キャンセルボタンというボタンを作る
		その内容を「キャンセル」に変える
		その移動順を9に変える
		その位置と大きさを｛188、198、75、23｝に変える
	OKボタンというボタンを作る
		その内容を「OK」に変える
		その移動順を8に変える
		その位置と大きさを｛100、198、75、23｝に変える
	ラベル2というラベルを作る
		その内容を「電話番号(&T)」に変える
		その移動順を2に変える
		その位置と大きさを｛24、67、68、12｝に変える
	ラベル1というラベルを作る
		その内容を「メールアドレス(&E)」に変える
		その移動順を3に変える
		その位置と大きさを｛24、33、84、12｝に変える
	""電話番号欄""というテキストを作る
		その内容を「03-1234-1234」に変える
		その移動順を3に変える
		その位置と大きさを｛113、64、150、19｝に変える
	メールアドレス欄というテキストを作る
		その内容を「a@abc.ne.jp」に変える
		その移動順を1に変える
		その位置と大きさを｛113、30、150、19｝に変える
	この決定ボタンをOKボタンに変える
	この取消ボタンをキャンセルボタンに変える
	この設計スケール比率を｛96,96｝に変える
終わり

	メールアドレス欄が検証する時の手順
		メールアドレス欄の内容の文字数が0なら、抜け出す
		正規表現によってメールアドレス欄の内容が「.+@.+\.」に合致しなければ
			メールアドレス欄へ「メールアドレスが不適切です」を指摘させる
			イベントのキャンセルは、○
		そして
	終わり
	メールアドレス欄が検証された時の手順
		メールアドレス欄へ無を指摘させる
	終わり
	電話番号欄が検証する時の手順
		電話番号欄の内容の文字数が0なら、抜け出す
		正規表現によって電話番号欄の内容が「\d+\-\d+\-\d+」に合致しなければ
			電話番号欄へ「電話番号が不適切です」を指摘させる
			イベントのキャンセルは、○
		そして
	終わり
	電話番号欄が検証された時の手順
		電話番号欄へ無を指摘させる
	終わり
	郵便番号欄が検証する時の手順
		郵便番号欄の内容の文字数が0なら、抜け出す
		正規表現によって郵便番号欄の内容が「\d{3}-\d{4}」に合致しなければ
			郵便番号欄へ「郵便番号が不適切です」を指摘させる
			イベントのキャンセルは、○
		そして
	終わり
	郵便番号欄が検証された時の手順
		郵便番号欄へ無を指摘させる
	終わり
	ふりがな欄が検証する時の手順
		ふりがな欄の内容の文字数が0なら、抜け出す
		正規表現によってふりがな欄の内容が「^[[]あ-を[]]+$」に合致しなければ
			ふりがな欄へ「ふりがなが不適切です」を指摘させる
			イベントのキャンセルは、○
		そして
	終わり
	ふりがな欄が検証された時の手順
		ふりがな欄へ無を指摘させる
	終わり
	
	OKボタンがクリックされた時の手順
		閉じる
	終わり

	キャンセルボタンがクリックされた時の手順
		閉じる
	終わり

終わり","// 入力値の検証(バリデーション) //
登録画面を---
待機する"
8,2,B,枝を利用した模様.rdr,"ーー 枝を利用した模様 ーー
窓というウィンドウを作る
窓の内容は「枝を利用した模様」
窓の背景色は、白

かめさんというカメを作る
かめさんを窓に表示する
かめさんの位置は｛140,130｝

４回、繰り返す
	かめさんが１８０だけ７回３００度、枝
	かめさんを９０だけ右へ回転させる
そして

窓を表示する
待機する","ーー 枝を利用した模様 ーー
窓というウィンドウを作る
窓の内容は「枝を利用した模様」
窓の背景色は、白

かめさんというカメを作る
かめさんを窓に表示する
かめさんの位置は｛140,130｝

４回、繰り返す
	かめさんが１８０だけ７回３００度、枝
	かめさんを９０だけ右へ回転させる
そして

窓を---"
8,2,B,渦巻き.rdr,"ーー 渦巻きを描く ーー

窓としてウィンドウを作る
	その内容は「渦巻きを描く」
	それを表示する

かめさんというカメを作る
	その位置は｛30,220｝
かめさんを窓に表示する
かめさんの向きは0

長さは200

繰り返す
	長さが１０以下なら、繰り返しを抜け出す
	かめさんを前へ長さだけ進める
	かめさんを右へ８９度回転させる
	長さは、長さ－１
そして

待機する","ーー 渦巻きを描く ーー

窓としてウィンドウを作る
    その内容は「---」
    それを---。

かめさんというカメを作る
    その位置は｛30,220｝
かめさんを窓に---。
かめさんの向きは0

長さは200

繰り返す
    長さが１０以下なら、繰り返しを---。
    かめさんを前へ長さだけ---。
    かめさんを右へ89度---。
    長さは、長さ－１
そして

---"
8,2,B,風車.rdr,"﻿//風車//
窓というウィンドウを作る
窓の内容は「かめ」
窓の背景色は「白」
窓を表示する

かめさんというカメを作る
かめさんの位置は｛100,100｝
かめさんを窓に表示する
かめさんの速さは2

//ここにプログラムを書きましょう
かめさんの色は「#80FFFF」
かめさんの太さは5


8回、繰り返す
	かめさんを150度、回転させる
	かめさんを100だけ、進める
	かめさんを150度、回転させる
	かめさんを100だけ、進める
	かめさんを105度、回転させる
	かめさんを45だけ、進める
そして

待機する","assistant

//風車//
窓というウィンドウを作る
窓の内容は「---」
窓の背景色は「白」
窓を表示する

かめさんというカメを作る
かめさんの位置は｛100,100｝
かめさんを窓に表示する
かめさんの速さは2

//ここにプログラムを書きましょう
かめさんの色は「#80FFFF」
かめさんの太さは5"
8,3,C,かえるの歌.rdr,"「ド4レミファ　ミレド2
ミ4ファソラ　ソファミ2
ド4休ド休　　ド休ド休
ド8ドレレ　　ミミファファ
ミ4レド2」を演奏する","「---レミファ　---レド2
---ファソラ　---ファミ2
---休---　　---休---
---ドレレ　　---ミファファ
---レド2」を演奏する"
8,3,C,コッホ.rdr,"ーー コッホを描く ーー

窓というウィンドウを作る
	その内容は「コッホを描く」
窓を表示する
ピクチャー１というピクチャーを窓に作る
	その位置と大きさは｛0,0,300,300｝

かめさんというカメを作る
かめさんを窓のピクチャー１に表示する

次数は4
長さは2
かめさんの位置は{150，180}
かめさんの向きは0
３回、数に１からカウントして繰り返す
	（次数）回、長さで、コッホを描く
	かめさんを左へ１２０度回転させる
そして

待機する

【次数】回、【長さ】で、コッホを、描く手順
	次数が０なら
		かめさんを前へ長さだけ進める
	他なら
		次数－１回、長さで、コッホを描く
		かめさんを右へ６０度回転させる
		次数－１回、長さで、コッホを描く
		かめさんを左へ１２０度回転させる
		次数－１回、長さで、コッホを描く
		かめさんを右へ６０度回転させる
		次数－１回、長さで、コッホを描く
	そして
終わり","ーー コッホを描く ーー

窓というウィンドウを作る
　その内容は「コッホを描く」
窓を表示する
ピクチャー１というピクチャーを窓に作る
　その位置と大きさは｛0,0,300,300｝

かめさんというカメを作る
かめさんを窓のピクチャー１に表示する

次数は4
長さは2
かめさんの位置は{150，180}
かめさんの向きは0
---回、数に１からカウントして繰り返す
　（次数）回、長さで、コッホを描く
　かめさんを左へ１２０度回転させる
そして

待機する

【次数】回、【長さ】で、コッホを、描く手順
　次数が０なら
　　　かめさんを前へ長さだけ進める
　他なら
　　　---回、長さで、コッホを描く
　　　かめさんを右へ６０度回転させる
　　　---回、長さで、コッホを描く
　　　かめさんを左へ１２０度回転させる
　　　---回、長さで、コッホを描く
　　　かめさんを右へ６０度回転させる
　　　---回、長さで、コッホを描く
　　　かめさんを左へ１２０度回転させる
　　　---回、長さで、コッホを描く
　　　かめさんを右へ６０度回転させる
　　　---回、長さで、コッホを描く
　そして
終わり"
8,3,C,テキスト検索.rdr,"// テキスト検索 //
//フォルダ内のテキストファイルからキーワード検索するプログラム
メイン画面を表示する
待機する

メイン画面とは
ウィンドウを継承する

はじめ手順
	初期化する
	この決定ボタンは、検索ボタン
	フォルダ場所欄の内容は、プログラムのフォルダ
終わり

初期化する手順
//この手順は自動生成されたものです
//編集しないでください
	この内容は「テキスト検索」
	このドラッグドロップは○
	この位置と大きさは｛15，15，506，345｝
	この内部領域大きさは｛498，311｝
	参照ボタンというボタンを作る
		その内容は「...」
		その移動順は7
		その位置と大きさは｛432，15，23，23｝
		その位置固定方向は「右＋上」
	フォルダ場所欄というテキストを作る
		その移動順は6
		その位置と大きさは｛107，19，319，19｝
		その位置固定方向は「右＋左＋上」
	ラベル2というラベルを作る
		その内容は「フォルダの場所(&F)」
		その移動順は5
		その位置と大きさは｛12，22，89，12｝
	リストビュー1というリストビューを作る
		その移動順は4
		その位置と大きさは｛12，91，474，189｝
		そのフォントサイズは11
		その位置固定方向は「右＋左＋下＋上」
		その表示方法は「詳細」
		その全列選択は○
		その見出し一覧は｛「ファイル名」，「場所」，「文字位置」｝
		その見出し幅は｛174，117，106｝
		そのタイルサイズは｛0，0｝
	検索ボタンというボタンを作る
		その内容は「検索」
		その移動順は3
		その位置と大きさは｛380，50，75，23｝
		その位置固定方向は「右＋上」
	キーワード欄というテキストを作る
		その移動順は2
		その位置と大きさは｛73，52，301，19｝
		その位置固定方向は「右＋左＋上」
	ラベル1というラベルを作る
		その内容は「キーワード」
		その移動順は1
		その位置と大きさは｛14，55，53，12｝
	ステータスバー1というステータスバーを作る
		その内容は「ステータスバー1」
		その移動順は8
		その位置と大きさは｛0，289，498，22｝
		状態ラベルという状況ラベル部品をステータスバー1へ作る
			その文字配置は「左」
			その引き伸ばしは○
	この設計スケール比率は｛96,96｝
終わり

検索ボタンがクリックされた時の手順
	対象フォルダは、フォルダ場所欄の内容
	キーワードは、キーワード欄の内容

	検索ボタンの使用可能は×
	状態ラベルの内容は「検索中...」
	0秒待つ
	一覧は、対象フォルダのファイルの全一覧
	リストビュー1を更新開始する
	リストビュー1をすべて消す
	一覧のすべてのファイル名についてそれぞれ繰り返す
		ファイル名の拡張子だけが「exe」なら、繰り返しを続ける
		【内容】は（対象フォルダのフォルダだけ）＆ファイル名から読み込んだもの
		内容が無なら、繰り返しを続ける
		文字位置は、内容:キーワードを探したもの
		文字位置が0でないなら
			項目は、ファイル名のファイル名だけをリストビュー1に加えたもの
			項目の詳細は｛ファイル名のフォルダだけ、文字位置、（対象フォルダのフォルダだけ）＆ファイル名｝
		そして
	そして
	リストビュー1を更新終了する
	検索ボタンの使用可能は○
	リストビュー1の個数が0なら
		状態ラベルの内容は「見つかりません」
	でなければ
		状態ラベルの内容は「[リストビュー1の個数]件、見つかりました」
	そして
終わり

参照ボタンがクリックされた時の手順
	フォルダ選択画面のフォルダ名は、フォルダ場所欄の内容
	フォルダ選択画面を表示する
	フォルダ選択画面のキャンセルなら抜け出す
	フォルダ場所欄の内容は、フォルダ選択画面のフォルダ名
終わり


リストビュー1がダブルクリックされた時の手順
	配列は、リストビュー１の選択項目の詳細
	ファイル名は、配列（4）
	「explorer」を「/select,""［ファイル名］""」として起動する
終わり

終わり

プレビュー画面とは
ウィンドウを継承する

はじめ手順
	初期化する
終わり

初期化する手順
//この手順は自動生成されたものです
//編集しないでください
	この内容は「プレビュー画面」
	このドラッグドロップは○
	この位置と大きさは｛15，15，300，300｝
文章テキスト1という文章テキストを作る
	その位置と大きさは｛0，0，292，266｝
	その文字サイズは14
	そのドッキング方向は「全体」
終わり

[自分]で、[ファイル名]を、開く手順
	【内容】は（ファイル名から読み込んだもの）
	内容は、内容で（13のキャラクタ）を改行へ置き換えたもの
	文章テキスト1の内容は、内容
終わり

終わり","// テキスト検索 //
//フォルダ内のテキストファイルからキーワード検索するプログラム
メイン画面を表示する
待機する

メイン画面とは
ウィンドウを継承する

はじめ手順
    初期化する
    この決定ボタンは、検索ボタン
    フォルダ場所欄の内容は、プログラムのフォルダ
終わり

初期化する手順
//この手順は自動生成されたものです
//編集しないでください
    この内容は「テキスト検索」
    このドラッグドロップは○
    この位置と大きさは｛15，15，506，345｝
    この内部領域大きさは｛498，311｝
    参照ボタンというボタンを作る
        その内容は「...」
        その移動順は7
        その位置と大きさは｛432，15，23，23｝
        その位置固定方向は「右＋上」
    フォルダ場所欄というテキストを作る
        その移動順は6
        その位置と大きさは｛107，19，319，19｝
        その位置固定方向は「右＋左＋上」
    ラベル2というラベルを作る
        その内容は「フォルダの場所(&F)」
        その移動順は5
        その位置と大きさは｛12，22，89，12｝
        その位置固定方向は「右＋左＋上」
    リストビュー1というリストビューを作る
        その移動順は4
        その位置と大きさは｛12，91，474，189｝
        そのフォントサイズは11
        その位置固定方向は「右＋左＋下＋上」
        その表示方法は「詳細」
        その全列選択は○
        その見出し一覧は｛「ファイル名」，「場所」，「文字位置」｝
        その見出し幅は｛174，117，106｝
        そのタイルサイズは｛0，0｝
    検索ボタンというボタンを作る
        その内容"
8,3,C,バイナリファイル.rdr,"ーーバイナリファイルの読み込みと書き込み
ファイル名は「［デスクトップ］データ.bin」

ーーバイナリ操作でファイルを作成する
書き込みデータというバイナリファイルを作る
書き込みデータにファイル名を書き込み専用で開く
書き込みデータへ65を書き込む
書き込みデータへ｛66,66,68｝を一括で書き込む
書き込みデータを閉じる

ーーバイナリ操作でファイルを読み込む
読み込みファイルというバイナリファイルを作る
読み込みファイルへファイル名を読み取り専用で開く
（読み込みファイルから読み取ったもの）を表示する
読み込みファイルを閉じる","ーーバイナリファイルの読み込みと書き込み
ファイル名は「［デスクトップ］データ.bin」

ーーバイナリ操作でファイルを作成する
書き込みデータというバイナリファイルを作る
書き込みデータにファイル名を書き込み専用で開く
書き込みデータへ65を書き込む
書き込みデータへ｛66,66,68｝を一括で書き込む
書き込みデータを閉じる

ーーバイナリ操作でファイルを読み込む
読み込みファイルというバイナリファイルを作る
読み込みファイルへファイル名を読み取り専用で開く
---を表示する
読み込みファイルを閉じる"
8,3,C,マウスイベント手順.rdr,"// マウスイベントの例 //
メイン画面を表示する
色番号は0
待機する

メイン画面とは

ウィンドウを継承する
	はじめ手順
		初期化する
		明るさは0
	終わり

	初期化する手順
	//この手順は自動生成されたものです
	//編集しないでください
	この内容は「マウスイベント手順」
	このドラッグドロップは○
	この内部領域大きさは｛300，300｝
ピクチャー1というピクチャーを作る
	その位置と大きさは｛123，88，39，37｝
	その背景色は「Red」
	この設計スケール比率は｛96,96｝
終わり

マウスカーソルが移動した時の手順
	ピクチャー1の横は、イベントの横座標-(ピクチャー1の幅÷2)
	ピクチャー1の縦は、イベントの縦座標-(ピクチャー1の高さ÷2)
終わり
マウスのホイールが移動した時の手順
	明るさにイベントのホイール移動量÷6を足す
	明るさが255以上なら、明るさは255
	明るさが0以下なら、明るさは0
	ピクチャー1の背景色は、RGB（｛255,明るさ,明るさ｝）
終わり
ピクチャー1がマウスのボタンが押された時の手順
	イベントのボタンが「左ボタン」なら
		ピクチャー1の背景色は「青」
	他でイベントのボタンが「右ボタン」なら
		ピクチャー1の背景色は「緑」
	そして
終わり
終わり","// マウスイベントの例 //
メイン画面を表示する
色番号は0
待機する

メイン画面とは

ウィンドウを継承する
    はじめ手順
        初期化する
        明るさは0
        終わり

        初期化する手順
        //この手順は自動生成されたものです
        //編集しないでください
        この内容は「マウスイベント手順」
        このドラッグドロップは○
        この内部領域大きさは｛300，300｝
ピクチャー1というピクチャーを作る
        その位置と大きさは｛123，88，39，37｝
        その背景色は「Red」
        この設計スケール比率は｛96,96｝
終わり

マウスカーソルが移動した時の手順
        ピクチャー1の横は、イベントの横座標-(ピクチャー1の幅÷2)
        ピクチャー1の縦は、イベントの縦座標-(ピクチャー1の高さ÷2)
終わり
マウスのホイールが移動した時の手順
        明るさにイベントのホイール移動量÷6を足す
        明るさが255以上なら、明るさは255
        明るさが0以下なら、明るさは0
        ピクチャー1の背景色は、RGB（｛255,明るさ,明るさ｝）
終わり
ピクチャー1がマウスのボタンが押された時の手順
        イベントのボタンが「左ボタン」なら
        ピクチャー1の背景色は「青」
        他でイベントのボタンが「右ボタン」なら
        ピクチャー1の背景色は「緑」
        そして
終わり"
8,3,C,マクロの実行.rdr,"ーー// エクセルのマクロ実行 //
ーーワークブックに作成されたマクロを実行します
ーーあらかじめVisual Basic Editorなどでワークブックに
ーーマクロを作成する必要があります。

エクセルを起動する
エクセルで「マクロ.xlsm」を開く
対象ブックは、エクセルの選択ブック

ーーマクロを実行させます
対象ブックにある「TestMacro1」をマクロ実行する

ーー引数のマクロを実行させます
対象ブックにある「TestMacro2」を｛「こんにちは!」｝で、マクロ実行する

対象ブックを閉じる
エクセルのワークブック一覧の個数が0なら、エクセルを終了する","ーー// エクセルのマクロ実行 //
ーーワークブックに作成されたマクロを実行します
ーーあらかじめVisual Basic Editorなどでワークブックに
ーーマクロを作成する必要があります。

エクセルを起動する
エクセルで「マクロ.xlsm」を開く
対象ブックは、エクセルの選択ブック

ーーマクロを実行させます
対象ブックにある「---」をマクロ実行する

ーー引数のマクロを実行させます
対象ブックにある「---」を｛「こんにちは!」｝で、マクロ実行する

対象ブックを閉じる
エクセルのワークブック一覧の個数が0なら、エクセルを終了する"
8,3,C,入力値検証.rdr,"// 入力値の検証(バリデーション) //
登録画面を表示する
待機する

登録画面とは
	ウィンドウを継承する

	はじめの手順
		初期化する
	終わり

	初期化する手順
ーー//この手順は自動生成されたものです
ーー//編集しないでください
	この内部領域大きさを｛284、240｝に変える
	この種類を「固定」に変える
	この最大化ボタンを×に変える
	この最小化ボタンを×に変える
	この初期位置を「中央」に変える
	この内容を「登録画面 (値検証のテスト)」に変える
	このドラッグドロップを○に変える
	ラベル4というラベルを作る
		その内容を「名前(ふりがな)」に変える
		その移動順を6に変える
		その位置と大きさを｛24、140、75、12｝に変える
	""ふりがな欄""というテキストを作る
		その内容を「ぷろでる」に変える
		その移動順を7に変える
		その位置と大きさを｛113、137、150、19｝に変える
	ラベル3というラベルを作る
		その内容を「郵便番号(&P)」に変える
		その移動順を4に変える
		その位置と大きさを｛24、105、68、12｝に変える
	""郵便番号欄""というテキストを作る
		その内容を「123-1234」に変える
		その移動順を5に変える
		その位置と大きさを｛113、102、150、19｝に変える
	キャンセルボタンというボタンを作る
		その内容を「キャンセル」に変える
		その移動順を9に変える
		その位置と大きさを｛188、198、75、23｝に変える
	OKボタンというボタンを作る
		その内容を「OK」に変える
		その移動順を8に変える
		その位置と大きさを｛100、198、75、23｝に変える
	ラベル2というラベルを作る
		その内容を「電話番号(&T)」に変える
		その移動順を2に変える
		その位置と大きさを｛24、67、68、12｝に変える
	ラベル1というラベルを作る
		その内容を「メールアドレス(&E)」に変える
		その移動順を3に変える
		その位置と大きさを｛24、33、84、12｝に変える
	""電話番号欄""というテキストを作る
		その内容を「03-1234-1234」に変える
		その移動順を3に変える
		その位置と大きさを｛113、64、150、19｝に変える
	メールアドレス欄というテキストを作る
		その内容を「a@abc.ne.jp」に変える
		その移動順を1に変える
		その位置と大きさを｛113、30、150、19｝に変える
	この決定ボタンをOKボタンに変える
	この取消ボタンをキャンセルボタンに変える
	この設計スケール比率を｛96,96｝に変える
終わり

	メールアドレス欄が検証する時の手順
		メールアドレス欄の内容の文字数が0なら、抜け出す
		正規表現によってメールアドレス欄の内容が「.+@.+\.」に合致しなければ
			メールアドレス欄へ「メールアドレスが不適切です」を指摘させる
			イベントのキャンセルは、○
		そして
	終わり
	メールアドレス欄が検証された時の手順
		メールアドレス欄へ無を指摘させる
	終わり
	電話番号欄が検証する時の手順
		電話番号欄の内容の文字数が0なら、抜け出す
		正規表現によって電話番号欄の内容が「\d+\-\d+\-\d+」に合致しなければ
			電話番号欄へ「電話番号が不適切です」を指摘させる
			イベントのキャンセルは、○
		そして
	終わり
	電話番号欄が検証された時の手順
		電話番号欄へ無を指摘させる
	終わり
	郵便番号欄が検証する時の手順
		郵便番号欄の内容の文字数が0なら、抜け出す
		正規表現によって郵便番号欄の内容が「\d{3}-\d{4}」に合致しなければ
			郵便番号欄へ「郵便番号が不適切です」を指摘させる
			イベントのキャンセルは、○
		そして
	終わり
	郵便番号欄が検証された時の手順
		郵便番号欄へ無を指摘させる
	終わり
	ふりがな欄が検証する時の手順
		ふりがな欄の内容の文字数が0なら、抜け出す
		正規表現によってふりがな欄の内容が「^[[]あ-を[]]+$」に合致しなければ
			ふりがな欄へ「ふりがなが不適切です」を指摘させる
			イベントのキャンセルは、○
		そして
	終わり
	ふりがな欄が検証された時の手順
		ふりがな欄へ無を指摘させる
	終わり
	
	OKボタンがクリックされた時の手順
		閉じる
	終わり

	キャンセルボタンがクリックされた時の手順
		閉じる
	終わり

終わり","// 入力値の検証(バリデーション) //
登録画面を表示する
待機する

登録画面とは
    ウィンドウを継承する

    はじめの手順
        初期化する
    終わり

    初期化する手順
---//この手順は自動生成されたものです
---//編集しないでください
    この内部領域大きさを｛284、240｝に変える
    この種類を「固定」に変える
    この最大化ボタンを×に変える
    この最小化ボタンを×に変える
    この初期位置を「中央」に変える
    この内容を「登録画面 (値検証のテスト)」に変える
    このドラッグドロップを○に変える
    ラベル4というラベルを作る
        その内容を「名前(ふりがな)」に変える
        その移動順を6に変える
        その位置と大きさを｛24、140、75、12｝に変える
    ""ふりがな欄""というテキストを作る
        その内容を「ぷろでる」に変える
        その移動順を7に変える
        その位置と大きさを｛113、137、150、19｝に変える
    ラベル3というラベルを作る
        その内容を「郵便番号(&P)」に変える
        その移動順を4に変える
        その位置と大きさを｛24、105、68、12｝に変える
    ""郵便番号欄""というテキストを作る
        その内容を「123-1234」に変える
        その移動順を5に変える
        その位置と大きさを｛113、102、150、19｝に変える
    キャンセルボタンというボタンを作る
        その内容を「キャンセル」に変える
        その移動順を9に変える
        その位置と大きさを｛188、198、75、23｝に変える
    OKボタンというボタンを作"
8,3,C,枝を利用した模様.rdr,"ーー 枝を利用した模様 ーー
窓というウィンドウを作る
窓の内容は「枝を利用した模様」
窓の背景色は、白

かめさんというカメを作る
かめさんを窓に表示する
かめさんの位置は｛140,130｝

４回、繰り返す
	かめさんが１８０だけ７回３００度、枝
	かめさんを９０だけ右へ回転させる
そして

窓を表示する
待機する","ーー 枝を利用した模様 ーー
窓というウィンドウを作る
窓の内容は「枝を利用した模様」
窓の背景色は、白

かめさんというカメを作る
かめさんを窓に表示する
かめさんの位置は｛140,130｝

--- 
    かめさんが１８０だけ７回３００度、枝
    かめさんを９０だけ右へ回転させる
---
    かめさんを９０だけ右へ回転させる
---
    かめさんを９０だけ右へ回転させる
---
    かめさんを９０だけ右へ回転させる
---
窓を表示する
待機する"
8,3,C,渦巻き.rdr,"ーー 渦巻きを描く ーー

窓としてウィンドウを作る
	その内容は「渦巻きを描く」
	それを表示する

かめさんというカメを作る
	その位置は｛30,220｝
かめさんを窓に表示する
かめさんの向きは0

長さは200

繰り返す
	長さが１０以下なら、繰り返しを抜け出す
	かめさんを前へ長さだけ進める
	かめさんを右へ８９度回転させる
	長さは、長さ－１
そして

待機する","ーー 渦巻きを描く ーー

窓としてウィンドウを作る
　　その内容は「渦巻きを描く」
　　それを表示する

かめさんというカメを作る
　　その位置は｛30,220｝
かめさんを窓に表示する
かめさんの向きは0

長さは200

---
　　長さが１０以下なら、---
　　かめさんを前へ長さだけ進める
　　かめさんを右へ８９度回転させる
　　長さは、長さ－１
---
　　そして"
8,3,C,風車.rdr,"﻿//風車//
窓というウィンドウを作る
窓の内容は「かめ」
窓の背景色は「白」
窓を表示する

かめさんというカメを作る
かめさんの位置は｛100,100｝
かめさんを窓に表示する
かめさんの速さは2

//ここにプログラムを書きましょう
かめさんの色は「#80FFFF」
かめさんの太さは5


8回、繰り返す
	かめさんを150度、回転させる
	かめさんを100だけ、進める
	かめさんを150度、回転させる
	かめさんを100だけ、進める
	かめさんを105度、回転させる
	かめさんを45だけ、進める
そして

待機する",
8,4,D,かえるの歌.rdr,"「ド4レミファ　ミレド2
ミ4ファソラ　ソファミ2
ド4休ド休　　ド休ド休
ド8ドレレ　　ミミファファ
ミ4レド2」を演奏する","「ド4レミファ　ミレド2
ミ4ファソラ　ソファミ2
ド4休ド休　　ド休ド休
ド8ドレレ　　ミミファファ
ミ4レド2」を演奏する"
8,4,D,コッホ.rdr,"ーー コッホを描く ーー

窓というウィンドウを作る
	その内容は「コッホを描く」
窓を表示する
ピクチャー１というピクチャーを窓に作る
	その位置と大きさは｛0,0,300,300｝

かめさんというカメを作る
かめさんを窓のピクチャー１に表示する

次数は4
長さは2
かめさんの位置は{150，180}
かめさんの向きは0
３回、数に１からカウントして繰り返す
	（次数）回、長さで、コッホを描く
	かめさんを左へ１２０度回転させる
そして

待機する

【次数】回、【長さ】で、コッホを、描く手順
	次数が０なら
		かめさんを前へ長さだけ進める
	他なら
		次数－１回、長さで、コッホを描く
		かめさんを右へ６０度回転させる
		次数－１回、長さで、コッホを描く
		かめさんを左へ１２０度回転させる
		次数－１回、長さで、コッホを描く
		かめさんを右へ６０度回転させる
		次数－１回、長さで、コッホを描く
	そして
終わり","ーー コッホを描く ーー

窓というウィンドウを作る
　　その内容は「コッホを描く」
窓を表示する
ピクチャー１というピクチャーを窓に作る
　　その位置と大きさは｛0,0,300,300｝

かめさんというカメを作る
かめさんを窓のピクチャー１に表示する

次数は4
長さは2
かめさんの位置は{150，180}
かめさんの向きは0
３回、数に１からカウントして繰り返す
　　（次数）回、長さで、コッホを描く
　　かめさんを左へ１２０度回転させる
そして

待機する

【次数】回、【長さ】で、コッホを、描く手順
　　次数が０なら
　　　　かめさんを前へ長さだけ進める
　　他なら
　　　　次数－１回、長さで、コッホを描く
　　　　かめさんを右へ６０度回転させる
　　　　次数－１回、長さで、コッホを描く
　　　　かめさんを左へ１２０度回転させる
　　　　次数－１回、長さで、コッホを描く
　　　　かめさんを右へ６０度回転させる
　　　　次数－１回、長さで、コッホを描く
　　　　かめさんを左へ１２０度回転させる
　　　　次数－１回、長さで、コッホを描く
　　　　かめさんを右へ６０度回転させる
　　　　次数－１回、長さで、コッホを描く
　　　　かめさんを左へ１２０度回転させる"
8,4,D,テキスト検索.rdr,"// テキスト検索 //
//フォルダ内のテキストファイルからキーワード検索するプログラム
メイン画面を表示する
待機する

メイン画面とは
ウィンドウを継承する

はじめ手順
	初期化する
	この決定ボタンは、検索ボタン
	フォルダ場所欄の内容は、プログラムのフォルダ
終わり

初期化する手順
//この手順は自動生成されたものです
//編集しないでください
	この内容は「テキスト検索」
	このドラッグドロップは○
	この位置と大きさは｛15，15，506，345｝
	この内部領域大きさは｛498，311｝
	参照ボタンというボタンを作る
		その内容は「...」
		その移動順は7
		その位置と大きさは｛432，15，23，23｝
		その位置固定方向は「右＋上」
	フォルダ場所欄というテキストを作る
		その移動順は6
		その位置と大きさは｛107，19，319，19｝
		その位置固定方向は「右＋左＋上」
	ラベル2というラベルを作る
		その内容は「フォルダの場所(&F)」
		その移動順は5
		その位置と大きさは｛12，22，89，12｝
	リストビュー1というリストビューを作る
		その移動順は4
		その位置と大きさは｛12，91，474，189｝
		そのフォントサイズは11
		その位置固定方向は「右＋左＋下＋上」
		その表示方法は「詳細」
		その全列選択は○
		その見出し一覧は｛「ファイル名」，「場所」，「文字位置」｝
		その見出し幅は｛174，117，106｝
		そのタイルサイズは｛0，0｝
	検索ボタンというボタンを作る
		その内容は「検索」
		その移動順は3
		その位置と大きさは｛380，50，75，23｝
		その位置固定方向は「右＋上」
	キーワード欄というテキストを作る
		その移動順は2
		その位置と大きさは｛73，52，301，19｝
		その位置固定方向は「右＋左＋上」
	ラベル1というラベルを作る
		その内容は「キーワード」
		その移動順は1
		その位置と大きさは｛14，55，53，12｝
	ステータスバー1というステータスバーを作る
		その内容は「ステータスバー1」
		その移動順は8
		その位置と大きさは｛0，289，498，22｝
		状態ラベルという状況ラベル部品をステータスバー1へ作る
			その文字配置は「左」
			その引き伸ばしは○
	この設計スケール比率は｛96,96｝
終わり

検索ボタンがクリックされた時の手順
	対象フォルダは、フォルダ場所欄の内容
	キーワードは、キーワード欄の内容

	検索ボタンの使用可能は×
	状態ラベルの内容は「検索中...」
	0秒待つ
	一覧は、対象フォルダのファイルの全一覧
	リストビュー1を更新開始する
	リストビュー1をすべて消す
	一覧のすべてのファイル名についてそれぞれ繰り返す
		ファイル名の拡張子だけが「exe」なら、繰り返しを続ける
		【内容】は（対象フォルダのフォルダだけ）＆ファイル名から読み込んだもの
		内容が無なら、繰り返しを続ける
		文字位置は、内容:キーワードを探したもの
		文字位置が0でないなら
			項目は、ファイル名のファイル名だけをリストビュー1に加えたもの
			項目の詳細は｛ファイル名のフォルダだけ、文字位置、（対象フォルダのフォルダだけ）＆ファイル名｝
		そして
	そして
	リストビュー1を更新終了する
	検索ボタンの使用可能は○
	リストビュー1の個数が0なら
		状態ラベルの内容は「見つかりません」
	でなければ
		状態ラベルの内容は「[リストビュー1の個数]件、見つかりました」
	そして
終わり

参照ボタンがクリックされた時の手順
	フォルダ選択画面のフォルダ名は、フォルダ場所欄の内容
	フォルダ選択画面を表示する
	フォルダ選択画面のキャンセルなら抜け出す
	フォルダ場所欄の内容は、フォルダ選択画面のフォルダ名
終わり


リストビュー1がダブルクリックされた時の手順
	配列は、リストビュー１の選択項目の詳細
	ファイル名は、配列（4）
	「explorer」を「/select,""［ファイル名］""」として起動する
終わり

終わり

プレビュー画面とは
ウィンドウを継承する

はじめ手順
	初期化する
終わり

初期化する手順
//この手順は自動生成されたものです
//編集しないでください
	この内容は「プレビュー画面」
	このドラッグドロップは○
	この位置と大きさは｛15，15，300，300｝
文章テキスト1という文章テキストを作る
	その位置と大きさは｛0，0，292，266｝
	その文字サイズは14
	そのドッキング方向は「全体」
終わり

[自分]で、[ファイル名]を、開く手順
	【内容】は（ファイル名から読み込んだもの）
	内容は、内容で（13のキャラクタ）を改行へ置き換えたもの
	文章テキスト1の内容は、内容
終わり

終わり","// テキスト検索 //
//フォルダ内のテキストファイルからキーワード検索するプログラム
メイン画面を表示する
待機する"
8,4,D,バイナリファイル.rdr,"ーーバイナリファイルの読み込みと書き込み
ファイル名は「［デスクトップ］データ.bin」

ーーバイナリ操作でファイルを作成する
書き込みデータというバイナリファイルを作る
書き込みデータにファイル名を書き込み専用で開く
書き込みデータへ65を書き込む
書き込みデータへ｛66,66,68｝を一括で書き込む
書き込みデータを閉じる

ーーバイナリ操作でファイルを読み込む
読み込みファイルというバイナリファイルを作る
読み込みファイルへファイル名を読み取り専用で開く
（読み込みファイルから読み取ったもの）を表示する
読み込みファイルを閉じる","ーーバイナリファイルの読み込みと書き込み
ファイル名は「［デスクトップ］データ.bin」

ーーバイナリ操作でファイルを作成する
書き込みデータというバイナリファイルを作る
書き込みデータにファイル名を---で開く
書き込みデータへ65を---する
書き込みデータへ｛66,66,68｝を一括で---する
書き込みデータを---する

ーーバイナリ操作でファイルを読み込む
読み込みファイルというバイナリファイルを作る
読み込みファイルへファイル名を---で開く
（読み込みファイルから読み取ったもの）を---する
読み込みファイルを---する"
8,4,D,マウスイベント手順.rdr,"// マウスイベントの例 //
メイン画面を表示する
色番号は0
待機する

メイン画面とは

ウィンドウを継承する
	はじめ手順
		初期化する
		明るさは0
	終わり

	初期化する手順
	//この手順は自動生成されたものです
	//編集しないでください
	この内容は「マウスイベント手順」
	このドラッグドロップは○
	この内部領域大きさは｛300，300｝
ピクチャー1というピクチャーを作る
	その位置と大きさは｛123，88，39，37｝
	その背景色は「Red」
	この設計スケール比率は｛96,96｝
終わり

マウスカーソルが移動した時の手順
	ピクチャー1の横は、イベントの横座標-(ピクチャー1の幅÷2)
	ピクチャー1の縦は、イベントの縦座標-(ピクチャー1の高さ÷2)
終わり
マウスのホイールが移動した時の手順
	明るさにイベントのホイール移動量÷6を足す
	明るさが255以上なら、明るさは255
	明るさが0以下なら、明るさは0
	ピクチャー1の背景色は、RGB（｛255,明るさ,明るさ｝）
終わり
ピクチャー1がマウスのボタンが押された時の手順
	イベントのボタンが「左ボタン」なら
		ピクチャー1の背景色は「青」
	他でイベントのボタンが「右ボタン」なら
		ピクチャー1の背景色は「緑」
	そして
終わり
終わり","// マウスイベントの例 //
メイン画面を表示する
色番号は0
待機する

メイン画面とは

ウィンドウを継承する
	はじめ手順
		初期化する
		明るさは0
	終わり

	初期化する手順
	//この手順は自動生成されたものです
	//編集しないでください
	この内容は「マウスイベント手順」
	このドラッグドロップは○
	この内部領域大きさは｛300，300｝
ピクチャー1というピクチャーを作る
	その位置と大きさは｛123，88，39，37｝
	その背景色は「Red」
	この設計スケール比率は｛96,96｝
終わり

マウスカーソルが移動した時の手順
	ピクチャー1の横は、イベントの横座標-(ピクチャー1の幅÷2)
	ピクチャー1の縦は、イベントの縦座標-(ピクチャー1の高さ÷2)
終わり
マウスのホイールが移動した時の手順
	明るさにイベントのホイール移動量÷6を足す
	明るさが255以上なら、明るさは255
	明るさが0以下なら、明るさは0
	ピクチャー1の背景色は、RGB（｛255,明るさ,明るさ｝）
終わり
ピクチャー1がマウスのボタンが押された時の手順
	イベントのボタンが「左ボタン」なら
		ピクチャー1の背景色は「青」
	他でイベントのボタンが「右ボタン」なら
		ピクチャー1の背景色は「緑」
	そして
終わり
終わり"
8,4,D,マクロの実行.rdr,"ーー// エクセルのマクロ実行 //
ーーワークブックに作成されたマクロを実行します
ーーあらかじめVisual Basic Editorなどでワークブックに
ーーマクロを作成する必要があります。

エクセルを起動する
エクセルで「マクロ.xlsm」を開く
対象ブックは、エクセルの選択ブック

ーーマクロを実行させます
対象ブックにある「TestMacro1」をマクロ実行する

ーー引数のマクロを実行させます
対象ブックにある「TestMacro2」を｛「こんにちは!」｝で、マクロ実行する

対象ブックを閉じる
エクセルのワークブック一覧の個数が0なら、エクセルを終了する","ーー// エクセルのマクロ実行 //
ーーワークブックに作成されたマクロを実行します
ーーあらかじめVisual Basic Editorなどでワークブックに
ーーマクロを作成する必要があります。

エクセルを起動する
エクセルで「---」を開く
対象ブックは、エクセルの選択ブック

ーーマクロを実行させます
対象ブックにある「---」を---で、マクロ実行する

対象ブックを閉じる
エクセルのワークブック一覧の個数が0なら、エクセルを終了する"
8,4,D,入力値検証.rdr,"// 入力値の検証(バリデーション) //
登録画面を表示する
待機する

登録画面とは
	ウィンドウを継承する

	はじめの手順
		初期化する
	終わり

	初期化する手順
ーー//この手順は自動生成されたものです
ーー//編集しないでください
	この内部領域大きさを｛284、240｝に変える
	この種類を「固定」に変える
	この最大化ボタンを×に変える
	この最小化ボタンを×に変える
	この初期位置を「中央」に変える
	この内容を「登録画面 (値検証のテスト)」に変える
	このドラッグドロップを○に変える
	ラベル4というラベルを作る
		その内容を「名前(ふりがな)」に変える
		その移動順を6に変える
		その位置と大きさを｛24、140、75、12｝に変える
	""ふりがな欄""というテキストを作る
		その内容を「ぷろでる」に変える
		その移動順を7に変える
		その位置と大きさを｛113、137、150、19｝に変える
	ラベル3というラベルを作る
		その内容を「郵便番号(&P)」に変える
		その移動順を4に変える
		その位置と大きさを｛24、105、68、12｝に変える
	""郵便番号欄""というテキストを作る
		その内容を「123-1234」に変える
		その移動順を5に変える
		その位置と大きさを｛113、102、150、19｝に変える
	キャンセルボタンというボタンを作る
		その内容を「キャンセル」に変える
		その移動順を9に変える
		その位置と大きさを｛188、198、75、23｝に変える
	OKボタンというボタンを作る
		その内容を「OK」に変える
		その移動順を8に変える
		その位置と大きさを｛100、198、75、23｝に変える
	ラベル2というラベルを作る
		その内容を「電話番号(&T)」に変える
		その移動順を2に変える
		その位置と大きさを｛24、67、68、12｝に変える
	ラベル1というラベルを作る
		その内容を「メールアドレス(&E)」に変える
		その移動順を3に変える
		その位置と大きさを｛24、33、84、12｝に変える
	""電話番号欄""というテキストを作る
		その内容を「03-1234-1234」に変える
		その移動順を3に変える
		その位置と大きさを｛113、64、150、19｝に変える
	メールアドレス欄というテキストを作る
		その内容を「a@abc.ne.jp」に変える
		その移動順を1に変える
		その位置と大きさを｛113、30、150、19｝に変える
	この決定ボタンをOKボタンに変える
	この取消ボタンをキャンセルボタンに変える
	この設計スケール比率を｛96,96｝に変える
終わり

	メールアドレス欄が検証する時の手順
		メールアドレス欄の内容の文字数が0なら、抜け出す
		正規表現によってメールアドレス欄の内容が「.+@.+\.」に合致しなければ
			メールアドレス欄へ「メールアドレスが不適切です」を指摘させる
			イベントのキャンセルは、○
		そして
	終わり
	メールアドレス欄が検証された時の手順
		メールアドレス欄へ無を指摘させる
	終わり
	電話番号欄が検証する時の手順
		電話番号欄の内容の文字数が0なら、抜け出す
		正規表現によって電話番号欄の内容が「\d+\-\d+\-\d+」に合致しなければ
			電話番号欄へ「電話番号が不適切です」を指摘させる
			イベントのキャンセルは、○
		そして
	終わり
	電話番号欄が検証された時の手順
		電話番号欄へ無を指摘させる
	終わり
	郵便番号欄が検証する時の手順
		郵便番号欄の内容の文字数が0なら、抜け出す
		正規表現によって郵便番号欄の内容が「\d{3}-\d{4}」に合致しなければ
			郵便番号欄へ「郵便番号が不適切です」を指摘させる
			イベントのキャンセルは、○
		そして
	終わり
	郵便番号欄が検証された時の手順
		郵便番号欄へ無を指摘させる
	終わり
	ふりがな欄が検証する時の手順
		ふりがな欄の内容の文字数が0なら、抜け出す
		正規表現によってふりがな欄の内容が「^[[]あ-を[]]+$」に合致しなければ
			ふりがな欄へ「ふりがなが不適切です」を指摘させる
			イベントのキャンセルは、○
		そして
	終わり
	ふりがな欄が検証された時の手順
		ふりがな欄へ無を指摘させる
	終わり
	
	OKボタンがクリックされた時の手順
		閉じる
	終わり

	キャンセルボタンがクリックされた時の手順
		閉じる
	終わり

終わり","// 入力値の検証(バリデーション) //
登録画面を表示する
待機する"
8,4,D,枝を利用した模様.rdr,"ーー 枝を利用した模様 ーー
窓というウィンドウを作る
窓の内容は「枝を利用した模様」
窓の背景色は、白

かめさんというカメを作る
かめさんを窓に表示する
かめさんの位置は｛140,130｝

４回、繰り返す
	かめさんが１８０だけ７回３００度、枝
	かめさんを９０だけ右へ回転させる
そして

窓を表示する
待機する","ーー 枝を利用した模様 ーー
窓というウィンドウを作る
窓の内容は「---」
窓の背景色は、白

かめさんというカメを作る
かめさんを窓に表示する
かめさんの位置は｛140,130｝

４回、繰り返す
	かめさんが１８０だけ７回３００度、---
	かめさんを９０だけ右へ回転させる
そして

窓を表示する
待機する"
8,4,D,渦巻き.rdr,"ーー 渦巻きを描く ーー

窓としてウィンドウを作る
	その内容は「渦巻きを描く」
	それを表示する

かめさんというカメを作る
	その位置は｛30,220｝
かめさんを窓に表示する
かめさんの向きは0

長さは200

繰り返す
	長さが１０以下なら、繰り返しを抜け出す
	かめさんを前へ長さだけ進める
	かめさんを右へ８９度回転させる
	長さは、長さ－１
そして

待機する","ーー --- を描く ーー

窓としてウィンドウを作る
    その内容は「--- を描く」
    それを表示する

かめさんというカメを作る
    その位置は｛30,220｝
かめさんを窓に表示する
かめさんの向きは0

長さは200

繰り返す
    長さが１０以下なら、繰り返しを抜け出す
    かめさんを前へ長さだけ進める
    かめさんを右へ89度回転させる
    長さは、長さ－1
そして"
8,4,D,風車.rdr,"﻿//風車//
窓というウィンドウを作る
窓の内容は「かめ」
窓の背景色は「白」
窓を表示する

かめさんというカメを作る
かめさんの位置は｛100,100｝
かめさんを窓に表示する
かめさんの速さは2

//ここにプログラムを書きましょう
かめさんの色は「#80FFFF」
かめさんの太さは5


8回、繰り返す
	かめさんを150度、回転させる
	かめさんを100だけ、進める
	かめさんを150度、回転させる
	かめさんを100だけ、進める
	かめさんを105度、回転させる
	かめさんを45だけ、進める
そして

待機する","assistant

//風車//
窓というウィンドウを作る
窓の内容は「かめ」
窓の背景色は「白」
窓を表示する

かめさんというカメを作る
かめさんの位置は｛100,100｝
かめさんを窓に表示する
かめさんの速さは2"
8,5,E,かえるの歌.rdr,"「ド4レミファ　ミレド2
ミ4ファソラ　ソファミ2
ド4休ド休　　ド休ド休
ド8ドレレ　　ミミファファ
ミ4レド2」を演奏する",「---」を演奏する
8,5,E,コッホ.rdr,"ーー コッホを描く ーー

窓というウィンドウを作る
	その内容は「コッホを描く」
窓を表示する
ピクチャー１というピクチャーを窓に作る
	その位置と大きさは｛0,0,300,300｝

かめさんというカメを作る
かめさんを窓のピクチャー１に表示する

次数は4
長さは2
かめさんの位置は{150，180}
かめさんの向きは0
３回、数に１からカウントして繰り返す
	（次数）回、長さで、コッホを描く
	かめさんを左へ１２０度回転させる
そして

待機する

【次数】回、【長さ】で、コッホを、描く手順
	次数が０なら
		かめさんを前へ長さだけ進める
	他なら
		次数－１回、長さで、コッホを描く
		かめさんを右へ６０度回転させる
		次数－１回、長さで、コッホを描く
		かめさんを左へ１２０度回転させる
		次数－１回、長さで、コッホを描く
		かめさんを右へ６０度回転させる
		次数－１回、長さで、コッホを描く
	そして
終わり","ーー コッホを描く ーー

窓というウィンドウを作る
	その内容は「コッホを描く」
窓を表示する
ピクチャー１というピクチャーを窓に作る
	その位置と大きさは｛0,0,300,300｝

かめさんというカメを作る
かめさんを窓のピクチャー１に表示する

次数は4
長さは2
かめさんの位置は{150，180}
かめさんの向きは0
３回、数に１からカウントして繰り返す
	（次数）回、長さで、コッホを描く
	かめさんを左へ１２０度回転させる
そして

待機する"
8,5,E,テキスト検索.rdr,"// テキスト検索 //
//フォルダ内のテキストファイルからキーワード検索するプログラム
メイン画面を表示する
待機する

メイン画面とは
ウィンドウを継承する

はじめ手順
	初期化する
	この決定ボタンは、検索ボタン
	フォルダ場所欄の内容は、プログラムのフォルダ
終わり

初期化する手順
//この手順は自動生成されたものです
//編集しないでください
	この内容は「テキスト検索」
	このドラッグドロップは○
	この位置と大きさは｛15，15，506，345｝
	この内部領域大きさは｛498，311｝
	参照ボタンというボタンを作る
		その内容は「...」
		その移動順は7
		その位置と大きさは｛432，15，23，23｝
		その位置固定方向は「右＋上」
	フォルダ場所欄というテキストを作る
		その移動順は6
		その位置と大きさは｛107，19，319，19｝
		その位置固定方向は「右＋左＋上」
	ラベル2というラベルを作る
		その内容は「フォルダの場所(&F)」
		その移動順は5
		その位置と大きさは｛12，22，89，12｝
	リストビュー1というリストビューを作る
		その移動順は4
		その位置と大きさは｛12，91，474，189｝
		そのフォントサイズは11
		その位置固定方向は「右＋左＋下＋上」
		その表示方法は「詳細」
		その全列選択は○
		その見出し一覧は｛「ファイル名」，「場所」，「文字位置」｝
		その見出し幅は｛174，117，106｝
		そのタイルサイズは｛0，0｝
	検索ボタンというボタンを作る
		その内容は「検索」
		その移動順は3
		その位置と大きさは｛380，50，75，23｝
		その位置固定方向は「右＋上」
	キーワード欄というテキストを作る
		その移動順は2
		その位置と大きさは｛73，52，301，19｝
		その位置固定方向は「右＋左＋上」
	ラベル1というラベルを作る
		その内容は「キーワード」
		その移動順は1
		その位置と大きさは｛14，55，53，12｝
	ステータスバー1というステータスバーを作る
		その内容は「ステータスバー1」
		その移動順は8
		その位置と大きさは｛0，289，498，22｝
		状態ラベルという状況ラベル部品をステータスバー1へ作る
			その文字配置は「左」
			その引き伸ばしは○
	この設計スケール比率は｛96,96｝
終わり

検索ボタンがクリックされた時の手順
	対象フォルダは、フォルダ場所欄の内容
	キーワードは、キーワード欄の内容

	検索ボタンの使用可能は×
	状態ラベルの内容は「検索中...」
	0秒待つ
	一覧は、対象フォルダのファイルの全一覧
	リストビュー1を更新開始する
	リストビュー1をすべて消す
	一覧のすべてのファイル名についてそれぞれ繰り返す
		ファイル名の拡張子だけが「exe」なら、繰り返しを続ける
		【内容】は（対象フォルダのフォルダだけ）＆ファイル名から読み込んだもの
		内容が無なら、繰り返しを続ける
		文字位置は、内容:キーワードを探したもの
		文字位置が0でないなら
			項目は、ファイル名のファイル名だけをリストビュー1に加えたもの
			項目の詳細は｛ファイル名のフォルダだけ、文字位置、（対象フォルダのフォルダだけ）＆ファイル名｝
		そして
	そして
	リストビュー1を更新終了する
	検索ボタンの使用可能は○
	リストビュー1の個数が0なら
		状態ラベルの内容は「見つかりません」
	でなければ
		状態ラベルの内容は「[リストビュー1の個数]件、見つかりました」
	そして
終わり

参照ボタンがクリックされた時の手順
	フォルダ選択画面のフォルダ名は、フォルダ場所欄の内容
	フォルダ選択画面を表示する
	フォルダ選択画面のキャンセルなら抜け出す
	フォルダ場所欄の内容は、フォルダ選択画面のフォルダ名
終わり


リストビュー1がダブルクリックされた時の手順
	配列は、リストビュー１の選択項目の詳細
	ファイル名は、配列（4）
	「explorer」を「/select,""［ファイル名］""」として起動する
終わり

終わり

プレビュー画面とは
ウィンドウを継承する

はじめ手順
	初期化する
終わり

初期化する手順
//この手順は自動生成されたものです
//編集しないでください
	この内容は「プレビュー画面」
	このドラッグドロップは○
	この位置と大きさは｛15，15，300，300｝
文章テキスト1という文章テキストを作る
	その位置と大きさは｛0，0，292，266｝
	その文字サイズは14
	そのドッキング方向は「全体」
終わり

[自分]で、[ファイル名]を、開く手順
	【内容】は（ファイル名から読み込んだもの）
	内容は、内容で（13のキャラクタ）を改行へ置き換えたもの
	文章テキスト1の内容は、内容
終わり

終わり","【タスク: カテゴリE（ドメイン固有）に基づく空欄化】
以下の特定用途向け命令を「---」に置換してください。それ以外は変更しないでください。

1. 描画・GUI: カメ〜、描画、ボタン
2. インタラクション: クリック
3. 通信・その他: 通信、グラフ、Ajax"
8,5,E,バイナリファイル.rdr,"ーーバイナリファイルの読み込みと書き込み
ファイル名は「［デスクトップ］データ.bin」

ーーバイナリ操作でファイルを作成する
書き込みデータというバイナリファイルを作る
書き込みデータにファイル名を書き込み専用で開く
書き込みデータへ65を書き込む
書き込みデータへ｛66,66,68｝を一括で書き込む
書き込みデータを閉じる

ーーバイナリ操作でファイルを読み込む
読み込みファイルというバイナリファイルを作る
読み込みファイルへファイル名を読み取り専用で開く
（読み込みファイルから読み取ったもの）を表示する
読み込みファイルを閉じる","ーーバイナリファイルの読み込みと書き込み
ファイル名は「［デスクトップ］データ.bin」

ーーバイナリ操作でファイルを作成する
書き込みデータというバイナリファイルを作る
書き込みデータにファイル名を書き込み専用で開く
書き込みデータへ65を書き込む
書き込みデータへ｛66,66,68｝を一括で書き込む
書き込みデータを閉じる

ーーバイナリ操作でファイルを読み込む
読み込みファイルというバイナリファイルを作る
読み込みファイルへファイル名を読み取り専用で開く
（読み込みファイルから読み取ったもの）を表示する
読み込みファイルを閉じる"
8,5,E,マウスイベント手順.rdr,"// マウスイベントの例 //
メイン画面を表示する
色番号は0
待機する

メイン画面とは

ウィンドウを継承する
	はじめ手順
		初期化する
		明るさは0
	終わり

	初期化する手順
	//この手順は自動生成されたものです
	//編集しないでください
	この内容は「マウスイベント手順」
	このドラッグドロップは○
	この内部領域大きさは｛300，300｝
ピクチャー1というピクチャーを作る
	その位置と大きさは｛123，88，39，37｝
	その背景色は「Red」
	この設計スケール比率は｛96,96｝
終わり

マウスカーソルが移動した時の手順
	ピクチャー1の横は、イベントの横座標-(ピクチャー1の幅÷2)
	ピクチャー1の縦は、イベントの縦座標-(ピクチャー1の高さ÷2)
終わり
マウスのホイールが移動した時の手順
	明るさにイベントのホイール移動量÷6を足す
	明るさが255以上なら、明るさは255
	明るさが0以下なら、明るさは0
	ピクチャー1の背景色は、RGB（｛255,明るさ,明るさ｝）
終わり
ピクチャー1がマウスのボタンが押された時の手順
	イベントのボタンが「左ボタン」なら
		ピクチャー1の背景色は「青」
	他でイベントのボタンが「右ボタン」なら
		ピクチャー1の背景色は「緑」
	そして
終わり
終わり","// マウスイベントの例 //
メイン画面を表示する
色番号は0
待機する

メイン画面とは

ウィンドウを継承する
    はじめ手順
        初期化する
        明るさは0
        終わり

        初期化する手順
        //この手順は自動生成されたものです
        //編集しないでください
        この内容は「マウスイベント手順」
        このドラッグドロップは○
        この内部領域大きさは｛300，300｝
ピクチャー1というピクチャーを作る
        その位置と大きさは｛123，88，39，37｝
        その背景色は「Red」
        この設計スケール比率は｛96,96｝
終わり

マウスカーソルが移動した時の手順
        ピクチャー1の横は、イベントの横座標-(ピクチャー1の幅÷2)
        ピクチャー1の縦は、イベントの縦座標-(ピクチャー1の高さ÷2)
終わり
マウスのホイールが移動した時の手順
        明るさにイベントのホイール移動量÷6を足す
        明るさが255以上なら、明るさは255
        明るさが0以下なら、明るさは0
        ピクチャー1の背景色は、RGB（｛255,明るさ,明るさ｝）
終わり
ピクチャー1がマウスのボタンが押された時の手順
        イベントのボタンが「左ボタン」なら
        ピクチャー1の背景色は「青」
        他でイベントのボタンが「右ボタン」なら
        ピクチャー1の背景色は「緑」
        そして"
8,5,E,マクロの実行.rdr,"ーー// エクセルのマクロ実行 //
ーーワークブックに作成されたマクロを実行します
ーーあらかじめVisual Basic Editorなどでワークブックに
ーーマクロを作成する必要があります。

エクセルを起動する
エクセルで「マクロ.xlsm」を開く
対象ブックは、エクセルの選択ブック

ーーマクロを実行させます
対象ブックにある「TestMacro1」をマクロ実行する

ーー引数のマクロを実行させます
対象ブックにある「TestMacro2」を｛「こんにちは!」｝で、マクロ実行する

対象ブックを閉じる
エクセルのワークブック一覧の個数が0なら、エクセルを終了する","ーー// エクセルのマクロ実行 //
ーーワークブックに作成されたマクロを実行します
ーーあらかじめVisual Basic Editorなどでワークブックに
ーーマクロを作成する必要があります。

エクセルを起動する
エクセルで「---」を開く
対象ブックは、エクセルの選択ブック

ーーマクロを実行させます
対象ブックにある「---」をマクロ実行する

ーー引数のマクロを実行させます
対象ブックにある「---」を｛「---」｝で、マクロ実行する

対象ブックを閉じる
エクセルのワークブック一覧の個数が0なら、エクセルを終了する"
8,5,E,入力値検証.rdr,"// 入力値の検証(バリデーション) //
登録画面を表示する
待機する

登録画面とは
	ウィンドウを継承する

	はじめの手順
		初期化する
	終わり

	初期化する手順
ーー//この手順は自動生成されたものです
ーー//編集しないでください
	この内部領域大きさを｛284、240｝に変える
	この種類を「固定」に変える
	この最大化ボタンを×に変える
	この最小化ボタンを×に変える
	この初期位置を「中央」に変える
	この内容を「登録画面 (値検証のテスト)」に変える
	このドラッグドロップを○に変える
	ラベル4というラベルを作る
		その内容を「名前(ふりがな)」に変える
		その移動順を6に変える
		その位置と大きさを｛24、140、75、12｝に変える
	""ふりがな欄""というテキストを作る
		その内容を「ぷろでる」に変える
		その移動順を7に変える
		その位置と大きさを｛113、137、150、19｝に変える
	ラベル3というラベルを作る
		その内容を「郵便番号(&P)」に変える
		その移動順を4に変える
		その位置と大きさを｛24、105、68、12｝に変える
	""郵便番号欄""というテキストを作る
		その内容を「123-1234」に変える
		その移動順を5に変える
		その位置と大きさを｛113、102、150、19｝に変える
	キャンセルボタンというボタンを作る
		その内容を「キャンセル」に変える
		その移動順を9に変える
		その位置と大きさを｛188、198、75、23｝に変える
	OKボタンというボタンを作る
		その内容を「OK」に変える
		その移動順を8に変える
		その位置と大きさを｛100、198、75、23｝に変える
	ラベル2というラベルを作る
		その内容を「電話番号(&T)」に変える
		その移動順を2に変える
		その位置と大きさを｛24、67、68、12｝に変える
	ラベル1というラベルを作る
		その内容を「メールアドレス(&E)」に変える
		その移動順を3に変える
		その位置と大きさを｛24、33、84、12｝に変える
	""電話番号欄""というテキストを作る
		その内容を「03-1234-1234」に変える
		その移動順を3に変える
		その位置と大きさを｛113、64、150、19｝に変える
	メールアドレス欄というテキストを作る
		その内容を「a@abc.ne.jp」に変える
		その移動順を1に変える
		その位置と大きさを｛113、30、150、19｝に変える
	この決定ボタンをOKボタンに変える
	この取消ボタンをキャンセルボタンに変える
	この設計スケール比率を｛96,96｝に変える
終わり

	メールアドレス欄が検証する時の手順
		メールアドレス欄の内容の文字数が0なら、抜け出す
		正規表現によってメールアドレス欄の内容が「.+@.+\.」に合致しなければ
			メールアドレス欄へ「メールアドレスが不適切です」を指摘させる
			イベントのキャンセルは、○
		そして
	終わり
	メールアドレス欄が検証された時の手順
		メールアドレス欄へ無を指摘させる
	終わり
	電話番号欄が検証する時の手順
		電話番号欄の内容の文字数が0なら、抜け出す
		正規表現によって電話番号欄の内容が「\d+\-\d+\-\d+」に合致しなければ
			電話番号欄へ「電話番号が不適切です」を指摘させる
			イベントのキャンセルは、○
		そして
	終わり
	電話番号欄が検証された時の手順
		電話番号欄へ無を指摘させる
	終わり
	郵便番号欄が検証する時の手順
		郵便番号欄の内容の文字数が0なら、抜け出す
		正規表現によって郵便番号欄の内容が「\d{3}-\d{4}」に合致しなければ
			郵便番号欄へ「郵便番号が不適切です」を指摘させる
			イベントのキャンセルは、○
		そして
	終わり
	郵便番号欄が検証された時の手順
		郵便番号欄へ無を指摘させる
	終わり
	ふりがな欄が検証する時の手順
		ふりがな欄の内容の文字数が0なら、抜け出す
		正規表現によってふりがな欄の内容が「^[[]あ-を[]]+$」に合致しなければ
			ふりがな欄へ「ふりがなが不適切です」を指摘させる
			イベントのキャンセルは、○
		そして
	終わり
	ふりがな欄が検証された時の手順
		ふりがな欄へ無を指摘させる
	終わり
	
	OKボタンがクリックされた時の手順
		閉じる
	終わり

	キャンセルボタンがクリックされた時の手順
		閉じる
	終わり

終わり","// 入力値の検証(バリデーション) //
登録画面を表示する
待機する"
8,5,E,枝を利用した模様.rdr,"ーー 枝を利用した模様 ーー
窓というウィンドウを作る
窓の内容は「枝を利用した模様」
窓の背景色は、白

かめさんというカメを作る
かめさんを窓に表示する
かめさんの位置は｛140,130｝

４回、繰り返す
	かめさんが１８０だけ７回３００度、枝
	かめさんを９０だけ右へ回転させる
そして

窓を表示する
待機する","ーー 枝を利用した模様 ーー
窓というウィンドウを作る
窓の内容は「枝を利用した模様」
窓の背景色は、白

かめさんというカメを作る
かめさんを窓に表示する
かめさんの位置は｛140,130｝

４回、繰り返す
	かめさんが１８０だけ７回３００度、枝
	かめさんを９０だけ右へ回転させる
そして

窓を表示する
待機する"
8,5,E,渦巻き.rdr,"ーー 渦巻きを描く ーー

窓としてウィンドウを作る
	その内容は「渦巻きを描く」
	それを表示する

かめさんというカメを作る
	その位置は｛30,220｝
かめさんを窓に表示する
かめさんの向きは0

長さは200

繰り返す
	長さが１０以下なら、繰り返しを抜け出す
	かめさんを前へ長さだけ進める
	かめさんを右へ８９度回転させる
	長さは、長さ－１
そして

待機する","ーー 渦巻きを描く ーー

窓としてウィンドウを作る
    その内容は「渦巻きを描く」
    それを表示する

かめさんというカメを作る
    その位置は｛30,220｝
かめさんを窓に表示する
かめさんの向きは0

長さは200

繰り返す
    長さが１０以下なら、繰り返しを抜け出す
    かめさんを前へ長さだけ進める
    かめさんを右へ８９度回転させる
    長さは、長さ－１
そして

待機する"
8,5,E,風車.rdr,"﻿//風車//
窓というウィンドウを作る
窓の内容は「かめ」
窓の背景色は「白」
窓を表示する

かめさんというカメを作る
かめさんの位置は｛100,100｝
かめさんを窓に表示する
かめさんの速さは2

//ここにプログラムを書きましょう
かめさんの色は「#80FFFF」
かめさんの太さは5


8回、繰り返す
	かめさんを150度、回転させる
	かめさんを100だけ、進める
	かめさんを150度、回転させる
	かめさんを100だけ、進める
	かめさんを105度、回転させる
	かめさんを45だけ、進める
そして

待機する",assistant
